amount,avg_amount,amount_ratio,max_amount,max_ratio,transactions_today,amount_today,transactions_1h,recipient_count,new_recipient,unusual_hour,high_velocity,graph_degree,recipient_seen,hour,fraud
1276.4274141555886,1445.568925231574,0.8829931190939999,5871.870322938538,0.21738004144424106,1,968.0979929176063,3,3,0,0,0,3,1,0,0
323.6595534305484,475.769579381025,0.6802863559532929,1323.7177393693757,0.2445079821811114,3,935.944138844571,1,0,1,0,0,5,0,4,0
542.1983554516339,627.1663094009632,0.864520857265936,2027.703427354147,0.2673952946655136,3,2303.1082662481126,1,6,0,0,0,1,1,17,0
923.881684616827,460.47273259721516,2.0063765326685803,1265.6722261159268,0.7299533524979206,3,2464.815206734353,1,0,1,0,0,5,0,0,1
1291.1175339813824,479.9016319848581,2.6903795443273673,837.6587962528175,1.5413406267051297,5,3493.428920312623,2,2,0,0,0,1,1,19,1
1013.5315700235888,933.1924186047739,1.0860906602080316,4364.058162874101,0.23224520210246066,3,2653.16424638844,0,5,0,0,0,5,1,20,0
237.51778888658163,886.6106855917445,0.2678941194218258,3868.3282419231086,0.06140062942758486,0,1075.3672306779624,1,0,1,0,0,5,0,14,0
166.89406431238564,438.18356322053074,0.3808770531823681,713.8467339292768,0.23379537424474706,1,409.4280986259192,1,1,0,0,0,6,1,0,0
8341.693690764716,2382.554182218654,3.5011559246039314,8041.62402327016,1.0373145606691185,3,9356.801558925465,1,1,0,0,0,5,1,13,0
1916.195752343608,921.434435546587,2.0795790545932196,4017.710021974796,0.47693729558952946,2,3089.8625118396494,2,5,0,0,0,1,1,10,0
2670.9387899816074,1245.7885812872266,2.1439743710139214,1908.7844085301126,1.3992878284449122,1,987.8725498542988,2,2,0,0,0,6,1,11,0
1586.6691757909803,719.5212401245639,2.205173506088987,2668.6936242250695,0.5945490188112974,3,3166.4889430770763,0,0,1,0,0,6,0,1,0
2000.3938818054903,1027.4061920232343,1.947033118290037,5017.12430125583,0.3987132392364236,4,3301.6367686076837,3,0,1,0,0,7,0,12,0
1043.9777201067411,656.7225866893209,1.5896784140920996,2978.074795700195,0.35055456686784947,7,4830.1268527577295,0,1,0,0,0,4,1,20,0
497.95702874206813,673.0699812667453,0.7398295015399329,2239.8768863163173,0.22231446370296007,2,891.1689737571854,1,4,0,0,0,3,1,18,0
601.2218788783263,1770.8781200729031,0.3395049450684812,3625.925456232336,0.16581197990293217,6,14174.79800499025,1,2,0,1,0,1,1,21,0
5204.635722599011,965.3588332255314,5.3914001130635345,4128.799525383477,1.260568765957609,2,2081.7107569091145,2,2,0,0,0,3,1,2,0
2036.5348096233486,1137.4663781306188,1.790413192669759,3997.2384180525282,0.5094854488603552,7,5440.08642873538,0,0,1,0,0,2,0,12,0
1178.1885866799753,1789.7124003655633,0.6583116854078458,2830.343852432558,0.4162704774076737,1,2570.178413796665,3,1,0,0,0,9,1,11,0
5571.539493932794,1720.7159936843543,3.2379192814981352,6220.170225813744,0.8957213856963065,1,2901.915892872427,0,4,0,0,0,5,1,21,0
742.9282701538649,748.8471127376358,0.9920960600861065,2563.566578235697,0.2898026040989989,2,1155.605915086997,2,0,1,0,0,4,0,20,0
265.6980686301051,507.22788649900525,0.5238238584712085,2140.5088865763364,0.12412845856252398,2,1208.3691209647372,0,1,0,0,0,1,1,17,0
4429.173489411223,2213.1928559170397,2.0012596180082953,7838.665825349187,0.565041754310775,3,11658.2172152643,0,1,0,0,0,6,1,12,0
12945.825046197147,1864.3437866420677,6.943904412347847,14511.317172715206,0.8921192261263806,0,1747.180644134935,3,1,0,0,0,3,1,22,0
7183.808841879244,1327.4714488987468,5.411648474879697,7550.4418231901545,0.9514421818091695,6,8776.378179546426,2,0,1,0,0,5,0,1,1
517.4327357461174,2173.000978101063,0.23811896127091955,3688.265499923487,0.1402916183113313,8,13124.774635254638,2,3,0,1,0,8,1,10,0
5376.487897548817,1568.7309055707562,3.4272849973543886,6218.887281071336,0.8645417828866973,1,1601.21158967267,1,3,0,1,0,7,1,18,0
437.8625179621237,440.3122793093575,0.9944363092687846,1167.1052169471366,0.375169703300158,1,332.2841565190954,0,1,0,0,0,4,1,20,0
1006.8259093314321,639.6467899493922,1.5740341781611855,1389.9598726062843,0.7243560977365153,1,519.6570996356454,0,0,1,0,0,3,0,20,0
1788.9234536503395,1125.7887766344375,1.5890400497670205,2010.8350668995336,0.8896420612002977,2,3529.2161779597614,1,1,0,0,0,5,1,7,0
722.122179584926,1756.953477729289,0.41100813922415674,8140.358900259407,0.08870888721649782,2,4354.225193907517,0,1,0,0,0,1,1,23,0
2770.107835934408,606.8089863644457,4.565040891254531,2586.2801773321944,1.0710780139806182,1,791.4059485985407,1,0,1,0,0,4,0,12,1
1252.5345305229807,1116.8812380565666,1.1214572219893837,2602.661392074847,0.48125143529502995,1,885.4831561524542,0,1,0,0,0,3,1,4,0
1299.789421929153,1049.8111826294726,1.2381173333223192,2522.339225466573,0.5153111083576487,5,4327.5972611481575,0,2,0,1,0,3,1,1,0
356.66857517954986,1060.7394831911045,0.33624521461816076,3568.3944628190015,0.09995211541096964,1,717.1128900265048,1,3,0,0,0,7,1,5,0
1792.6886047326616,1155.434929390021,1.5515270995650623,5137.526700397667,0.3489400073762925,2,1842.0381727886465,2,2,0,0,0,5,1,2,0
467.9563256756425,461.2438645960656,1.0145529547270085,2144.0971812374128,0.21825331881905327,3,2390.8094390341416,1,1,0,0,0,5,1,14,0
732.6213319297653,686.9210423475714,1.0665291740459892,2863.5027665671983,0.25584795673448596,2,2219.775388102924,0,2,0,0,0,6,1,0,0
387.3507253787831,614.5888374437426,0.6302599425493794,2876.015766443639,0.13468310219236554,3,2403.305026761295,1,0,1,1,0,8,0,17,0
340.7852448931583,830.3911349773343,0.41039123677838885,4107.898605891703,0.08295853369028906,4,3583.3146029491672,0,2,0,0,0,5,1,10,0
4107.2264373941125,914.5058586221561,4.491197512482076,3129.5078085432438,1.3124192967922286,1,1095.6158126757691,2,2,0,0,0,3,1,14,1
1005.4596233975406,1004.8271813583327,1.0006294037929517,3601.147442755885,0.2792053475677971,3,2498.4784639918207,0,2,0,0,0,5,1,23,0
652.1603730693773,911.0404354340382,0.7158413037492402,4114.486069117374,0.15850348308732434,3,1723.133571234851,0,2,0,0,0,3,1,5,0
1606.4874973277022,1023.9015193793678,1.5689863399181845,2389.417268982165,0.6723344298972225,4,5740.819901275877,0,2,0,1,0,1,1,20,0
2149.3164814803276,439.0823206887088,4.895019407998674,2265.2825285316612,0.948807247841839,2,1148.9501606269541,0,3,0,0,0,5,1,19,0
861.332351727109,1194.7968233279785,0.7209027802132584,2915.747229218459,0.2954070720176871,2,3827.928975101445,2,1,0,0,0,3,1,5,0
6323.091985419367,3314.7291134733923,1.9075742749891298,14598.38626715974,0.43313636656153415,0,2533.3240079303046,3,1,0,0,0,4,1,16,0
873.0531618552079,737.9723527881457,1.1830431838763487,1740.671538223223,0.5015611174675552,3,2833.117709126751,1,3,0,0,0,2,1,15,1
4124.326633508772,4496.757924297731,0.9171778207635843,12005.685412824054,0.34353112643642236,1,6627.441026390314,2,3,0,0,0,3,1,9,0
1815.9536092708795,1547.5605206286111,1.1734297851778026,7049.61857381607,0.2575960089551164,5,6696.691555587682,2,2,0,0,0,2,1,18,0
1566.0658563996046,606.9730318940623,2.5801242791836874,2874.252012667693,0.5448603147871103,6,4790.925013797986,0,0,1,1,0,2,0,15,0
1717.492079115218,1184.7736885898887,1.4496372561745257,5056.058535193885,0.3396899120451653,4,7791.6340635093975,0,5,0,0,0,8,1,17,0
1390.4889981860235,680.6979124858757,2.0427402121860863,1284.2451124017543,1.0827286666371463,2,885.6040861398756,0,3,0,0,0,3,1,15,0
935.2877685396589,977.8649714124958,0.9564590162061584,3566.214744129942,0.2622634461593095,5,4286.978487284158,0,1,0,0,0,2,1,16,0
311.52596044536205,895.7809083818746,0.3477702611547035,3720.9257894498583,0.08372270184174282,2,1556.1168012206667,1,1,0,0,0,6,1,6,0
2833.9462398492583,3323.181729050454,0.852781000531985,9319.56343984349,0.30408572870843087,2,5743.9191798928,1,3,0,0,0,7,1,22,0
2726.781585853479,1727.3274362119685,1.5786130230370885,6807.656725324716,0.40054628132316933,5,13740.71789183949,0,2,0,0,0,3,1,21,0
495.7526756518502,484.87895185364437,1.0224256461466035,1168.2249360402127,0.42436405897330154,2,1467.4701302961191,2,2,0,0,0,3,1,16,0
1054.2810008436625,900.9402636488957,1.1702007817629572,3187.16322305268,0.33078977355727235,1,1482.8072780869034,3,1,0,0,0,1,1,2,0
643.693860491977,1060.9317550487558,0.6067250390317478,2607.444900075352,0.24686767512263635,2,3296.8909608219606,1,0,1,0,0,4,0,7,0
1438.5886808937641,1572.8996514723392,0.9146093201477595,4670.010803981321,0.3080482554060314,3,7894.001345705194,0,1,0,1,0,5,1,22,0
2361.542488948021,1414.144069709431,1.6699447669665333,5887.907577509407,0.40108348472870503,1,2411.140269537554,2,0,1,0,0,3,0,1,0
722.5217375824146,731.8734631023494,0.98722220986085,2588.563183363195,0.2791207656147211,3,1508.251270364517,1,2,0,1,0,3,1,7,0
7654.736506125795,881.1749899365408,8.686965237945602,6489.065168924335,1.1796362506549904,0,873.9084419698079,1,1,0,0,0,2,1,17,1
5263.500736903886,2956.5935253094553,1.7802584940562554,12719.423366585926,0.413815987187844,1,4031.95478131983,1,1,0,0,0,7,1,18,0
1552.2917307521595,1855.0101891613792,0.8368103527527933,6960.966421114995,0.22299945680581465,2,3326.1218674661764,0,3,0,0,0,6,1,15,0
983.0009993061569,591.5584455078765,1.66171408213471,2295.7193341530483,0.42818866604563055,0,537.8564540587336,2,2,0,0,0,2,1,3,0
8906.213405043554,1956.6116871976692,4.5518553647194855,9785.600363040969,0.9101345931396552,5,13183.257250396491,2,2,0,0,0,4,1,13,0
1062.6197973990159,1483.331045028246,0.7163740022570492,4536.869449951226,0.23421872926284878,2,3172.245376720876,1,3,0,0,0,3,1,21,0
1331.4979597856388,543.1685818068587,2.4513530502010816,1633.9088507200715,0.8149156907980768,3,1049.4110083095206,2,4,0,0,0,2,1,1,0
1719.8855123645628,1641.3292450242207,1.047861370641198,2688.0088311934173,0.6398362581275342,4,5107.894351448121,2,4,0,0,0,3,1,3,0
1077.7315704132404,620.8671928190872,1.7358487980653823,3038.953781946764,0.35463901320764474,3,2665.664377350659,3,3,0,0,0,6,1,14,0
658.9625468968629,1299.2142851209971,0.5072008170195674,6493.4054901168665,0.10148181072317465,7,9025.743701282627,3,2,0,0,0,1,1,14,0
2092.4523499200436,498.2178710193226,4.199874134661242,1588.0769600085387,1.3176013522095258,2,685.383486760483,2,3,0,0,0,1,1,14,0
146.5460726320456,582.2245132880711,0.25170027933801203,1686.052168167732,0.086916689411396,6,2916.712793312331,0,3,0,0,0,3,1,3,0
428.05284929221665,1042.0848657447104,0.41076582470691103,4492.001270880734,0.09529223690720139,3,3427.184494131289,0,1,0,0,0,3,1,0,0
680.8528268527317,458.0227728894184,1.4865043119092067,2230.6826905353355,0.30522172864009434,2,1245.621924367279,4,1,0,0,1,6,1,7,0
1191.754698903848,2184.8961957975293,0.5454514046004069,8048.081821891604,0.1480793467658534,4,6247.557437458643,0,3,0,0,0,4,1,6,0
3090.9988537667036,707.0097428852525,4.371932473168721,3010.8746383986577,1.0266116079182428,3,3116.230100289453,1,0,1,0,0,2,0,5,0
438.75604109453514,743.8587875721668,0.5898378138766942,2467.1633349569593,0.17783826262244182,5,3679.1274368833033,1,4,0,0,0,3,1,8,0
1124.0088132962942,637.9019862883396,1.7620399958877513,2153.17238425032,0.5220245352940682,6,4130.462944767419,0,6,0,0,0,5,1,9,0
357.7542025122229,674.3202205799681,0.5305405230241002,3222.813951521468,0.11100678099749743,3,2465.615432602218,4,1,0,0,1,7,1,17,0
416.5468594578578,572.3286641448461,0.7278105842911919,2250.5844954687013,0.1850838572364326,6,4558.609915699165,1,2,0,0,0,2,1,6,0
223.76380916449693,1133.1527703134445,0.1974701161455935,3707.105344641772,0.06036079052566548,2,3044.7940624848948,1,0,1,0,0,4,0,18,0
557.3650732870613,806.7860324942679,0.6908462105670146,1552.9399066255266,0.358909620977023,2,1954.5304173165348,3,3,0,1,0,4,1,10,1
994.0042042733337,1670.0365592755027,0.5951990683991696,2617.236152739096,0.37979156112185297,3,3078.9374991112536,0,4,0,0,0,4,1,16,0
388.7505110174495,862.0042668824915,0.45098443935016397,3517.623714558741,0.11051509273390696,4,6021.622605640701,1,2,0,0,0,3,1,1,0
2751.5461874493567,2145.2877733545315,1.2826000416470162,7827.656405662971,0.3515159640194135,3,9114.941608232586,0,0,1,1,0,2,0,5,1
2277.0240949285794,707.4694550562624,3.2185475693045946,1795.4687139286864,1.268205943809623,3,1524.0479191587908,2,0,1,1,0,3,0,7,0
1878.7972912443406,2511.9106743002435,0.7479554549716332,9174.867748825027,0.20477649843889548,2,8852.91032527068,1,6,0,0,0,4,1,18,0
1262.8064332503252,3408.335678304098,0.370505300076155,16362.620105417496,0.07717629726257734,1,5672.526744613925,1,5,0,0,0,6,1,19,0
477.7388066902695,768.7910124306326,0.6214157020122234,2514.319032489144,0.19000723476897605,4,3930.14081352467,3,1,0,0,0,1,1,18,0
753.4582814492691,1734.9180232523152,0.4342904225738688,8624.858395708015,0.08735891615614376,3,7701.399415573106,1,3,0,0,0,3,1,6,0
623.3233112940853,1385.4888310200622,0.44989414374070796,3560.172541990287,0.17508233208989957,6,9103.877045573307,1,3,0,0,0,3,1,8,0
15626.282200065716,2568.881663253486,6.082912429790575,13794.727746022587,1.1327720624693893,5,8609.10744076832,1,3,0,0,0,3,1,9,0
615.8013323965589,519.081729946889,1.186328273313657,1543.940183762595,0.39885051174446795,2,1669.1205317148772,1,1,0,0,0,2,1,2,1
242.0047769878451,1188.6255214832015,0.20360052229558767,3025.693224630436,0.07998324979473226,4,7432.104400380144,1,0,1,0,0,3,0,18,0
2322.3297075861447,1687.5372746019998,1.3761649846424036,3330.7586187989905,0.697237468509061,2,2256.121454245835,0,1,0,1,0,5,1,6,0
554.9194320115114,1087.1484506098764,0.510435747482516,1758.6230826701792,0.31554199275546735,3,3316.2767433969116,1,4,0,0,0,5,1,11,0
793.7213463222698,521.6231885726329,1.5216373882729504,1893.4115599696356,0.4192017008362401,1,454.01055567225154,0,3,0,0,0,4,1,11,0
498.4453474167491,1051.1175148208874,0.47420515821362297,3359.830920929993,0.1483542949473126,6,4255.308789877363,2,0,1,0,0,3,0,17,0
196.16369877128415,720.8742689092351,0.27211915757251565,3296.1293087142144,0.059513350478293446,5,2444.6486790543013,2,1,0,0,0,6,1,20,0
999.5565152040582,1823.7340841408777,0.5480823788381013,6422.4196046702355,0.15563550448762392,4,10468.809518392629,1,4,0,0,0,4,1,17,0
624.9801360754747,611.5045256177999,1.0220368123098686,2987.164845694126,0.20922184357396864,5,2429.7523479076503,0,4,0,0,0,6,1,4,0
2041.0447161905643,2269.87205584562,0.8991893225586197,7053.464414269104,0.289367691720617,3,9904.020321751,1,1,0,0,0,5,1,23,0
2232.8713630317325,2157.89448600582,1.034745386075244,4190.472692605196,0.5328447473174124,2,3495.175036775246,1,3,0,0,0,3,1,19,0
592.1541162633871,1936.8939158604996,0.3057235666932807,9266.230003054849,0.06390453464549967,6,8520.636856135878,1,4,0,0,0,1,1,21,0
2313.106992275534,1221.5065863056336,1.8936508555974096,3081.5726054757,0.7506255047066988,2,4288.397965636845,1,3,0,0,0,3,1,15,0
828.4221529348616,1088.3136591716286,0.76119797445657,2780.019332873981,0.2979915078786304,3,5496.443228343443,3,1,0,0,0,2,1,1,0
904.5890068300005,2084.1127940249357,0.4340403309376629,3810.8012794322003,0.23737501394058047,6,14024.18447474162,3,4,0,0,0,3,1,8,1
1580.3467318347866,1389.076339973277,1.1376960980166066,5003.84015788704,0.31582678142583115,2,2514.9779904538736,1,0,1,0,0,3,0,4,0
271.2684869570943,1050.852894430819,0.2581412568730882,2337.594967268246,0.11604597492528972,0,640.1762617294323,0,0,1,0,0,3,0,23,0
434.9556499329932,392.1798754475464,1.1090718243424196,1867.222514893645,0.23294259064660422,2,795.5508164864432,2,2,0,0,0,4,1,17,1
5851.284183747155,2553.687107462117,2.291308189891058,12366.770663782045,0.47314568554938313,0,3482.416233527582,0,1,0,1,0,3,1,22,0
176.32502074338967,336.82617229229453,0.5234896669204687,647.914615266294,0.27214237275836073,2,690.9824217946906,3,1,0,0,0,7,1,11,0
1133.2742694461604,1167.6790001341044,0.9705357973518469,2957.3134349947795,0.38321073986807924,1,872.9614376764172,1,4,0,0,0,5,1,4,0
1629.6761772236584,1289.2899956814158,1.2640105660343246,6070.265230929127,0.26846869374342264,3,5595.659249909878,1,1,0,0,0,3,1,1,0
282.2870796405283,1006.5924988807003,0.2804382905241424,1762.5350212021926,0.16015969966258345,3,2601.4509364153655,2,1,0,0,0,1,1,7,0
1503.0134907657336,1039.9155810434813,1.4453225994148164,1701.8073353284851,0.8831866331541108,2,3135.2546646377514,1,1,0,0,0,8,1,17,0
202.1097456419442,591.9033437646443,0.3414573473372844,2034.9578944719979,0.09931888330022906,4,1973.520823700352,0,1,0,0,0,4,1,19,0
1504.724034699349,3442.0101552142096,0.43716432167403185,11052.784789442705,0.1361398112208443,5,18486.439215787883,0,2,0,0,0,7,1,7,0
1589.4647909715616,1778.114203885759,0.8939047826613515,8772.24787413166,0.18119241655935286,4,10769.382175325016,1,4,0,0,0,5,1,5,0
2741.495879333243,988.1810249444817,2.77428508555633,4411.626463979075,0.6214252049028978,2,2396.3765102913744,2,4,0,1,0,4,1,23,0
2801.032203335465,1762.000105428321,1.5896890100665277,3523.957932638384,0.7948540410748702,5,10441.201828545403,0,2,0,0,0,4,1,13,0
1934.1381193367542,1118.4179172162837,1.7293518724653296,2850.2655514477206,0.6785817266585416,3,2306.6772389336047,1,1,0,0,0,6,1,7,0
251.68163318840232,1114.0883838135546,0.2259081387482825,4197.1731956546755,0.059964557442844575,5,7905.240651977144,0,5,0,0,0,4,1,3,0
945.7102426780762,824.5327315870173,1.1469650705773957,3397.287846973398,0.2783721266128797,0,1000.4508853950032,0,2,0,1,0,1,1,15,0
377.6013464131331,682.7602958053794,0.5530511201851847,1884.9774030656583,0.20032141807059123,6,7197.225211620417,0,2,0,0,0,2,1,14,0
703.1258511960075,1466.0096771364517,0.4796188334646052,5618.260643233473,0.12515009463700102,4,9019.99770263092,1,3,0,0,0,3,1,7,0
645.4959431360211,922.4331150423877,0.6997753361297737,3505.925843411115,0.1841156864025342,4,2818.6644220500007,2,3,0,0,0,3,1,12,0
456.5062061668807,1125.0367775436735,0.4057700292816955,2741.23577583664,0.16653299588122897,0,1186.8157628108356,1,0,1,0,0,5,0,8,0
6609.466277772476,1075.0699599548902,6.14794062151063,6736.322441658852,0.9811683355443513,3,2000.717659409817,2,1,0,0,0,4,1,21,0
1260.7762140136178,1204.3363188637297,1.046863898618567,5377.015892077691,0.2344750767560873,5,4087.7211841994263,0,1,0,0,0,5,1,0,0
401.73901777502766,1248.8157196568045,0.3216959968164336,2729.1815981203313,0.14720127750081463,3,5894.467107510996,1,2,0,0,0,5,1,5,0
4556.5530766039865,694.8783976804438,6.557338797427151,5314.523363829725,0.8573775604441912,3,1441.4982640779685,0,3,0,0,0,1,1,1,0
645.5396924679575,949.9474599102274,0.6795530486801478,4618.82923345037,0.13976262378198484,6,7479.543116304937,0,2,0,0,0,9,1,23,0
510.29381357567803,1634.2386656577737,0.31225170735407065,6264.20296940059,0.08146189005502597,3,2994.805254515826,1,2,0,0,0,4,1,16,0
411.12318290645385,841.7192437531713,0.4884326762844132,2113.638908715821,0.19450965877432635,2,2547.395125755116,1,5,0,0,0,4,1,6,0
469.8296436308234,1108.669188899215,0.42377802895136996,2519.9881484868897,0.18644121160368532,0,898.3170892891899,1,4,0,0,0,8,1,0,0
353.98779583577914,1092.7104472392882,0.32395388616455756,2907.130407981589,0.12176536520821289,1,746.1126492078015,2,4,0,0,0,4,1,21,0
774.638249809399,833.6107374482983,0.9292565642575389,1623.4850907900582,0.4771452809784822,0,916.870939441241,1,2,0,0,0,2,1,21,0
1065.1916236492161,584.7759248723497,1.8215380940686572,1742.1657157744457,0.6114180838277523,3,1833.4992007969702,4,2,0,0,1,6,1,21,0
406.685735322631,1573.1150009216867,0.2585225715121616,3992.502464353618,0.10186236300507155,2,3809.0420814924114,2,5,0,0,0,4,1,21,0
2549.0502435249923,1688.3053202383937,1.5098277621757767,8128.881722453639,0.3135794480173075,2,5001.883819342136,1,1,0,0,0,8,1,9,0
3101.3133656618693,2991.823089787126,1.0365965074099799,13520.771513872041,0.22937399411564524,3,14705.004153211637,0,1,0,0,0,8,1,10,0
240.64369757143533,1190.262459304733,0.20217700364338326,3063.400033272384,0.07855444765872611,4,7334.453506904593,0,2,0,0,0,3,1,4,0
7489.700690040182,2033.7462355313535,3.68271151984867,5502.436620523291,1.3611607377910877,2,3789.2065545923674,2,1,0,0,0,5,1,12,0
209.28936726962968,441.14857315990054,0.4744192319846171,1407.5458164917804,0.14869098029879432,4,1218.8058719325159,1,0,1,0,0,4,0,19,0
5270.206863276015,2116.495062863406,2.4900633862788,7693.514497250873,0.6850194231984901,4,6652.5193228068865,3,3,0,0,0,1,1,0,0
2442.4508774763594,1459.5822952089738,1.6733903154989043,4227.860539592415,0.5777037474636811,3,2670.965236715248,1,3,0,0,0,2,1,18,0
9983.063408068998,2879.3982378284377,3.467065887905088,10745.651807128876,0.9290328392593215,2,9519.083579996091,1,1,0,0,0,2,1,14,0
3988.229886931378,932.271085876623,4.277972305856949,4631.102904744251,0.8611836033368439,6,8342.657853967934,2,3,0,0,0,6,1,15,0
695.3145683818404,1737.0714100905586,0.4002797837456732,5205.316296060147,0.1335777748814452,2,5522.816647935116,0,1,0,0,0,2,1,23,0
1367.617022376793,1090.0412255901053,1.2546470631295794,3198.0160182728055,0.4276454572342699,1,863.9177730199832,0,1,0,1,0,4,1,16,0
288.1160044306721,605.6078529002906,0.47574681049934886,2000.0319306794968,0.14405570231710585,4,4109.766642956773,1,4,0,0,0,4,1,2,0
2093.575896401048,1434.4600659838995,1.4594870544305178,4356.795337149092,0.48053115521625533,2,4110.415220123158,0,0,1,0,0,1,0,21,0
4300.014414882219,1881.3871969062243,2.2855552657917597,6212.842336613274,0.6921170990516766,1,1503.0361158072305,1,1,0,0,0,3,1,4,1
408.98083765050507,793.8986955272956,0.5151549435143814,3857.966437648795,0.10600943379376701,4,4581.034644441529,0,3,0,0,0,3,1,15,0
465.6034127792007,672.246427900093,0.6926082362886087,2636.723771545866,0.17658406914055522,3,2224.7175257591143,0,1,0,0,0,5,1,14,0
4044.8577032350577,2893.744812261078,1.3977935048372623,12881.914749172323,0.31399506843460084,3,14115.416543476407,2,3,0,0,0,3,1,6,0
952.9244454030897,787.9071844310719,1.2094374365822957,2217.2821085894793,0.42977140423926086,4,3216.629949457059,1,2,0,0,0,2,1,12,0
490.779998669906,588.359608506369,0.8341497131589605,2539.2019477928575,0.19328119966846477,1,894.1995584524992,3,1,0,0,0,4,1,0,0
1964.6086110845126,1294.891269216796,1.5171996736627853,6058.536895477242,0.3242711309641627,5,7566.732508999865,1,1,0,0,0,4,1,3,0
4017.3770617713617,2536.8327086073095,1.5836192304445857,10875.00880779892,0.3694136834988431,4,9370.189737236933,0,2,0,0,0,5,1,22,0
781.6061999242445,1269.4115220756282,0.6157232594251484,3540.6619737159576,0.22075143171714343,0,1157.0581159284498,0,2,0,1,0,2,1,7,0
614.057432911991,936.6620920735268,0.6555805323055481,3295.6066020730364,0.18632607196676032,2,2805.90373044526,3,0,1,0,0,2,0,4,0
1253.1204353666294,2145.662926116068,0.5840248345227935,7470.409604429514,0.1677445416946887,2,6510.902848286268,2,5,0,0,0,6,1,17,0
997.0191646160156,1200.6314175934572,0.830412356370316,4018.358631446756,0.24811602349615375,6,8253.504475680145,2,2,0,0,0,4,1,14,0
9863.134442534569,2164.7203013353133,4.556308931204862,9509.159531778963,1.037224626379718,3,4045.6923663124567,2,5,0,0,0,4,1,16,0
980.9011740919508,2028.7265823087457,0.4835058517228373,7352.032798804066,0.1334190421799412,5,15062.39516307141,0,2,0,0,0,5,1,14,0
693.8176886754679,828.0132483237827,0.8379306612303871,4068.609499123731,0.17052943734828757,3,1702.1680321807262,0,1,0,0,0,2,1,15,0
491.3180363644361,852.7929882118408,0.5761281379607083,2172.781628908703,0.22612398311339024,1,875.292821013176,1,2,0,0,0,3,1,20,0
334.6271339913768,383.02899011001057,0.8736339614796985,1329.8495642022579,0.25162781039230625,2,592.0820326990018,1,1,0,0,0,3,1,15,0
499.5198363193531,306.7366093227039,1.6284976137094564,1176.4094890163246,0.4246139129131263,6,1535.2777469255175,2,3,0,0,0,4,1,2,0
410.5678397861795,1270.464868828041,0.32316347335516155,4481.692675884521,0.09160999414248067,3,5313.08679345586,0,1,0,0,0,2,1,10,0
643.5647197103514,1739.580220063973,0.3699540339028943,4889.8188348458525,0.1316132031567667,1,2206.034553495292,2,2,0,0,0,3,1,4,0
1814.6762621534542,1294.6130176271936,1.401713282228112,4784.438246399878,0.3792872159064723,2,1844.9059690890929,2,1,0,0,0,5,1,4,0
520.3963803178464,835.6533399059626,0.6227419379145991,3673.8961621465774,0.14164700289563711,0,706.4095622893072,1,4,0,1,0,2,1,13,0
1216.295857842163,939.1444705422864,1.2951104925739938,1490.7987002046007,0.8158686063217225,1,1380.089651674209,0,2,0,0,0,4,1,1,0
3092.946394043998,1668.9041230143573,1.853279856758668,7930.643257532114,0.38999943555732103,1,2657.27966767719,2,1,0,0,0,7,1,18,0
1593.6041733961017,674.5076405182915,2.3626184162592683,1865.61369107605,0.8541983696940719,0,984.2819978446685,3,1,0,1,0,5,1,18,0
1326.0237424298687,990.5781380296373,1.3386361878200417,2007.5581041781977,0.6605157477983343,3,4143.4784739677625,2,3,0,1,0,1,1,11,0
570.711836814354,1560.186702792133,0.36579714196576585,4585.687044504423,0.12445503395141327,5,6464.881670281507,0,2,0,0,0,3,1,13,0
309.1520411650831,1059.2503643108653,0.2918592729172328,2198.388704466628,0.14062665102716193,7,10294.913804895386,2,0,1,0,0,5,0,19,0
647.726908396941,1193.8826433877937,0.5425381732319465,4878.244320705282,0.13277869368857168,2,1926.995001480312,1,5,0,0,0,1,1,8,0
237.14686605632028,931.8453084409603,0.2544916671341973,3400.2066858107355,0.06974483846701092,5,4822.633798040289,1,1,0,1,0,4,1,10,0
2175.493375110851,1435.8482832445122,1.515127608186431,4086.623460930055,0.5323449532137079,2,4940.75195428673,2,2,0,0,0,4,1,23,0
1700.4085208946015,981.8408764539889,1.7318575358522323,3746.9228157178877,0.45381466459933295,5,5145.580286368773,0,0,1,0,0,4,0,4,0
397.7288846677219,567.864718923493,0.7003937230361849,1163.4664882845009,0.3418481655231532,0,626.3658305561354,0,2,0,0,0,9,1,12,0
1395.2893014606711,2698.8654319366856,0.5169910603728849,10958.034969269835,0.1273302471997535,4,11387.57750051097,1,3,0,0,0,2,1,2,0
1351.9819762253587,2520.6294125125787,0.5363668175551816,6831.715698147245,0.19789786869966133,6,20027.42760399572,2,2,0,0,0,3,1,14,0
3510.0507972588234,913.144172101388,3.8439174278266064,4239.615402229569,0.8279172670740192,1,566.0680956492671,2,1,0,0,0,6,1,10,0
1260.6612993576869,384.87538657356515,3.275505120192257,1092.4914947400564,1.1539323696589914,0,594.5733360680027,0,0,1,0,0,6,0,12,0
958.0571430538952,1689.3584531949202,0.5671130015314478,5053.587983764079,0.1895795910018574,2,5340.962075102412,1,2,0,0,0,1,1,13,0
158.6788085642305,222.34315643977322,0.7136662585214865,593.7460824470496,0.267250283000194,2,696.6094670762027,1,1,0,1,0,3,1,0,0
373.5725367146625,875.0522933631388,0.42691452790654333,3277.303326385756,0.11398778187756033,4,3110.418537214703,3,1,0,1,0,4,1,11,0
4187.371386497978,1534.4671931806597,2.7288764498238316,5404.891658866713,0.7747373399480828,3,5123.511129315514,0,2,0,1,0,5,1,20,1
378.1627399324876,758.026338677451,0.4988781004526549,3433.4563027615163,0.11014054252804462,4,4280.667211980592,2,2,0,1,0,4,1,7,0
1336.0617194655504,705.245052033928,1.8944645065035848,1205.8290852234577,1.1080025650716152,2,2088.9097653613526,1,3,0,1,0,2,1,4,0
994.1975633684294,3147.4439460257945,0.3158745891642582,7981.169079737608,0.1245679114720766,1,5251.388055990112,1,1,0,0,0,3,1,3,0
475.44671614027567,611.4702425833138,0.7775467766536411,2446.807908626207,0.19431305353562536,7,2573.887123916431,0,2,0,0,0,1,1,22,0
3815.99554458593,2096.6198332276226,1.8200703265844003,5659.94734483556,0.674210432022455,3,4554.61895974552,1,1,0,0,0,1,1,19,0
2250.737511709497,664.553046044389,3.386844022620217,1588.7367733757985,1.4166837133926586,5,4182.1896910694795,1,1,0,0,0,2,1,3,0
883.630991599048,279.99470651645515,3.155884632937221,740.3882063253609,1.19346983656671,4,1521.9117959490843,0,5,0,0,0,3,1,9,1
178.75444806722,854.3265870753971,0.209234326511068,3126.7249343999533,0.05716986681513914,1,1500.3477945348286,0,3,0,1,0,1,1,9,0
6959.1666949826495,3851.3790246847175,1.8069285443938727,16831.436253876593,0.4134624395692806,3,15440.549978401876,3,2,0,0,0,5,1,12,0
778.4129612855508,895.3962045730892,0.8693503024805491,3745.3040806221775,0.20783705262090207,4,3920.8886678853323,1,0,1,0,0,3,0,2,0
515.2297976484164,341.1293418085756,1.5103649393417968,1702.9595859832168,0.3025496329385553,2,1132.5005116696939,1,3,0,0,0,7,1,7,0
173.46527672737585,435.9829674128007,0.39787168236582543,847.5003490368593,0.2046787083032004,2,584.4599023002912,1,4,0,0,0,3,1,21,0
707.2487932178559,863.4208451070956,0.819124065889481,3095.259587828422,0.228494177353974,4,4048.430636859846,3,1,0,0,0,4,1,18,0
143.14104120462184,1398.0754943427253,0.10238434318020607,4938.363755893831,0.028985519957655224,4,9948.847970798244,0,2,0,0,0,3,1,13,0
385.28912458384525,1233.1866097636275,0.31243375619987956,3760.0115134071957,0.10247019808583226,7,13304.857701014354,1,3,0,1,0,3,1,20,0
3913.109398306746,2376.2653319025294,1.646747669871428,7917.489861226581,0.4942361110520608,2,3783.205032764945,0,1,0,0,0,2,1,15,0
764.1721428053897,913.045049658457,0.8369490016853427,2985.6012543706315,0.25595251264270996,1,1167.9874148262365,3,0,1,0,0,1,0,20,0
5983.991072010207,3498.486290400534,1.7104514853837296,6922.141516178176,0.8644710683860828,2,5624.617780256185,0,0,1,0,0,6,0,4,0
975.7349186306468,345.48859784739625,2.8242174263060136,1014.9628716946766,0.961350356591339,1,346.333637896318,0,0,1,0,0,5,0,20,1
3946.7444275551857,1547.6247484324758,2.5501946977474206,5283.979447024895,0.7469265289775815,2,3156.9236563574755,2,3,0,0,0,5,1,17,0
622.1358246357988,420.677025268271,1.4788918511512603,1906.7106840647186,0.3262874802324661,2,1058.680932422346,1,1,0,0,0,3,1,23,0
277.71443470462,798.7798216715472,0.3476733226979465,3069.1250333463886,0.09048651706503366,4,3725.7896357957616,1,2,0,0,0,5,1,7,0
1370.007058926725,1734.547412132641,0.7898354633283212,3410.358608165206,0.4017193545706905,3,3162.551188109625,1,1,0,1,0,4,1,14,1
11854.99360407172,1758.1073684762994,6.743043011273025,9686.73444553362,1.2238379890281648,2,5745.487361243809,2,5,0,0,0,2,1,19,0
98.84451093131656,400.98380601453323,0.24650499458757208,1465.183892097267,0.06746218782806186,1,489.8791079783651,0,1,0,0,0,1,1,15,0
6652.053305942546,2294.7328246587626,2.898835644159026,9856.554958745559,0.6748862390342875,0,1800.3107151218583,2,5,0,0,0,2,1,6,0
920.1873880906139,1409.5921907973586,0.6528039769928741,6352.87857230054,0.14484573845040305,4,6161.717413373144,0,5,0,0,0,5,1,8,0
709.3327013143753,516.9740916922926,1.3720855894197812,1688.2284203899721,0.42016393797619106,3,1684.9071216232414,0,3,0,0,0,6,1,8,0
566.5043906959382,736.7823442916948,0.7688897475421277,1922.4855639883297,0.2946728970597239,5,5262.0531456209,2,3,0,0,0,5,1,6,0
4283.917344069819,2131.842221238716,2.009490806303963,9256.057757177003,0.4628230999042909,2,6165.49699796246,2,2,0,0,0,5,1,15,0
1341.35616965286,1235.7652194956568,1.085445801913973,4467.409207241479,0.30025370576722166,4,6946.06614201847,1,2,0,0,0,2,1,15,0
1355.0992782339542,1144.8901858774066,1.1836063361792644,4247.331840225402,0.3190471875543495,4,3513.003417233225,0,3,0,0,0,5,1,0,0
2541.738233861823,1037.5112624238654,2.4498415833325384,3063.78091410908,0.8296083516144422,4,4771.034301264572,0,2,0,0,0,5,1,22,1
266.66749325996466,897.1696184692946,0.2972319701540264,2035.428675517963,0.13101293917464576,4,2444.3411353223883,2,0,1,0,0,5,0,11,0
461.05466884504546,859.6642618454983,0.5363194555224022,3322.218710308267,0.1387791440143519,2,2636.857763201388,2,3,0,0,0,5,1,13,0
316.08395519679607,503.423231945256,0.6278692264070327,2197.967199389129,0.14380740316991258,1,488.00991280010226,0,1,0,0,0,3,1,11,0
918.7276117274625,931.9840889001908,0.9857760692155465,2474.9264572748148,0.37121410578764824,2,1785.0840033107108,0,1,0,0,0,2,1,8,0
942.7264960617244,1436.2863949804978,0.6563638695989493,4892.290279072194,0.19269635329989238,3,7000.739068323698,0,6,0,0,0,3,1,10,0
537.678648233491,1200.831890320601,0.4477551375571316,3105.446959499322,0.17314050287955285,4,3386.0375674491875,1,0,1,0,0,4,0,22,0
304.5131052763278,883.8979610496987,0.34451160506660117,4257.938840532103,0.07151655218191758,3,4057.837951654902,1,1,0,0,0,6,1,15,0
210.04408044075888,502.9190636481015,0.4176498677881283,1804.2899161958055,0.1164137085483575,2,890.1465919005449,0,3,0,0,0,4,1,16,0
828.3692488075312,2243.741676891318,0.36919100685210277,3564.67753477006,0.23238266034657334,1,2988.1597759576284,0,1,0,0,0,2,1,6,0
1642.0243148767524,1072.8347484990052,1.5305472880833662,2216.402496632256,0.740851139344839,4,5327.573182516251,0,2,0,0,0,7,1,9,1
214.43443518964648,963.8010833041668,0.2224882695239438,2211.369192759323,0.09696907956019657,5,4924.926417353903,3,2,0,0,0,8,1,8,1
2801.637837847629,655.0152747556214,4.2772099305514475,2543.313697594366,1.1015699087759416,3,1867.3700936065661,2,4,0,1,0,5,1,9,0
571.5327978369436,1664.1016914994245,0.343448240426923,7383.3678356309565,0.07740814362232061,3,7606.755010339778,2,1,0,0,0,4,1,15,0
203.8530489850289,295.41999529272357,0.6900448589576224,1342.321663216441,0.1518660203222533,4,1710.9839333167329,2,1,0,1,0,8,1,9,0
1091.5401337432247,787.2460792770196,1.386529780809653,2015.1239831369894,0.5416739331562117,3,3166.2243903195076,4,1,0,0,1,5,1,5,0
4594.689734696732,813.6703388094841,5.646868904450197,2855.155389167958,1.6092608311716805,5,6039.707702497761,0,3,0,0,0,3,1,15,1
1699.9294848261388,1110.9543930210068,1.5301523586432186,4054.596761438987,0.4192598141924302,2,1616.1996183569408,1,1,0,1,0,3,1,15,1
518.9444205467083,799.9483783206689,0.6487223858571074,2380.6417032562777,0.21798510033529545,3,2348.5840032174206,0,1,0,0,0,9,1,1,0
1667.2633937826697,704.7943140975501,2.3656027871301823,1900.2024860814015,0.8774135419751509,1,1194.8807652959144,2,3,0,0,0,1,1,9,0
702.8425942606366,1365.6480219077232,0.5146586697198963,5313.599888482635,0.13227239705873717,2,4150.522959899344,2,2,0,0,0,5,1,17,0
799.0418479503489,1506.6876512044214,0.5303301233746809,4760.459203024255,0.16784974177338366,1,1493.73662362495,1,2,0,0,0,4,1,19,0
895.0328756905369,833.2270641899911,1.0741764329998442,1502.7025019579587,0.5956154824553406,3,4305.634331689405,3,2,0,0,0,6,1,14,0
239.1258772775452,481.99967269321365,0.4961121154738742,1236.6745061088318,0.1933620173265715,7,5861.38781346277,0,2,0,0,0,4,1,18,0
258.33175190176667,388.9924227495661,0.6641048431631816,1128.0549058307963,0.22900636357900417,3,1631.0690106828242,1,2,0,0,0,2,1,19,0
1152.4672200978353,1197.2612090658083,0.9625862855751214,3558.952293195542,0.3238220479384533,7,14750.655078959076,1,2,0,0,0,6,1,3,0
1124.6072586431833,1432.2047630258774,0.7852279839282057,6448.505156972809,0.17439813278696667,1,1371.2376367193058,2,1,0,0,0,6,1,6,0
1560.0437960724144,644.439946609574,2.420774510146168,1382.3590583514322,1.1285373265704821,0,985.5953208350265,0,2,0,1,0,2,1,7,1
4038.8069579889757,1271.583693519356,3.176202226068808,4030.210604741557,1.0021329786679896,7,8317.469952715754,1,2,0,1,0,3,1,0,0
110.56865249767309,1443.4633573908175,0.0765995561519035,3472.6457913441154,0.03183988783805002,1,2540.3080424616937,1,2,0,0,0,3,1,15,0
7951.637684298446,1495.4022176605308,5.317390592571353,9512.840044870922,0.8358847249392956,3,3602.3982480931536,3,1,0,0,0,6,1,22,0
161.07706130455188,465.6324505431354,0.34593177755687793,1402.170561314018,0.11487693847573116,5,2023.7773320955037,1,0,1,0,0,6,0,2,0
5328.45734340271,1227.092074665666,4.342345169863886,3438.4991092229416,1.549646277095263,3,6479.344606497116,1,3,0,0,0,5,1,20,0
638.4428484587492,1022.8931726027268,0.6241539835819285,2799.8183609036028,0.22803009558545095,2,1987.2021004620906,2,3,0,0,0,4,1,6,0
2425.750942982291,1534.7900673604283,1.5805099306865857,2607.804256968695,0.9301890417964029,2,5353.251373509944,0,1,0,0,0,3,1,20,0
395.9855172193282,730.0678994393086,0.5423954642074315,2145.6733365100563,0.18455070046375266,2,2586.9924409400683,2,0,1,0,0,6,0,4,0
2350.6794761001074,2045.5365487201066,1.1491750062207047,3138.6639859610523,0.7489426987452225,4,7795.131601220686,1,3,0,0,0,5,1,9,0
265.7559169052226,353.609686707398,0.7515515747879613,1247.3924380900821,0.21304916463348855,3,932.9251849120494,1,1,0,0,0,3,1,9,0
2350.5449870205703,1310.1737880620622,1.794071144178032,5485.928453450944,0.42846803544110224,5,4200.759316556303,1,1,0,0,0,4,1,9,0
2965.8591381605033,1148.708112103918,2.5819084125107987,3601.6749061983883,0.8234666413274383,4,3376.6340781379663,0,1,0,0,0,6,1,16,0
526.5988380200967,1851.7309261278133,0.28438194264070354,9243.568433286566,0.05696921506241974,2,5318.270418723338,4,3,0,0,1,4,1,19,1
1322.4807072033495,1994.2282067806311,0.663154147908823,7887.664843276803,0.16766441443446856,1,2318.948241431165,2,1,0,0,0,7,1,10,0
670.0060795574117,895.2228808217683,0.7484237656463615,3215.5404790152306,0.20836499615846948,3,3773.144299832947,1,3,0,1,0,2,1,7,0
2827.7687935938716,978.6653035219866,2.8894135547846598,2640.8137507097467,1.0707944825089912,2,1612.6605733237648,0,1,0,0,0,2,1,18,0
488.8821483111505,793.724774456803,0.6159340920733186,2161.8287961269893,0.226142860705253,1,1176.5177723193603,2,2,0,1,0,1,1,21,0
2556.825601519015,1755.6757273360486,1.4563199580133062,8549.375393905888,0.29906577775746696,1,2765.9287012039626,2,2,0,0,0,6,1,5,0
601.6156004749912,1287.2420545991636,0.4673678880560885,2991.346399723777,0.201118667009125,2,3889.4590169484673,2,2,0,0,0,5,1,8,0
192.1890431538648,649.1977097843893,0.2960408520505939,2256.662710536827,0.08516516103912836,3,2703.0162874316347,1,4,0,0,0,2,1,20,0
323.4561737370629,905.3006905272821,0.3572914249614341,1667.2335579495486,0.19400771547260978,6,7357.274519439191,0,0,1,0,0,7,0,15,0
1233.9101046659573,603.6969504165841,2.0439230375679247,2592.8454603836826,0.4758903388261969,5,2935.310606765687,3,3,0,0,0,6,1,21,1
644.9464158755785,502.04921662306265,1.2846278701791158,1166.0643030110805,0.5530967839510733,2,622.8375990313845,1,3,0,0,0,8,1,13,0
605.3311049394268,792.3785021461679,0.7639418577105251,1942.1288972951768,0.3116843098223181,1,800.8336797522943,2,2,0,0,0,2,1,12,0
636.6451861232254,640.0662784189637,0.9946550968062419,2848.4928401588018,0.22350247020025255,3,2620.615531583357,0,3,0,0,0,8,1,14,0
402.1988568535572,734.9258849817659,0.5472645134325839,2995.64896559877,0.13426101037614924,5,5566.451592902401,0,0,1,0,0,1,0,3,0
227.5767645171659,231.00443651220388,0.9851618780713033,927.075913112763,0.24547802536801003,4,816.8913522797635,2,3,0,0,0,5,1,16,0
2956.705204949012,5044.007727397963,0.5861817357830018,23750.446864639947,0.12449050840180204,4,23338.089415610826,0,4,0,1,0,3,1,17,0
1881.330452233037,3505.122141147315,0.5367374877319483,7276.567684507988,0.2585464100386836,4,24977.375254087372,1,1,0,1,0,5,1,16,0
7930.5830458305945,1941.0254707686752,4.085769695072556,8974.60655747445,0.8836691608754318,3,8613.117521346754,1,1,0,0,0,2,1,20,0
425.11761745705064,553.9389621317379,0.7674448748307202,1140.467384692917,0.3727573652371638,1,746.1870178089385,0,3,0,1,0,6,1,8,0
1341.7765719337688,787.1922795540078,1.7045093133966795,3399.031107714075,0.3947526602179713,2,1227.8485117604612,1,1,0,0,0,2,1,14,0
1131.6682954178082,946.3759675487519,1.1957914552173061,4144.465353253428,0.2730553156945666,3,4035.3161789913165,2,1,0,0,0,3,1,0,0
1837.20652880481,1113.4537734575085,1.6500070075652056,1954.2723572912296,0.9400974853634619,5,8374.122856927916,0,2,0,0,0,4,1,7,0
1276.7081077677076,897.3458791850455,1.4227603172671752,1663.7507503401384,0.7673674121599623,3,2376.582086844289,2,2,0,0,0,4,1,0,0
2381.141556034824,2324.911560133474,1.0241858644713875,11105.1043113509,0.21441865733768745,5,13814.333728640811,2,2,0,1,0,4,1,3,0
150.50934118450635,826.1188596600666,0.18218848223176784,1340.8383085819962,0.11225017977274049,3,4358.4911691246,1,1,0,1,0,3,1,4,0
1653.4050907177416,2411.6909251360657,0.6855791815961897,6476.7535719040925,0.255283001331122,2,7828.595574013863,0,3,0,0,0,3,1,16,0
212.0122309834894,986.0411616747763,0.21501357065397733,3903.140920638332,0.054318364438867416,3,2178.288910273097,0,4,0,0,0,2,1,15,0
5326.858303939924,1260.606720637169,4.225630576717442,2232.777412268891,2.3857542962721516,1,2168.0311478418976,2,1,0,0,0,5,1,17,1
870.8147203772173,1544.2352145805796,0.5639132640902338,2656.3566109168246,0.32782297256265647,0,2304.0351905879315,1,1,0,0,0,3,1,19,0
202.60067826923589,267.10106964056934,0.7585169110025285,1322.9497863775389,0.1531431354050035,1,360.85606491025123,0,3,0,0,0,2,1,2,0
755.6228886147023,1395.1882602078256,0.5415920633550526,2755.068708799653,0.2742664406884855,5,6223.45446629572,1,0,1,0,0,4,0,13,0
138.0198965208293,630.113037184828,0.2190398997891938,1058.139395224664,0.1304364029386931,1,643.2519939294641,2,2,0,0,0,4,1,8,0
4310.565946925779,1299.7872955096373,3.316362578567624,6095.607744311139,0.7071593395996831,3,5384.508967404802,3,4,0,0,0,4,1,9,0
279.78960437324747,2010.5555860184438,0.13916034270274624,7375.801729556682,0.03793344976344206,2,6521.617465610266,0,4,0,0,0,4,1,21,0
685.0841140514535,2127.495378754768,0.32201438409348565,5905.8899324239155,0.11600014932385964,4,7225.091696866585,2,2,0,0,0,6,1,17,0
1796.6535982404366,656.131138814073,2.738253821465943,2782.148677416488,0.645779146464888,4,2731.627776136639,2,2,0,0,0,5,1,17,0
619.7431513632533,4099.93237308625,0.1511593594644435,7319.029707411203,0.08467558899722806,3,7934.346673867008,2,2,0,0,0,3,1,6,0
7378.855486343251,2304.0885936450977,3.2025051062250203,10105.294205738583,0.730196997347485,1,4092.0764475410588,2,1,0,0,0,7,1,12,0
105.95181801823766,979.8390870149839,0.10813185493652125,3466.1874428742767,0.030567249972603596,3,2957.27617559111,2,0,1,0,0,6,0,1,0
223.5276269358446,954.9025412756653,0.23408423087578287,3532.913711783628,0.06327004992799395,3,3140.861509244036,3,2,0,0,0,5,1,12,0
1857.3038119947514,1653.0302703377697,1.1235751972135646,7922.008149113429,0.234448611644335,3,5503.365992063017,2,3,0,0,0,2,1,20,0
379.35347539679947,1538.1024858691194,0.2466373202579165,6190.973325728126,0.06127525599574173,5,5778.383329745473,1,0,1,0,0,2,0,1,1
580.4363905820928,1125.164185368245,0.5158681711790595,3860.334678112837,0.15035908515213114,4,6024.1951992921995,1,1,0,0,0,4,1,10,0
767.052525069041,721.4695963925419,1.0631806647215916,3440.7718125380065,0.22293036762099092,7,6231.111311836888,0,3,0,0,0,4,1,14,0
1331.2579909366248,2579.118540344899,0.5161678186217059,5833.835366634501,0.2281960163892349,1,1627.4412509862445,0,2,0,0,0,1,1,0,0
1304.256978742737,1194.3344163373176,1.0920366698822264,5363.5218049049045,0.2431717491201402,1,1928.387842728974,2,3,0,0,0,3,1,20,0
1990.4747996334288,879.1560381860468,2.26407453646153,4168.672605141022,0.4774840790276196,1,1233.612850608005,2,3,0,1,0,3,1,8,0
359.4677278622002,994.0477663307622,0.3616201756471629,2653.4775904419193,0.13547042159204112,1,1504.2002168168792,1,0,1,0,0,4,0,20,0
4340.201488507507,1266.3694592149036,3.4272790274003064,4382.15239957646,0.9904268708059976,2,1758.2573502337991,1,3,0,0,0,6,1,21,0
747.270030446727,775.5636262151472,0.9635186658939942,1681.9783990063195,0.44428039675670017,3,3487.241545479879,0,0,1,0,0,5,0,10,0
4530.08071090582,2360.3754519044787,1.9192203965901717,6087.956902771787,0.7441052529204533,2,3409.405225051023,1,2,0,0,0,3,1,15,0
1263.261632297751,868.8748507989449,1.4539051638290152,3759.977788816347,0.3359758230634202,3,3646.4547571278017,2,2,0,1,0,6,1,2,0
582.3084583823747,1388.8129578763308,0.4192850124849047,3246.7591933424933,0.17935067669213137,2,2653.7774610441666,1,4,0,0,0,2,1,9,0
1224.8937887890484,2005.6514305263845,0.6107211702621598,4737.7876465017425,0.25853708105585477,3,7619.6000941127595,2,3,0,0,0,3,1,13,0
3982.8403692959873,1580.5771560187695,2.5198645660096397,5479.180319378581,0.7269044158319834,4,9448.546639893792,1,4,0,0,0,3,1,22,0
1621.5115461439382,1286.0060027795087,1.2608895624431649,3797.415128482308,0.4270040254440127,2,3926.744916563166,0,3,0,0,0,4,1,22,0
1546.7664108183274,858.2253123109936,1.8022847714119021,1298.8433513795744,1.190879877219543,2,2204.308218026448,3,0,1,1,0,5,0,10,0
3706.8554079560854,1266.4326524572975,2.9270055543526627,6328.649603530664,0.5857261248731614,1,1009.190173784615,0,5,0,0,0,3,1,11,0
600.51594290236,807.8121636321146,0.7433856160351663,4008.7515505780407,0.14980123744904292,3,3574.782810889869,4,2,0,0,1,4,1,13,0
493.88530056802887,1138.0838602477857,0.43396213391559674,1934.5681790188494,0.25529485387199513,2,3549.9799954578457,1,1,0,0,0,2,1,5,0
1755.7279029841893,2431.001009908321,0.7222242589896752,11580.714695893817,0.15160790582352565,5,19123.77914870184,0,2,0,0,0,5,1,12,0
592.7946529108788,2312.591699999719,0.2563334690299852,4759.041056406226,0.12456178584820314,2,3249.145916284374,1,2,0,0,0,1,1,18,0
736.4656221922796,488.33930232255307,1.5081022942237743,1815.9449348768862,0.4055550408207774,3,1412.331671114376,1,3,0,0,0,4,1,8,0
827.8493005956327,1518.9947049002253,0.5449981477387769,3690.483601656505,0.22432000516789874,2,5261.296449164,1,1,0,0,0,8,1,14,0
223.61758623055007,414.6281812878509,0.5393207609188198,676.7750963089655,0.33041639305306647,1,363.7015464999579,2,2,0,0,0,2,1,5,0
1365.0989910875342,1666.834620708177,0.818976864367956,6090.142726944304,0.22414893251154808,1,1420.6955083093235,2,3,0,0,0,2,1,18,0
938.3816335010174,948.765391689298,0.9890555048916866,2452.671520336082,0.3825957229578113,2,2428.0565881643047,1,2,0,0,0,3,1,22,0
2268.508886560464,843.6966366809513,2.6887731773883004,2862.392460284645,0.7925219612739186,6,3805.5295933046145,1,2,0,0,0,2,1,6,0
4992.054182452587,2651.2181055752158,1.882928519518954,11133.394764229693,0.4483856261426639,5,14785.014557543198,1,0,1,0,0,3,0,3,1
2283.106094497526,1185.1508414303696,1.9264265903418876,4544.613785850693,0.5023762638765481,2,1953.4296952905245,2,2,0,0,0,2,1,18,0
1798.4349416469167,1767.615456575811,1.0174356277302579,8006.869596565716,0.2246114939124644,1,2646.44237943128,4,1,0,0,1,4,1,0,0
12519.58973765222,2785.3236913241267,4.494841937635076,13382.125525971049,0.9355456809424719,3,12874.597971143396,1,2,0,0,0,1,1,8,1
530.1043394611877,495.24625250528334,1.070385362392081,2354.6714296075593,0.2251287941050601,2,887.8363710609024,4,1,0,0,1,2,1,23,0
649.8551857563104,910.3510393009092,0.713851204317136,2528.651570016436,0.2569967303767701,1,1096.4542055763216,0,4,0,0,0,4,1,23,0
1559.9111240765897,2566.359528230138,0.6078303164141485,4666.344996529004,0.33428971180590117,2,6728.889937988999,1,2,0,0,0,4,1,9,0
2341.901998913343,977.9261115627646,2.3947637466913436,3932.404004925065,0.595539521366643,2,3304.8043316193703,1,3,0,0,0,4,1,11,0
531.4339216157003,573.6113097383186,0.9264704384195989,1785.6752806016143,0.29760949674828574,4,3218.795126760672,0,1,0,0,0,6,1,8,0
3866.53886238483,2290.277971022402,1.6882399915232864,4523.433861660099,0.8547795724741316,4,8953.346358668112,2,3,0,0,0,4,1,21,0
1250.7334680386055,1778.1276118897288,0.7033991596977518,5629.904902054479,0.2221588978496217,3,5822.3354380613755,2,3,0,0,0,4,1,3,0
4074.448043859316,1214.220648906536,3.3556076051980765,4127.113060610024,0.9872392599918443,3,4451.622679787669,0,2,0,0,0,4,1,9,0
567.3586594690979,420.9477681013689,1.347812489963058,1464.9468831592837,0.3872895775207496,4,1621.03961507381,3,2,0,1,0,2,1,11,0
139.36397054895662,910.7807502935078,0.15301593770404703,3320.7942896940112,0.04196705920070649,4,4511.3505194310965,0,0,1,1,0,6,0,9,0
890.2309582405761,1565.8427941447285,0.5685315036538039,2589.252292292081,0.3438177735289433,2,4396.711783551305,0,1,0,0,0,3,1,6,0
1130.6337332039916,1185.3438046921142,0.9538445544056029,4439.739458361867,0.25466218092472526,3,5369.826934522837,2,1,0,0,0,3,1,11,0
1209.8046795127923,1229.4469129613794,0.98402352046151,2535.7302280629647,0.47710307118788337,2,3361.9562844644493,0,1,0,0,0,4,1,5,0
1779.7572997797345,1117.9503959928322,1.5919823510587543,2863.611595143668,0.621507924747191,2,3098.7093015794203,2,3,0,0,0,3,1,15,0
188.15793624666728,1343.8919965173034,0.14000971561277145,3116.7572917662815,0.060369774940042656,4,7701.232275314531,1,1,0,0,0,4,1,10,0
4792.332497276733,6045.86682130489,0.7926625972621731,12633.092220034985,0.3793475432464991,6,58748.42102366677,1,2,0,0,0,5,1,2,0
2846.8195859322827,700.358570663872,4.064802952627215,2120.2726539878404,1.342666746457321,4,1999.3463821106104,1,2,0,0,0,3,1,21,0
1254.9012983090493,599.6307500032061,2.092790101745682,1195.2837610404993,1.049877308812974,3,2524.8055498912227,1,2,0,0,0,4,1,17,0
686.8560061977089,1553.4780909563426,0.4421407744314378,4590.856790816563,0.14961390378625591,1,1509.294334296899,2,1,0,0,0,1,1,0,0
1226.143173394892,1008.0845336655838,1.216309875260566,2314.933638284535,0.5296666621957754,2,1534.3911772626732,1,2,0,0,0,3,1,11,0
127.345510209678,481.9321597541905,0.26423949436084654,1102.7691443283893,0.11547794102203886,4,2043.8577398144266,3,1,0,0,0,5,1,18,0
2627.0395251706163,1011.7971635793069,2.5964092604067703,2732.23967679218,0.9614967337912773,4,7097.5591683365,2,1,0,0,0,3,1,11,0
2265.918241614625,1437.2109031483617,1.5766080236734168,6345.4694997928045,0.35709229107296364,3,4278.564729930432,4,0,1,0,1,5,0,0,1
145.04301653377246,1164.06098970702,0.12460087385135894,4029.07159811892,0.0359991161739319,4,4243.416737787269,0,0,1,0,0,6,0,10,0
981.6867315081959,869.8988639296383,1.128506740511848,4316.662937701802,0.2274179720946309,0,1335.6757876567424,0,5,0,0,0,4,1,2,0
3134.9355390733126,1532.5613745878723,2.045553014094683,5859.3969745784625,0.5350269921417719,4,9715.028376358718,0,2,0,0,0,1,1,22,0
854.0922414007418,568.0400661950484,1.5035774626282636,2254.6863763212236,0.3788075585014578,1,422.7303676603858,2,2,0,0,0,4,1,4,1
613.1064130474782,1843.3935041608909,0.33259660059752844,3905.022862125838,0.15700456429945508,3,7464.385913429367,1,1,0,1,0,4,1,15,1
343.6100107612229,991.5546638632817,0.3465366290774674,3884.0976988777315,0.08846585163408874,7,12356.969703548004,1,2,0,0,0,1,1,17,0
134.5325654132202,747.4023781714792,0.18000018375958915,1808.2851831264047,0.07439786968813313,3,2937.671376098388,0,1,0,0,0,7,1,21,0
199.90398065891083,1502.0696821835209,0.13308569038442708,3711.6045290762963,0.05385918114197925,6,11005.56657303988,3,0,1,0,0,4,0,17,0
3516.9306061695256,1672.3500992824427,2.1029870525786074,4332.994931181763,0.8116627556751683,3,6580.271345123145,2,2,0,0,0,4,1,4,0
1036.6807468685208,846.4462395461956,1.2247449376398856,3760.547127752337,0.2756728506918461,2,1162.766029498031,1,5,0,0,0,3,1,15,0
1450.6929222315773,1619.5241371702214,0.8957525787583251,5503.714646423338,0.2635843272096836,1,2546.1642000439906,0,2,0,0,0,3,1,8,0
16182.407280763377,1973.6403106777093,8.199268728559083,16074.151100855157,1.006734799195863,2,5627.800574490465,0,1,0,0,0,6,1,14,0
1267.0721977578432,2552.2981540925803,0.4964436446134272,9719.10380609159,0.13036924216857187,2,7467.1432665345865,2,1,0,0,0,1,1,11,0
87.00192042038427,1113.2252133516747,0.07815302723735545,1789.9394195758287,0.04860606983056531,0,1929.998659538235,1,1,0,0,0,5,1,17,0
482.97069895840923,840.6031749078824,0.5745525515191346,2036.0729147014126,0.2372069759737638,2,1241.3377201518879,0,3,0,0,0,1,1,1,0
721.4723736785083,663.9155614406419,1.0866929705834472,1584.9179084650136,0.4552111941098901,4,3912.043271367091,3,1,0,0,0,2,1,3,0
1618.2505941613665,3767.4727507497855,0.42953212968542626,14774.233600405996,0.10953194852130245,3,13083.988627088835,3,0,1,0,0,1,0,2,0
331.8372741382745,608.5358376208816,0.5453044071087386,1968.4848651329858,0.1685749685029234,2,1017.5038928258775,0,1,0,0,0,4,1,19,0
20833.81067683454,3880.1017462613836,5.3693980310976785,14784.505607628204,1.4091651915695538,1,2579.7133996699804,1,1,0,1,0,4,1,10,1
448.49382880108794,569.5800774106444,0.7874113695127399,1832.4231310017992,0.24475451177910698,4,1971.6062956384799,0,1,0,0,0,5,1,18,0
228.63354064348133,1927.4295382535702,0.1186209592131936,3223.719996817127,0.07092227019381891,2,2839.1590292550227,1,1,0,0,0,3,1,17,0
2057.665872291381,1444.5084320201179,1.4244748086473777,6055.923865092498,0.3397773680993845,2,3500.646233832507,1,2,0,0,0,3,1,7,0
4807.862762434374,2397.2845642499574,2.0055452882535114,11415.136878168514,0.42118310220435706,2,3205.4536039688846,2,1,0,0,0,2,1,19,1
422.0203532294036,606.686726183809,0.6956149442794028,1493.7445036011884,0.2825251254227061,4,4093.9687868456826,1,4,0,0,0,3,1,4,0
2892.504830558181,1589.791105819791,1.819424463987445,4906.757029723724,0.5894942042241378,3,4663.537997489026,0,1,0,0,0,5,1,5,0
5444.666747298819,1687.4235733525288,3.2266153165571216,5198.6106578721065,1.0473311247215864,0,2712.1784363996835,1,2,0,0,0,7,1,4,1
235.39223533885968,839.4159835256282,0.2804238184150242,3686.5142241115627,0.06385225202693702,4,2454.9067434031836,1,2,0,0,0,3,1,7,0
3892.5485982552796,2972.742290701742,1.3094134027125537,4783.475833592883,0.8137489837241584,1,2410.3195377922084,3,1,0,1,0,5,1,8,1
283.979774829344,350.95202710512723,0.8091697807583207,1078.100744544879,0.26340745636830654,5,2336.347677774718,1,2,0,0,0,2,1,16,0
7860.142818195076,1188.8015013401823,6.611821073016841,6491.247785354081,1.2108831888885174,2,2684.090133974969,3,0,1,1,0,6,0,14,0
3053.827824619253,645.0670525428008,4.734124634921777,3007.661235574433,1.015349663884604,1,797.1742936337431,0,1,0,0,0,2,1,3,0
2320.9197483716916,1451.5893959100752,1.5988817188324727,7110.126536394278,0.3264245349912841,1,1561.1797737014813,2,0,1,0,0,4,0,19,1
1172.8448379586307,1441.3860866481346,0.8136923540631767,3781.1506942430683,0.31018198765373917,2,4991.879936708357,1,2,0,0,0,5,1,21,0
575.1389634054154,1012.9476712664767,0.5677874383050072,2210.027257578291,0.2602406651018606,4,3578.580091464304,1,0,1,0,0,1,0,0,1
505.39970091914375,863.7043180664439,0.5851536114240705,4125.431421470378,0.12250832683555074,3,2199.1786877488807,1,2,0,0,0,1,1,12,0
3974.8619709315676,1018.8885650911443,3.9011743846354756,2438.0019367278,1.6303768717536322,1,804.0999598913642,0,1,0,1,0,5,1,22,0
2180.334726124475,1541.1915959746275,1.4147071213074338,3350.605571156493,0.6507285563224059,4,8058.570126828747,1,3,0,1,0,6,1,2,0
2726.2115212842214,903.3605585681779,3.017855379479101,2379.1580837263177,1.145872373900576,4,4868.352895468354,2,3,0,0,0,2,1,4,0
2023.247739517325,561.3217846465052,3.6044347375391355,2043.3415140764823,0.9901662182162246,1,383.7055621211563,1,3,0,0,0,1,1,17,0
353.623330458354,422.36216407689415,0.8372514409078894,660.0897738003324,0.535720055807621,3,1048.175824785819,3,0,1,0,0,5,0,19,0
528.1959116246571,822.3434107720792,0.6423057626603297,2205.622054815419,0.23947707199947277,3,3271.5829342089232,1,4,0,0,0,3,1,19,0
5251.31332836765,1176.0703041158608,4.465135553537721,5474.286790783549,0.9592689475474148,5,9068.009130238415,2,4,0,0,0,3,1,3,0
3397.4733069082586,1200.3653968511226,2.830365916762291,2629.519114358494,1.2920511923097837,2,1897.1616413725785,1,1,0,0,0,5,1,17,0
2160.5162781929585,575.5330511827335,3.7539395413574397,2033.116539783563,1.0626622900932958,1,742.783659251562,1,1,0,0,0,6,1,14,0
856.7474927571668,713.4552530924934,1.2008426443614633,3465.4833406335997,0.24722308796340262,8,7112.070267546602,1,0,1,0,0,5,0,14,0
3976.160659502061,1017.2201300649662,3.9088497582604056,3409.410714959242,1.1662310563101503,2,1538.8686547540228,0,0,1,0,0,3,0,10,1
858.6702583168455,760.3943133885105,1.129243398060662,3435.8564988930234,0.24991447069849831,2,2081.734963456102,1,1,0,0,0,5,1,11,0
2729.1584525653434,1997.637908628632,1.3661927623504584,6083.637472457862,0.44860635843620233,2,6984.451708364811,0,5,0,0,0,3,1,15,0
322.27805214506407,740.3116272914823,0.43532755702373127,2259.8744995583124,0.14260882726366114,3,3074.635092179529,1,4,0,0,0,2,1,2,0
771.0297899045911,840.2104453873495,0.9176627047871737,4020.4270105781175,0.19177808423730613,4,3728.4889665627074,0,2,0,0,0,1,1,11,0
1978.8820495105492,1684.2653144464848,1.1749229961200542,4223.748898016955,0.4685131851563506,4,11770.336970047783,3,1,0,0,0,2,1,18,0
2461.6900973628613,937.5928611768086,2.6255427054693015,4391.163659680884,0.5606008539298574,4,6244.652306723637,2,4,0,0,0,3,1,21,1
3083.855324127643,619.1858600261986,4.980500239455018,2910.0537690393685,1.0597245167554576,1,945.1489144535446,1,5,0,0,0,4,1,21,0
280.53690054176445,662.3946728204595,0.42351925831052584,1792.2880491188714,0.1565244496718497,3,2297.696240637987,2,3,0,0,0,6,1,23,0
3327.42227680117,651.7141193231748,5.1056470592608925,3623.5155495087047,0.9182856348587546,2,1857.330189596484,0,5,0,0,0,4,1,9,0
133.82482272567185,527.5606673583181,0.25366717233826364,2383.6099450491124,0.05614375917655206,3,1726.863522989366,0,4,0,0,0,4,1,6,0
72.0455699858529,351.57292441130335,0.20492354497005336,639.5043595108704,0.1126584501174589,1,385.08133432880675,0,2,0,0,0,2,1,3,0
1254.2806352466087,1908.1838259261276,0.6573164588258942,6188.0818809103475,0.2026929603365377,3,9004.012826044687,1,1,0,0,0,2,1,3,0
6686.206135454895,1292.5915128390682,5.172713938658941,2723.915386260597,2.454630628095151,3,5051.123680219804,0,0,1,0,0,2,0,13,0
1761.4535833072018,1742.63139289192,1.0108010164926766,6308.601348784813,0.27921459701150714,5,7708.5755919329,0,3,0,0,0,8,1,19,0
2763.700959322113,1093.0553860826249,2.528418042224626,2837.9845109238086,0.9738252441774197,4,3750.0255745459235,1,1,0,0,0,4,1,0,0
609.2829417897384,2573.3046317062617,0.23677062337767052,4345.704325844427,0.140203496626832,2,3851.1407478342676,0,1,0,0,0,4,1,22,0
341.58643160690514,608.0257512829694,0.5617959944725006,1958.7950011866496,0.17438600333366688,4,3770.6187189572747,0,1,0,0,0,3,1,22,0
5457.9873216974465,2085.830318239639,2.616697664220251,7264.01441911121,0.7513734151377496,2,5847.90394054332,1,1,0,0,0,3,1,11,1
402.97233727550224,1060.04098672897,0.3801478832615495,4423.183782567737,0.09110458825239444,6,4754.241969023455,0,2,0,0,0,6,1,18,0
211.3747218936822,528.8344822329473,0.39969920456240854,1278.4020458000666,0.1653429158597731,4,2546.194161808222,2,2,0,1,0,1,1,23,0
1395.0996539037897,1248.3725788704014,1.117534682767668,4744.055257217809,0.2940732302350874,0,2127.39737211246,1,2,0,1,0,1,1,23,0
7027.312958042316,2086.6152670296115,3.3678048220389014,9418.002431104069,0.7461574797256137,0,2992.7813367477265,1,3,0,0,0,1,1,14,0
516.0623558140682,944.6139382913377,0.5463209200020339,2651.9866297758617,0.19459462955802467,2,1858.2114301334311,3,1,0,0,0,4,1,23,0
352.51917264749767,693.1421117229761,0.5085813813436095,3328.295513064138,0.10591582726467608,7,8654.48767399326,3,0,1,0,0,6,0,19,1
2945.8347363975918,2056.2209000915154,1.4326450705108982,4217.82706568995,0.6984247316255754,2,7303.95297208633,1,1,0,1,0,4,1,5,0
940.9000170037491,381.27284295859783,2.4677866110330884,1811.9661729625245,0.519270188949167,5,3029.0476243967605,0,2,0,1,0,6,1,2,0
886.7081086508273,1118.2970208903043,0.7929093005585374,4266.677914622444,0.20782166509732702,2,1654.4860635002285,1,0,1,0,0,5,0,15,0
4508.3319034730985,2193.0548184004892,2.055731514619075,4315.401206402879,1.0447074762791377,4,7407.795936575129,1,2,0,0,0,6,1,6,0
1439.3178680219926,492.6455569761071,2.9216093551246587,1258.2446211061879,1.1439094146546909,3,1035.5570497124713,0,1,0,1,0,2,1,13,0
1714.812316809201,1783.9611518039478,0.9612385982033167,4583.919590919162,0.3740930186049247,2,6409.374963928919,1,3,0,0,0,4,1,18,0
405.88770991256973,865.5638181579342,0.46892869294879636,4255.325568567898,0.09538346793267069,1,931.9292234973109,2,2,0,0,0,5,1,1,0
1610.303598452042,1470.0814047449583,1.0953839653059285,4594.241229913913,0.35050479891370784,1,1114.5752176842977,2,3,0,0,0,4,1,1,0
1040.8396801258884,2090.844892023591,0.49780817510500663,5546.462306503337,0.18765829867904868,4,5730.834242349955,2,2,0,0,0,6,1,6,0
516.6597255876751,860.9288907313831,0.6001189310173553,3453.110401163228,0.14962154856492024,3,3023.8905726384564,5,4,0,0,1,6,1,9,0
4906.82169227954,1284.0086609389245,3.821486444407199,4896.44937769665,1.002118333874774,3,6756.3325847227825,2,2,0,1,0,4,1,23,0
1236.091879430326,1069.690919070312,1.155559851349057,4073.6132209810385,0.30343869493153325,7,6927.415676136152,0,2,0,0,0,2,1,17,0
917.2275367422158,1615.645180145427,0.5677159490301296,5607.81245553503,0.16356244864018105,2,4560.546748611759,3,3,0,0,0,7,1,21,0
928.8893629517429,1571.7587873179439,0.5909872242780992,7489.370540714781,0.12402769470437902,6,10211.823539575122,0,4,0,1,0,3,1,23,1
1476.704961661424,1809.4796226195358,0.8160937228591927,5145.836384965835,0.2869708345130815,3,8041.604917864646,1,0,1,1,0,7,0,2,0
440.00721031678745,772.8736102939833,0.5693132802780247,1273.8276576950216,0.34542130378372854,3,2065.045026980018,0,1,0,0,0,5,1,18,0
257.33904146673206,617.3665076805074,0.41683349884588694,1241.5605762577609,0.207270628906717,3,2710.2962805346183,1,1,0,0,0,4,1,9,0
4687.5649382015445,1623.3398810030606,2.8876053579766063,4731.03653401985,0.990811401369296,8,9326.978115886193,0,4,0,1,0,3,1,10,1
219.6487368838463,699.8558428905222,0.31384854340382456,2784.8202997606004,0.07887357647555522,2,1461.1119295772314,2,3,0,0,0,7,1,14,0
4159.863918595883,2507.9538163802595,1.6586684696609892,12329.223197980602,0.337398703210858,5,22547.82751298608,4,2,0,0,1,3,1,2,0
2964.487719042965,1400.5188195153942,2.116706807316401,4650.127778694202,0.637506722422888,2,3378.6026983668085,3,2,0,1,0,2,1,13,0
1960.9752210579986,2749.4254080836486,0.713230922829363,4238.375949688642,0.4626713732655205,5,15872.000780123353,3,2,0,0,0,1,1,12,0
43.896054339126756,671.7584905756468,0.0653449937067578,1060.7025844237116,0.04138394210001462,2,1075.5675368827776,1,1,0,0,0,4,1,7,0
272.7996949768218,1065.484877924214,0.2560333803219172,3565.8428968324924,0.07650356531947816,6,10312.0919021185,2,1,0,0,0,4,1,16,0
232.907831890229,783.5532391878189,0.29724570104725284,2480.472664327347,0.09389655255619953,4,4235.8693391735305,0,2,0,0,0,5,1,6,0
377.55458306944485,2849.0544804094257,0.1325192570607453,8910.770134768152,0.042370589450657886,6,12430.090109846416,0,3,0,0,0,1,1,23,0
143.4004761426393,1113.7050231392948,0.12875983600974,1839.7183299144988,0.07794697362682898,3,3719.4300153285826,1,4,0,0,0,3,1,4,0
273.35791690108357,562.5375832887507,0.4859371622833756,2218.5098933158656,0.12321690235625359,3,1813.4865388000137,0,3,0,0,0,5,1,6,0
1687.2967648663123,993.0303494042522,1.6991391712031467,4425.421961748493,0.381273645643422,3,3907.933488689988,0,1,0,0,0,2,1,20,1
2200.713063093852,1076.1077810110507,2.0450675126855646,4044.5211184761847,0.5441220353728783,2,2806.8862500133328,1,3,0,0,0,5,1,20,0
171.46131437289816,473.47034190797115,0.36213739108124593,1899.9321210123487,0.09024602114813329,1,439.9080275052391,1,0,1,0,0,5,0,18,0
628.4863682479307,1118.1751997291888,0.5620643065596018,2706.246605477813,0.23223543891964185,2,2411.238445235933,0,1,0,0,0,3,1,18,0
480.4155428379546,494.46494357283007,0.9715866596459611,2017.5637617700697,0.2381166592804341,2,1759.5296561414968,4,1,0,0,1,6,1,10,0
506.0003328837045,900.6406417664206,0.5618226731266417,3446.5960648361556,0.14681161452198163,2,2027.0407775726028,0,2,0,0,0,4,1,4,0
761.667775603283,534.2867967294706,1.4255785100168663,1338.7390067961483,0.5689441868330226,2,1362.673371004453,1,3,0,0,0,1,1,20,0
1640.0626946127486,687.9359571514617,2.3840339752028092,2128.208607548413,0.7706306086704614,2,1783.0768706021445,1,2,0,0,0,1,1,1,0
3987.462506082355,1240.6442300133608,3.2140257534099144,3817.5103395207752,1.0445191110033547,4,5319.9986148406415,2,2,0,1,0,6,1,14,0
2111.47825873428,1075.3190097864424,1.9635831223272229,2320.693079865732,0.9098481298769777,2,2577.8003850644814,0,1,0,1,0,6,1,9,0
1362.2113807026801,835.5879610778518,1.6302429476670772,1797.8323608674325,0.757696551888425,2,2572.8104390323347,2,0,1,0,0,2,0,2,0
4464.690305647744,1792.068393933481,2.491361557829844,4612.389774604047,0.9679776696736385,2,4265.9408412705725,1,1,0,0,0,4,1,14,0
1295.8707734991442,960.0935029675366,1.34973392642879,3570.772743750824,0.3629104584622574,3,2335.1924880891324,2,3,0,0,0,6,1,23,0
357.12092953411536,487.0026769951432,0.7333038326146138,1181.4256390269347,0.30227965073472857,6,2211.9978149194512,2,4,0,0,0,7,1,18,0
637.0355840136558,2248.9132491199825,0.2832637427268183,9286.788106041344,0.06859589954456315,3,8392.592981316104,2,3,0,0,0,1,1,15,0
2926.3884794727446,1404.3717136889068,2.0837705936029636,6328.734235565642,0.4623971193208421,2,3056.3935643804202,1,4,0,0,0,4,1,14,0
441.01867214878666,661.34055403924,0.6668556305147124,2957.26417500551,0.1491306308973783,3,2208.986203909475,0,2,0,0,0,3,1,10,0
105.38611244998448,699.7904615172984,0.15059666892498708,2435.3621110909367,0.0432732824289428,2,2336.655211489988,1,2,0,1,0,6,1,20,0
451.9933268594798,629.098375322073,0.7184779751308011,2173.1232497388287,0.2079924950937787,2,1009.3475425900505,0,2,0,0,0,4,1,14,0
1554.7367014906115,859.8283308868116,1.8081943169831165,3110.250870270194,0.4998750153409806,1,975.0646049813088,4,1,0,0,1,2,1,19,0
2363.8418293442737,1693.0658550716987,1.3961901258968858,6979.257783479103,0.3386953029503831,1,2359.4662880753535,0,1,0,0,0,5,1,9,0
2612.3151678983,830.2223827461512,3.146524620617271,3444.150311398824,0.7584788501397668,3,3138.177801272401,1,1,0,0,0,2,1,21,0
563.581408773237,1047.5019713898,0.5380241986804959,2254.07474719105,0.2500278260406194,5,8860.758258501171,2,1,0,0,0,5,1,20,0
908.1644472377706,1509.2600254592999,0.601728285330685,4022.468254107658,0.2257729309138419,3,6215.018894870135,5,1,0,0,1,1,1,17,0
723.2643133364622,897.8881074559558,0.8055171990034856,2164.5745856141907,0.3341369330229101,0,1518.476919415631,0,1,0,0,0,4,1,23,0
3279.6992915684336,1654.7575639511142,1.9819817494820193,4170.500792499598,0.7864041885489582,2,2878.868333679343,2,1,0,0,0,8,1,19,0
4740.91145732191,1193.9677626473333,3.9707198181047128,3114.476761488924,1.5222176373072196,0,1551.9601247326998,0,1,0,0,0,9,1,18,0
1729.3861698378016,512.1852520612933,3.376485681455829,1943.8900183164778,0.8896522712409167,0,683.6513254144089,1,2,0,0,0,4,1,9,0
4730.824565391861,2648.1960996086473,1.7864328725848462,6207.964088604865,0.762057334396571,5,12094.843947534064,1,1,0,0,0,2,1,12,0
844.891860323189,692.7304201130057,1.2196546243564141,1088.8255123215235,0.775966259756134,2,2196.4421793174656,2,3,0,0,0,1,1,2,0
10054.157678685671,1773.4992115030454,5.66910749859581,6095.522933466783,1.6494331640497077,6,17339.952271896505,2,1,0,0,0,3,1,10,0
220.14343045235844,1883.4898144630768,0.1168806057574112,8860.254555723644,0.02484617446009469,3,6908.64499774032,0,1,0,0,0,1,1,23,0
3383.341719572114,875.5580949370222,3.8642115687542966,3322.6942184575605,1.018252507491558,3,3593.4442299911675,3,1,0,0,0,1,1,2,0
1581.4411680558019,1348.697494054023,1.172569219582502,5623.107218444144,0.2812397321659768,2,2607.0808933279095,0,1,0,0,0,2,1,11,1
1315.3967455425013,1244.9458272191268,1.0565895453304526,3310.6201383420357,0.397326389188599,5,4416.406788279405,3,0,1,0,0,4,0,6,0
1111.3769279645358,1197.2505177984244,0.9282743347718085,5146.411586548534,0.21595181599338156,4,4103.25785260406,1,2,0,0,0,2,1,6,0
1321.9079456365066,617.2812550878823,2.141500223343582,1013.3951951918606,1.304434787048933,1,805.8377343678779,2,5,0,0,0,4,1,2,0
8658.404718702152,1069.926770102131,8.092520872130018,5960.189721483729,1.4527062263626618,5,3903.884726036995,1,1,0,0,0,1,1,16,0
711.9407573458885,2059.468590556822,0.34569148595434507,6578.22336485506,0.1082269053297151,2,6651.060239313766,2,4,0,0,0,5,1,16,0
760.3074710570424,3013.8515997061368,0.2522710378743186,11963.740898732489,0.06355098104286043,3,7591.957906942346,0,1,0,0,0,4,1,19,0
1074.5346176537416,677.9578142769458,1.58495793547236,2882.8704211338572,0.3727308066906171,3,2600.864190925215,0,3,0,0,0,5,1,5,0
1071.8603261355477,2218.3541649567846,0.48317817915086086,8248.343549550958,0.1299485550882395,3,7029.6719676464245,1,2,0,0,0,6,1,19,0
2640.265733446318,1494.6392689762856,1.766490275111465,6367.217358718567,0.41466555713400116,3,3392.293506253756,5,1,0,0,1,5,1,14,1
547.3565245092783,837.9091869421707,0.6532408679116855,2988.87553017593,0.1831312542068488,3,2378.9906655965387,3,2,0,0,0,6,1,23,0
6199.8004178973715,867.0657627294445,7.150323175465909,4281.280590918835,1.4481182174903398,3,3726.187954767014,3,3,0,0,0,8,1,9,0
18449.736768985804,882.8548064074536,20.897815399637654,20832.76386021837,0.8856115728464083,2,1823.3414942331783,2,2,0,0,0,3,1,7,1
272.7271277189651,325.17487840905505,0.8387090941751254,774.0123449463117,0.3523550102264615,2,1052.593188984444,0,3,0,0,0,1,1,15,0
323.06785317285585,888.3385652629399,0.363676492055966,2976.115797908025,0.1085535224805255,1,572.7160097841141,0,3,0,0,0,4,1,21,0
670.9142588062056,384.03462630993977,1.7470150159447762,1170.8138914795566,0.5730323697802832,5,2716.4374864291003,2,2,0,0,0,3,1,14,0
1767.6395698614467,3147.7676425255204,0.5615533834140414,10920.516975210883,0.16186409250348813,2,9573.834312315334,3,1,0,0,0,6,1,16,0
1797.4849987159291,868.8674555757623,2.0687677817611556,4257.051818666903,0.42223704931992395,2,1139.7732565187541,2,4,0,0,0,7,1,6,0
4478.99360032823,1269.2227680815433,3.5289262948680964,3333.080024831016,1.3438001989032085,4,5538.748776407732,0,4,0,0,0,3,1,8,1
2038.642196642239,992.3786179394142,2.0542987926072995,2210.1487044132655,0.9224004667972978,5,5050.857542563273,1,2,0,0,0,2,1,11,0
1368.6312353611677,1248.8231674235901,1.0959367755682736,5536.728951581646,0.24719130145791202,3,3236.4235993705033,1,4,0,1,0,5,1,16,0
3569.508030336609,1250.990935130013,2.853344440873696,4096.533247941961,0.8713484828006407,4,3290.4117529355935,2,1,0,0,0,2,1,5,0
705.7405792959005,1157.6878564279075,0.6096121466398478,1793.1843922583946,0.39356832590265184,3,4067.3465506915622,1,2,0,0,0,3,1,4,0
1074.9289693447665,938.7815532092397,1.1450256619019672,4546.373500901797,0.23643657282701228,6,6374.464481617314,0,1,0,1,0,4,1,7,0
636.2368598519743,1411.9306964003642,0.4506147939654711,2173.0193094099263,0.2927893263979976,4,6063.140379323683,1,1,0,0,0,5,1,0,0
4210.10369054385,1055.1586025957336,3.990019775403263,2412.752180651554,1.7449383008771866,2,2599.8489987527237,1,3,0,0,0,4,1,11,0
719.5341246541129,1449.4903400832782,0.4964049119587601,5775.688516169689,0.12457980077002011,4,7566.769358279923,1,3,0,0,0,2,1,11,0
920.7778545675736,1957.8018955047658,0.4703120661399586,8378.549241712299,0.10989705114860637,5,8457.59995791254,0,3,0,0,0,3,1,3,0
459.9506511715058,615.6244826500562,0.7471285891548255,1680.19901002002,0.27374772180470774,3,1753.6562537360153,1,3,0,0,0,7,1,4,0
704.169838586311,1363.375134865477,0.516490157828638,4460.702527160444,0.15786074823388085,4,5650.213622820549,0,5,0,0,0,4,1,15,0
2000.6548773358127,1998.0226096412548,1.001317436390287,5619.190678488848,0.35603968468175257,4,12602.569865625408,2,0,1,0,0,3,0,22,0
5234.476130647898,1202.4028022218688,4.353346583171074,3354.9109726555894,1.5602429314255493,4,5481.371976178864,1,2,0,0,0,4,1,2,1
2525.406013971058,803.2575067496338,3.1439556963371134,1634.7132917778893,1.5448617361057027,1,783.0853630066069,1,3,0,0,0,4,1,4,0
990.7799624398632,589.8231735059367,1.6797915153970986,2722.271630952629,0.36395338039545694,1,704.3703200662617,1,3,0,0,0,7,1,16,0
228.5155890698484,754.9286471063688,0.30269826154530705,3522.1110709542554,0.06488029039014265,0,471.32910805533044,2,1,0,0,0,3,1,7,0
1398.7059704684261,740.2493054360332,1.8895066299920924,1538.501959812203,0.909134994302613,5,4546.636698559716,1,2,0,1,0,5,1,13,0
3294.4713558657018,1744.576947461216,1.888407020773695,7114.905675783423,0.4630379524325805,5,7472.081224888514,0,0,1,0,0,10,0,2,1
20556.79420900341,2218.050378981566,9.267956401622495,17945.96467644022,1.1454828190980857,1,3855.830807538031,3,3,0,0,0,7,1,19,0
14947.08960724952,1810.2317216198378,8.257003470182543,11588.969417792678,1.2897686643560455,1,1678.9909941642036,0,5,0,0,0,8,1,18,0
109.26017822846397,507.3437423897534,0.21535729939983714,1057.2707833713087,0.10334171713330349,4,2677.2632108519224,1,2,0,0,0,3,1,13,1
15328.616852425566,893.800493078697,17.14993107648232,17310.26225932742,0.8855219304471214,1,858.292064244759,1,1,0,0,0,6,1,18,1
2621.5982028786907,1182.2575733212757,2.217450970107914,3637.056135710723,0.7208022381448341,2,2361.6112687744135,1,4,0,0,0,5,1,2,0
3970.6072714559946,1287.617370856656,3.083685698348677,2875.5094039361443,1.38083612803381,6,11552.23461828802,0,2,0,0,0,7,1,16,0
8387.915229517785,1577.8097928920831,5.316176428429285,5434.898736372226,1.5433434248522329,7,15516.787670017251,1,2,0,0,0,6,1,16,1
1014.3357446094526,2113.9379626892432,0.47983231415129457,9347.399730345582,0.10851528487826333,2,3595.7875840851557,1,6,0,0,0,3,1,15,0
6309.647122605444,2901.711525373401,2.174457063506166,14408.945533266002,0.43789790918692356,4,9843.719459824531,1,2,0,0,0,6,1,11,0
459.5743264261433,1142.4195926569873,0.4022815516996573,4554.092072838037,0.10091458825946484,0,1832.3411048431735,0,2,0,1,0,2,1,2,0
1389.5380589460685,1233.2259447801468,1.1267505884282933,3634.612808486239,0.3823070385108751,5,4517.945525428823,1,3,0,0,0,3,1,20,0
815.9662492033282,929.3661904136972,0.8779814217688614,2536.2430445526124,0.3217224196852407,7,6845.171129671146,1,1,0,0,0,7,1,10,1
742.6064717830017,642.8582732313992,1.1551635915801581,1276.5336981409216,0.5817366771159239,4,2299.819294831206,1,3,0,0,0,6,1,10,0
1329.3408612207177,945.8155384039738,1.4054969571169529,2127.312794573014,0.6248920537741315,2,1187.4302150687972,0,2,0,0,0,1,1,21,0
399.2827409473138,195.44665174236286,2.0429244368619166,944.1111263174886,0.4229192198006591,5,1265.4066751403748,0,0,1,0,0,3,0,20,1
1642.8778310859745,1217.7014792207374,1.3491630412876947,2528.36949666695,0.6497775871966956,2,2640.530422285119,1,2,0,0,0,5,1,22,0
3275.2819562001214,2240.4206040854747,1.4619049433073172,4406.5940274299355,0.7432683691332393,6,12003.010643524314,1,4,0,0,0,6,1,9,0
890.3470975688275,525.468792584117,1.6943862511612446,2054.6893941335125,0.43332442368706425,1,830.7866013647379,2,1,0,0,0,6,1,1,0
356.89667120024984,1009.8762937479762,0.35340632650727083,4629.465502280561,0.07709241402154005,4,4356.0795887849135,0,1,0,0,0,2,1,12,0
1880.0736587378115,1586.5200706238932,1.1850298609827732,6289.4412625248215,0.2989253862565016,4,8938.162013924002,0,1,0,0,0,9,1,8,1
599.6947320537593,480.9338764759578,1.2469380124519849,1468.6318391976902,0.40833564685712587,3,2357.723417952399,0,1,0,0,0,3,1,9,0
678.5605829186758,941.4459309010002,0.7207642634020065,1679.6875875026992,0.40398023297149915,2,1431.1467182247673,1,1,0,0,0,4,1,20,0
4797.415034066622,2498.6005675064002,1.9200408006208192,6498.031104212084,0.7382874838744452,4,10826.724535948795,1,3,0,0,0,4,1,11,0
1032.938154069965,760.0385104177641,1.3590602843298012,2046.941364994299,0.5046251796630442,3,2285.2864143212787,0,4,0,0,0,5,1,14,0
3730.7244060673584,2555.1716163544493,1.460068036991625,4821.67822508253,0.7737398125532322,3,12889.32426600063,0,4,0,0,0,5,1,5,0
262.9823004705165,246.5661163198679,1.0665792380383363,1192.4236676848627,0.22054434811840573,7,2793.1345773325143,1,3,0,0,0,1,1,16,0
647.5673227063098,653.8585563983164,0.99037829568728,2707.180941011388,0.23920356149684707,1,617.2366566805263,1,4,0,1,0,6,1,13,1
4607.942659222605,1979.232132732505,2.328146649913637,5297.531236433614,0.8698283131454922,3,5095.052760686207,1,5,0,0,0,1,1,5,0
1395.670807159729,1714.2298179441314,0.8141678510956899,4005.2174987844555,0.3484631752416196,1,2644.9513219023593,0,0,1,0,0,4,0,2,0
1892.884309184241,987.3092917557077,1.9172151270025743,4628.141982832606,0.40899443366379196,4,4652.358584566356,2,2,0,0,0,2,1,14,0
373.65139509638345,1962.484359004073,0.19039713278836276,3451.7571320708003,0.1082496191938684,6,21175.2106976576,3,3,0,0,0,2,1,22,0
1135.2933973870884,623.57082282525,1.8206326464143172,1411.7289178097224,0.8041865425187154,2,2166.4384393234027,1,3,0,0,0,5,1,23,0
635.5021486764498,641.9283387878863,0.9899892406626405,1739.3260539914165,0.36537263799279923,6,5498.028765128004,1,1,0,0,0,3,1,13,0
9933.183826382146,2040.2197046914857,4.868683408723476,5991.566050283214,1.6578610238157379,2,5925.508202973613,0,2,0,0,0,6,1,1,1
1245.6468336382313,870.9081061794856,1.4302850378815004,1323.4141442358596,0.9412373587388767,1,1079.9310488210035,2,4,0,0,0,4,1,11,0
321.2027507903271,636.4427474471839,0.5046844387475443,3152.8024956705967,0.10187848786322651,3,1823.978419210296,2,4,0,0,0,2,1,5,0
1841.690241162023,1990.287593201914,0.9253387537823958,4553.064289456944,0.40449467085862,2,4125.28222445792,3,1,0,0,0,1,1,19,0
959.8568790439695,879.8089331025433,1.0909833293680555,3074.0226853850936,0.31224781899217663,5,6957.078366374121,0,2,0,0,0,2,1,4,0
1141.6060265569524,1120.0078345987638,1.0192839650679104,3770.1729771712144,0.3027993764396208,2,1808.1157421523449,0,4,0,0,0,9,1,11,0
2598.702986756844,1434.338432422675,1.8117781187578545,6722.950455926577,0.3865420404022125,4,3585.9280550428307,3,4,0,0,0,5,1,1,0
626.9805489467637,936.1058271072022,0.6697752869291372,2380.1119345961165,0.26342481621695524,2,1401.7754772276346,1,1,0,0,0,3,1,11,0
1510.7325588557549,752.5654714854508,2.007443360208643,2387.567066671642,0.6327497895008968,0,1288.2931535491703,1,7,0,0,0,3,1,18,0
754.7179484683809,1082.8438409259938,0.6969776434457843,2528.983299720867,0.2984274149029303,1,861.0275633865103,1,2,0,0,0,2,1,10,0
292.529561564159,880.521435881698,0.33222310058952575,3013.183904642842,0.09708320859985246,2,2523.9743095965073,4,4,0,0,1,4,1,3,1
1103.8808021515877,897.771398368422,1.229578937531026,2354.563005383445,0.4688261896698825,3,4579.781629656321,1,1,0,0,0,3,1,16,0
575.7170735876609,811.66227341662,0.709306188600132,3883.853492635859,0.1482334683013335,2,2481.1139375211446,2,4,0,0,0,4,1,8,0
1259.7514571605377,904.4955101542587,1.392766954637167,1580.923793328573,0.7968451499538636,4,5423.133277884659,1,2,0,0,0,7,1,6,0
1938.3133310711971,2242.6855853668553,0.8642822443406085,9066.15684659667,0.2137965803888356,4,8932.876574552154,3,2,0,0,0,9,1,15,0
148.5753567316662,880.5037120579356,0.16873904640834747,2599.9279849359077,0.057145950808067794,4,2214.479733969298,2,0,1,0,0,1,0,2,0
3008.9079572237956,498.34318913017097,6.037822975920809,1860.777995577777,1.617016089170552,1,806.7603385944435,1,2,0,0,0,5,1,14,0
2433.764576617844,1410.2228439321764,1.7258014129395949,3581.658488638864,0.6795077153050252,1,2069.2403416841835,0,2,0,0,0,8,1,10,0
10307.788531257562,1324.0107413695252,7.7852756093167566,6384.016327724898,1.6146243997673166,1,1346.7917890322997,2,4,0,0,0,2,1,17,0
210.80930498638753,861.747707368237,0.24462995745030247,2762.799048645803,0.07630280062884652,3,1792.032360198263,1,2,0,0,0,5,1,5,0
441.6834563166422,510.8808270783977,0.8645528133097531,1849.0577793358211,0.2388694724700784,1,852.3419991473795,1,0,1,0,0,6,0,20,0
2091.379748495642,1180.1837434109636,1.77207978009521,3055.7005387641916,0.6844190790179502,2,3340.8868647755808,0,1,0,0,0,2,1,7,0
595.4309852190455,1796.5045833202548,0.33143861181727957,6573.590354526447,0.09057926537954153,6,10714.595739867313,0,0,1,0,0,4,0,4,0
552.7539781792685,1161.8074384329952,0.4757707343695471,2845.7776732122493,0.1942365292209677,2,2713.316334389696,3,1,0,0,0,3,1,11,0
999.2740850355216,974.6086733184223,1.0253080158143026,4117.658869557979,0.2426801531382786,4,4834.878873579632,2,1,0,0,0,2,1,17,0
533.7726551561318,2231.042323647442,0.2392481081593684,4277.746084669086,0.12477894774285626,3,7154.286211953585,2,3,0,0,0,5,1,2,0
1130.064442640189,975.3140792257296,1.1586672095796164,3066.6871449095606,0.36849681406725815,3,3100.0348902532605,2,3,0,0,0,5,1,23,0
732.5205944318882,2049.533011218067,0.35740853668736017,4620.470290415636,0.15853810291808934,1,3615.517305338528,2,1,0,0,0,4,1,13,0
567.1877226623645,1114.6040060017608,0.5088692662221317,2406.668637204786,0.23567337600789198,3,3375.385919082999,1,1,0,1,0,2,1,10,0
2633.91004627894,1827.5656488849354,1.4412122748564382,4357.6086007305385,0.6044393353357559,4,8455.018124361872,1,1,0,0,0,4,1,21,0
825.9726984512023,536.0726982111308,1.5407848622163838,2213.0417825822033,0.37322959961806396,5,3182.859510274107,1,3,0,0,0,7,1,17,0
564.2241173617954,469.6097694240936,1.2014744030000317,1926.8459137732377,0.2928226451989126,3,918.9410611378232,0,4,0,0,0,2,1,4,0
382.01287372021693,650.1420140368052,0.587583736279795,3200.4124556174493,0.11936363797412979,2,2078.726285013292,1,3,0,0,0,6,1,1,0
1001.6914681920075,1584.9285130293028,0.6320105039169598,5785.678568144769,0.17313292751989315,1,962.5350695181756,3,2,0,0,0,3,1,9,0
291.9474660391065,621.0046724966084,0.4701212067622582,2588.2280953548957,0.11279819833617673,3,1423.4062183677636,2,2,0,0,0,4,1,22,0
1389.548373849321,882.7101909759434,1.5741841298025645,1524.1780686087948,0.9116706259378485,2,1538.6053532691299,2,1,0,0,0,5,1,16,0
676.442787601467,609.6047571401507,1.1096415828099417,2334.125880266699,0.28980561559266727,4,2973.9148244870535,2,3,0,0,0,3,1,8,0
1027.6916478761073,997.0842576734185,1.0306968944370936,1499.8267521936225,0.6852069056462835,1,1379.8907077370427,0,1,0,0,0,4,1,8,0
481.02020632801134,716.9425806611227,0.6709326789942404,2594.970773271805,0.1853663290864463,3,2037.4493457396695,2,5,0,0,0,5,1,17,0
765.8743896451192,624.3926546303367,1.226590966382436,3050.5434323290806,0.2510616244727178,1,820.0577228308658,1,2,0,0,0,6,1,18,0
423.9706262052046,1338.7671252706518,0.3166873597374096,4003.1354743538996,0.10590963731339441,0,1920.5561255416885,1,2,0,0,0,8,1,21,0
1133.4217925530127,1425.6827846665567,0.7950027907632349,5378.173832469206,0.2107447300625165,1,1933.947390932529,3,1,0,0,0,5,1,10,0
324.1224602587705,736.898960036289,0.43984654319882455,2967.258890157526,0.10923295615825536,6,4833.684027043778,0,2,0,0,0,3,1,0,0
320.4776346929234,641.3303937063685,0.4997075420686413,2614.027867336806,0.12259916533308757,4,3555.611727773064,1,3,0,0,0,1,1,18,0
3433.2275106112747,1168.8730805349164,2.9372115482718724,3469.7792359618024,0.989465691369729,4,3985.878620669059,2,1,0,0,0,7,1,18,0
389.9015385748556,1078.0768025122334,0.36166397205307754,2593.9720187932667,0.15031061852249294,3,5034.76150464305,1,1,0,0,0,3,1,15,0
773.2197908582227,976.3908572593426,0.7919162547553895,3379.2353138201115,0.2288150185031429,8,7753.637170977957,1,1,0,0,0,6,1,20,0
751.303014910529,909.6746203820583,0.8259030185925006,3752.4561376328434,0.2002163349428176,1,695.4294465456732,0,0,1,0,0,5,0,21,0
3277.9580027364445,620.9056793517598,5.279317151936362,2742.216455912672,1.1953680737596863,4,3312.0763537662415,0,2,0,0,0,6,1,22,1
296.7030044283389,1281.8177645395558,0.23147050433874908,5507.376554987136,0.05387374577822597,3,3111.8486670118623,2,4,0,0,0,3,1,15,0
709.0097252386871,1396.430812750021,0.5077299346055099,4447.054470028154,0.15943355990289867,3,2526.281837427777,0,4,0,0,0,4,1,4,0
537.1541583955333,687.1481907546626,0.7817151607509905,1878.4323030547682,0.2859587526907387,2,1907.4496319222196,2,2,0,0,0,3,1,23,0
455.65195220759637,687.4725529907056,0.6627929365694352,3141.040091285573,0.14506403578602717,3,2395.8663607488393,0,3,0,0,0,4,1,12,0
5191.6068088466845,2178.497238909584,2.383113788771782,9992.67221769223,0.5195413895048853,2,5872.8321201776935,2,4,0,0,0,2,1,17,0
1660.2637817293676,3523.8419590527787,0.47115160129816164,11376.005376778925,0.1459443562780264,1,5862.104535613565,0,0,1,0,0,10,0,3,0
3228.249123617276,1099.631929788609,2.9357542611898033,3141.0790164530363,1.0277516441667467,1,1808.970051656916,0,3,0,0,0,7,1,3,1
1007.5129191130433,1829.2520598367264,0.5507786167002982,3831.533187371325,0.2629529407271717,2,5512.700345201461,0,2,0,0,0,4,1,19,0
169.9957656689536,772.7719276652508,0.21998180780525498,3070.5554164840737,0.05536319740602712,3,1467.8548685626122,1,0,1,0,0,4,0,5,0
667.886215422637,1103.7157893659012,0.6051251797406524,5450.066854008837,0.12254642618399594,1,885.2788884720578,1,1,0,0,0,4,1,23,0
840.365960595657,865.6013788003103,0.9708463747601367,4051.382058162287,0.20742698381224708,1,917.7199557401184,3,0,1,0,0,1,0,15,0
1043.8163513317722,1452.3804769589287,0.7186934607640625,5053.392590377872,0.2065575418223582,5,7967.267063850598,4,1,0,0,1,1,1,9,0
405.18061769378915,796.6245071545326,0.5086218338186155,2045.1511798776567,0.1981176852256113,1,518.4705680895181,2,5,0,1,0,5,1,12,0
1780.7876716591702,1628.961628434907,1.093204186381073,4008.881791825353,0.4442105714592121,4,11524.725566406181,1,4,0,0,0,9,1,6,0
334.61344134236936,1062.9817350173107,0.3147875737835892,4205.706893257694,0.07956175973147322,0,1075.2295583269424,2,1,0,1,0,1,1,9,0
203.56155472229128,365.81478662279227,0.5564607068007684,805.907378539513,0.2525867862026415,5,1586.9322908620056,1,2,0,0,0,5,1,20,0
597.8741197081921,1154.141484008224,0.5180249804658541,2155.113540612408,0.2774211699019334,3,4854.012050037798,0,5,0,0,0,3,1,0,0
1309.7620772441958,972.6738682005536,1.3465583070173925,4673.856312442019,0.280231566759455,3,1757.3706114202207,1,0,1,0,0,3,0,8,0
9414.208100309266,4004.104206517528,2.3511396344245106,13622.815793108039,0.6910618365016752,1,4303.626804821102,0,3,0,0,0,5,1,11,1
371.5710673353143,393.35520953670914,0.9446196677373307,1284.154840131743,0.2893506730833132,6,3027.0629965735397,3,1,0,1,0,1,1,17,0
8420.257291885284,5472.186180573684,1.5387373554242876,24008.03859264131,0.35072658099050924,5,22005.839627238158,0,1,0,0,0,5,1,2,0
1188.128642641333,1828.3026060719938,0.6498533878885406,7324.76842756256,0.16220699048593717,1,2045.5365597227224,1,3,0,0,0,4,1,17,0
4595.782063102181,1965.0172162000115,2.3387998971274127,7584.6284041682065,0.605933714640064,2,5795.232611879483,1,1,0,0,0,2,1,21,0
6258.1463943541585,2080.2119298309335,3.0084177023553464,7351.778286626179,0.8512425362090318,0,3091.9920248041926,2,1,0,0,0,6,1,3,0
914.4283474926045,527.0759503340419,1.7349081226587413,1819.1045676243778,0.5026804746506592,3,1959.1695223594102,0,1,0,0,0,4,1,10,0
791.6525738042542,669.1260785857822,1.1831142129110186,2960.0586947533575,0.2674448906055282,5,3852.5081418359055,0,2,0,0,0,5,1,4,0
3135.5605311476866,466.36635974800174,6.723384878879274,1775.4356024507892,1.7660795620068663,2,1635.174586675521,0,3,0,0,0,6,1,16,1
112.32044295320387,577.3806750253643,0.19453446887232523,1957.2158642294573,0.05738786661502136,4,3171.181787524195,0,1,0,1,0,5,1,22,0
192.495325097464,488.9226408340529,0.3937132564961326,1796.2856108039637,0.10716298340290598,5,3283.236566087891,1,4,0,0,0,4,1,14,0
506.71751231847276,1379.824180315184,0.36723339070831956,2377.976741564123,0.213087665434935,2,2240.6590409906858,1,0,1,0,0,1,0,4,0
114.35130537157139,841.4474032567842,0.13589834008516732,2047.178778314326,0.05585799666491744,4,2887.8160794587798,0,1,0,0,0,6,1,5,0
2318.889848903568,1789.173033001023,1.29606796331713,4853.548230365398,0.4777720831938639,2,6162.240915846287,0,3,0,0,0,7,1,9,0
2120.029609384681,955.3059118825794,2.219215418867064,3359.6226406761557,0.6310320640528857,4,4221.7592832502905,1,0,1,0,0,4,0,16,0
4909.582507236014,2152.320645585226,2.2810646347264285,9582.22094915198,0.5123637341790275,2,3876.989423491295,1,0,1,0,0,4,0,9,1
1000.9575121057859,1178.638646924688,0.8492488471487772,5858.160450835027,0.1708654995892283,4,4330.991281791725,1,2,0,1,0,4,1,10,0
961.080462370846,1664.0616213387837,0.5775510053513705,5947.864218760652,0.16158412953332432,3,6288.174040580735,2,1,0,0,0,3,1,18,0
1473.3513949948208,1221.6618200408604,1.2060222975172803,3038.4540477446494,0.48490165453989476,2,2620.248176008878,0,1,0,0,0,6,1,22,0
2733.8436346390467,1317.9197457078606,2.07436275504825,4527.439974419617,0.6038387367000938,1,1642.0005545318177,1,2,0,0,0,3,1,8,0
466.44424949586806,2102.3350902249804,0.2218696018844226,7245.496895145589,0.06437712364605125,2,7332.548827732203,1,0,1,0,0,8,0,18,0
447.6193479060727,892.7507419656065,0.5013934202065523,1405.958293534791,0.31837313380092536,1,789.6897419448096,0,4,0,0,0,2,1,18,0
288.01182643363796,1024.786542489165,0.2810456758478394,3300.4754033853437,0.08726373968374987,2,1791.5362364690225,1,2,0,0,0,3,1,23,0
1350.163249139307,1007.3155380942214,1.3403578105165856,3111.3613468002864,0.43394614081961597,1,1683.5788671323205,1,0,1,0,0,5,0,4,0
5995.114089315247,2589.1742419368884,2.31545409042478,8530.235579079836,0.7028075641917905,6,22031.12061346092,1,0,1,0,0,5,0,18,0
383.8506311046723,501.8863454712196,0.7648158483855066,2292.231575943024,0.16745717803261487,3,950.3015521030936,0,3,0,1,0,8,1,0,0
1342.279119213957,1290.2790652176832,1.0403014009899485,3249.380098937244,0.41308775161544464,1,1955.5769855584806,0,1,0,0,0,3,1,13,0
1224.6675682864156,1229.307691141831,0.9962254178601084,3886.5143484238115,0.3151069206223524,4,3843.354330564012,1,1,0,0,0,3,1,19,0
2200.329260715323,2718.976175962361,0.8092491873109308,6187.90974343758,0.35558522214206867,5,13707.31448484963,0,3,0,0,0,5,1,23,0
1739.593844793162,2242.4389988189946,0.7757597177489949,11155.79903886514,0.15593628378681584,2,4181.171153576289,0,1,0,0,0,4,1,16,0
813.0359636746844,1092.543991254047,0.7441677133215141,1852.3359813342495,0.438924672342136,2,2864.50728506027,1,6,0,0,0,4,1,21,0
314.2671699411665,675.8343202274336,0.46500623086943627,2691.1272815416455,0.11677900636536771,3,2746.52181478024,4,3,0,0,1,5,1,5,0
541.1834316152766,758.0196520940739,0.7139438009558533,3274.7763481909433,0.16525813493011146,2,1372.1715451703901,0,2,0,0,0,3,1,17,0
724.4206051269332,1488.6666364829114,0.4866237929792208,2414.018112024728,0.30008913417776073,2,5333.845484137451,1,4,0,0,0,3,1,23,0
704.2855365197796,1369.5531354175992,0.5142447695576495,4241.2871430534815,0.1660546699068186,1,1780.554007584391,1,2,0,0,0,4,1,8,0
2075.840848869219,908.8014499819482,2.28415221928888,3903.867521560911,0.5317395729758834,4,6029.551891404578,1,2,0,0,0,4,1,7,0
1106.547895474055,1289.7476484852461,0.8579569009283703,4958.8206584487925,0.22314739162601674,4,8859.19568142782,2,0,1,0,0,4,0,9,0
4065.7752822481275,2184.86040869775,1.8608856044361508,4410.976583536895,0.921740391328042,2,5664.306351580738,2,4,0,0,0,1,1,22,0
442.10216311393435,1216.2214261257225,0.3635046658586277,2611.6028254149273,0.1692838431677274,0,1943.38002514419,1,1,0,0,0,7,1,11,0
520.2480399696121,950.3639783199233,0.547419780039769,4477.845322349552,0.11618267325425054,9,9257.24653600402,1,3,0,0,0,8,1,23,0
1474.1549749355468,1204.201894932863,1.2241759302477548,2629.2956892110933,0.5606653450901368,1,1011.8488532980492,0,2,0,0,0,2,1,21,0
290.30364136716474,902.4225117852721,0.32169370508372397,2494.6114711477726,0.11637228671669493,5,3191.7513780846825,1,4,0,0,0,6,1,12,0
1672.8708619629451,803.1204947172957,2.0829637308058087,2190.4775355422985,0.7637014462916146,3,1631.7397283566133,0,3,0,0,0,5,1,4,0
744.4651808058794,1224.5120254929209,0.6079688604986945,2170.5029438310657,0.3429920161692361,1,1694.8695140867344,1,1,0,0,0,10,1,22,0
1231.7283970941498,1063.2532858770346,1.158452471725161,4567.16834785676,0.2696919192112032,2,3652.551569279652,0,2,0,0,0,5,1,20,0
244.66136839672015,526.5417369152048,0.4646571225865061,826.4492111659431,0.29603920614983137,6,5590.391725145453,3,1,0,0,0,5,1,6,0
3823.216686168067,1342.735404523815,2.8473343841886143,3187.1416587556523,1.199575386197536,2,1815.3328727026326,1,3,0,0,0,5,1,17,0
291.946036526432,878.2570696053294,0.33241524222244695,3483.9444256987476,0.08379755841480699,1,1250.8009479633931,1,3,0,0,0,3,1,19,0
553.7541190806269,1379.5522483266566,0.40140133855191723,6283.938436085087,0.08812214262010137,5,4266.251188492146,0,0,1,0,0,3,0,1,0
583.3246248600273,887.4467343121904,0.6573066329576716,3735.7959946934993,0.15614466788031495,6,4842.498669709309,0,2,0,0,0,6,1,20,0
569.2093163907338,1089.4417728209057,0.5224779612744908,4735.478353305719,0.1202010174945437,1,1652.9883586882997,2,5,0,1,0,3,1,10,0
1214.7080957412475,1862.547096211063,0.652175774890364,5978.430189775435,0.2031817813677398,5,5685.701655996419,0,0,1,1,0,2,0,4,1
233.3615836876041,1146.8428186605,0.20348174997526508,2424.531681981038,0.0962501688148405,4,2973.9640104171676,1,1,0,0,0,7,1,5,0
643.6432923555556,706.9596291046395,0.9104385397094404,3112.3921505463272,0.20680019137131386,2,2372.4655282312924,0,2,0,0,0,2,1,15,0
312.96127362953024,1071.348347092398,0.2921190614414968,4599.041101506083,0.06804924477127253,6,10489.497312441674,1,1,0,0,0,1,1,9,0
9228.40108626455,1685.2797851046673,5.475886655634099,8488.583999003531,1.08715435782315,1,1973.3887760159039,1,1,0,0,0,3,1,2,0
1836.2930012473537,2472.9381173642155,0.7425551769182842,9934.879943476113,0.18483293323068115,0,4089.0770605381067,0,1,0,0,0,6,1,23,0
664.1674112540175,614.7405412743065,1.0804028149457219,3047.0138753572523,0.21797321522736618,2,948.9106094105284,2,1,0,0,0,2,1,5,0
318.13214363547166,427.2077049950401,0.7446779164227977,1166.989486856392,0.27260926273847447,8,2360.830491995799,4,7,0,0,1,1,1,1,0
778.6625735347461,1595.0827712574712,0.48816436837374494,7023.677540658455,0.11086251739594358,4,10210.629314315276,0,4,0,0,0,2,1,15,0
681.1538974186233,752.6075059664792,0.9050586022842052,3207.616072558538,0.2123551827932152,0,488.1418483515928,2,3,0,0,0,7,1,9,0
4274.371184665575,1291.8253015378234,3.30878422924311,5133.957325649052,0.832568506814613,1,2318.8622192164457,1,4,0,1,0,4,1,18,0
2138.257272398941,850.2841393440835,2.5147561543937664,2466.269075697252,0.8670008043604986,4,3972.044659731084,2,1,0,0,0,5,1,10,0
272.1417345530017,942.8526054951656,0.2886365620319613,4348.282389676138,0.06258603056672014,2,2317.318498571172,2,1,0,0,0,1,1,17,0
644.161052141807,737.3825800600539,0.8735778001283204,2151.8963867215875,0.2993457566621903,4,2544.990538894921,0,3,0,0,0,4,1,4,0
2772.9137858967424,1116.2132126733172,2.484215161058385,3177.6492161824876,0.8726305508409831,3,2938.0349409754504,1,3,0,0,0,6,1,6,0
1315.6527001857908,1989.5963439694262,0.6612661428402826,6132.904254585083,0.2145236001690687,2,6083.684433915454,0,2,0,0,0,3,1,23,0
622.2758329539337,446.3100514634688,1.3942680226749675,1606.1540596516409,0.38743221997577193,2,1350.5065888839206,1,2,0,0,0,3,1,5,0
1995.7851971713676,2232.5204350586628,0.8939605505196307,6874.49657885695,0.2903172871319131,5,13828.469916632062,1,3,0,0,0,2,1,9,0
341.3778922322747,600.2437441441201,0.56873211185073,2964.556232223621,0.11515311752957298,2,2153.31972070932,2,5,0,0,0,2,1,5,0
2177.296763689595,1491.5342004553163,1.4597699221546097,6303.408865970542,0.34541575994600415,6,14876.038118973178,0,3,0,0,0,5,1,12,0
307.85320394571625,544.6770345541479,0.5652032019262815,2140.074092877263,0.1438516568049367,2,1567.6799441858636,2,3,0,0,0,6,1,2,0
5375.514182326828,967.4000478191331,5.556661067409668,5066.196398236688,1.0610552295599514,5,6011.22066292452,0,1,0,1,0,5,1,4,0
901.7641901643585,1428.1354108841579,0.6314276526524027,6503.474180234666,0.13865884067088277,0,2085.158148932633,0,1,0,0,0,5,1,0,0
3957.90621490508,1492.988107713715,2.6509964777723605,3246.6553359454183,1.2190718771669513,2,4099.140816045895,1,4,0,0,0,2,1,8,0
193.72738186781964,1029.462274328091,0.1881830803311967,3466.8258080066807,0.055880333364429116,4,2943.5350932432625,1,7,0,0,0,3,1,23,0
2045.98391745666,907.670780158849,2.2541035386184824,4192.23830044454,0.488040939189861,2,2034.0402513776162,1,0,1,0,0,4,0,11,0
8141.77421630399,917.0877814797565,8.87785703912326,3698.7180565363,2.2012421849554094,2,1992.315473784005,1,2,0,1,0,4,1,3,1
2777.949323691492,1456.0803972783285,1.907826881595254,3535.394521618833,0.7857536992560276,8,14511.554861806952,0,3,0,0,0,4,1,21,0
852.9514657448146,778.5412526222667,1.0955764551613945,1958.8418602210784,0.43543661337140765,4,2762.3022133323548,1,2,0,0,0,2,1,22,0
253.06601968939,599.3138740497826,0.42225957156528104,1724.2670903863377,0.1467672967258734,5,4712.052382431309,1,3,0,0,0,3,1,20,0
796.6710503786312,1339.0721111775167,0.5949426052029986,6642.683361359762,0.11993211282850491,4,6223.949157948085,2,3,0,0,0,3,1,19,0
3318.404110149245,690.5900593353973,4.805172135467422,2442.0999897919255,1.3588322034397875,2,2052.5302896771163,2,2,0,0,0,5,1,15,0
760.8087442115619,1033.1496776728025,0.7363974075134052,1885.5065874008321,0.4035036256544378,1,1286.1273389270477,0,0,1,0,0,2,0,19,0
3075.853790388269,1778.0131202575924,1.7299387475513397,5483.157327933653,0.5609639859718224,0,1214.7021387530426,0,3,0,0,0,4,1,15,0
1336.4861364234093,1256.9118239720458,1.063309383310514,4135.59092702895,0.32316690891464794,3,2837.3423201432975,1,1,0,0,0,6,1,6,0
425.7592939311733,908.6321110573829,0.46857170107681273,1800.3930955912724,0.23648129676444268,0,1026.1839546034414,1,1,0,0,0,8,1,19,0
1052.288737524219,1311.4457002979375,0.8023883392847736,5529.5902661642685,0.1903013942937519,4,4459.929757745327,0,0,1,1,0,5,0,14,0
1283.9129041120148,2288.072285397507,0.5611330167783403,7057.648183579809,0.18191795208765751,6,20729.47989345913,1,0,1,0,0,5,0,18,0
1157.1664252002727,783.5727407854531,1.4767823904138488,2557.487576937696,0.4524621881392869,1,1395.744880199121,3,2,0,0,0,3,1,16,0
597.1822773894785,1941.4711472284855,0.3075926614938244,6224.857349365682,0.09593509439221637,2,6611.188516463481,2,3,0,0,0,1,1,5,0
672.9933003352671,1791.2075851094173,0.37572043906578073,5479.158915075476,0.12282784835526103,3,8965.196570524278,2,2,0,0,0,1,1,3,0
729.0799391902816,901.3299929256932,0.8088934628966551,3534.7323972823306,0.20626170732212507,4,4821.414436049304,0,2,0,0,0,2,1,15,0
1478.5126073088973,3361.702264405868,0.43981069441026266,7924.495902533021,0.18657497277982046,3,8785.883446578162,1,2,0,0,0,3,1,1,0
717.565145364493,752.7663828253542,0.9532375006854842,1620.2686267429315,0.442868011835139,3,2934.9031420358797,0,3,0,0,0,4,1,14,0
3264.063183087081,3217.993161616069,1.0143163826513155,11692.002420239121,0.27917058736123024,4,11842.106582304685,2,1,0,0,0,1,1,21,0
1016.1871304193335,1700.2411271588796,0.5976723619886742,6779.431568206919,0.14989267465798806,7,17206.759962628974,2,2,0,0,0,4,1,12,0
100.32026529707306,211.98739753662983,0.47323693041582093,353.11269093921766,0.2841026897963899,3,953.4017242815607,0,3,0,1,0,2,1,6,0
842.203987918093,1465.5509353341438,0.5746671559566584,4834.1208702694,0.17422071365608158,3,5549.185542926911,1,1,0,1,0,4,1,11,0
144.04357975503572,1589.1946129130513,0.0906393581910013,3451.594458399232,0.04173247508974149,3,3366.9767085477115,3,3,0,0,0,6,1,1,0
1267.519241144183,1937.6557571063158,0.6541508916099159,8960.295091688922,0.1414595421438591,3,6681.287279957356,1,1,0,1,0,5,1,15,1
947.9849775254979,1696.3162839891534,0.5588491877801013,2741.512937505612,0.3457889855475312,5,13232.877531702707,3,2,0,0,0,3,1,4,0
1186.9664648991306,2255.5202897432937,0.5262495178148995,6345.04335981299,0.18706987448138016,7,19636.594226469293,3,5,0,0,0,6,1,20,0
307.86331567786726,530.2151147751224,0.5806385127448505,1915.4586870927408,0.1607256359807678,3,1264.144691797282,0,2,0,0,0,5,1,12,0
1316.7328194943884,963.0858711736728,1.367201886047545,3310.004348159133,0.39780395461616014,3,4983.1443665989955,2,1,0,0,0,2,1,12,0
5278.935010998535,2591.85129484729,2.036743011257352,7471.379076002341,0.7065542997214777,2,6149.8031156118905,2,4,0,0,0,2,1,21,0
1022.7978076975643,1033.1589756192204,0.9899713711382644,3002.1100829066077,0.3406929724266818,3,4300.073464334013,3,2,0,0,0,5,1,11,0
313.3362342651637,1757.811393841582,0.17825361433139184,7572.2553028086895,0.041379512672920775,4,12084.87298580865,0,2,0,0,0,6,1,12,0
347.22009355929845,926.9511800658831,0.37458293492287237,2956.8456316048073,0.11742922587772943,2,2690.5108283311,2,0,1,0,0,7,0,7,0
11151.168534272876,1149.6826465254046,9.699344917464115,7500.396293754223,1.4867439129261406,3,4412.8698596202485,0,2,0,0,0,2,1,9,1
8229.69568037323,1458.9936728468851,5.640665777744534,8673.944129232967,0.9487835703987845,5,10862.070672477883,1,2,0,0,0,3,1,13,0
5437.13522610782,1433.5292014210067,3.7928318591056116,5774.349021554993,0.9416014178934471,2,4084.259516640684,1,2,0,0,0,2,1,7,0
1269.1889378204007,1131.9270537405555,1.1212638956072751,3141.4247342709496,0.4040169812042145,5,5379.013123397139,3,0,1,0,0,2,0,6,0
2739.600766969975,2115.6612564903025,1.2949146554372006,8429.629628990828,0.32499657607115445,1,2934.461806623357,1,2,0,0,0,5,1,3,0
3799.1637369350483,1764.0519444919705,2.153657520572145,6787.2605777613635,0.5597492085957488,1,2770.370328794809,1,0,1,0,0,2,0,19,0
691.7582997736183,1192.114138473483,0.5802785802535849,2903.0667115459846,0.23828536113978338,2,2727.099601765695,3,1,0,0,0,6,1,0,0
721.5800675595902,643.3133535283314,1.1216618831273988,1615.3462771656382,0.4467030244596894,1,410.56907547791394,2,1,0,1,0,4,1,19,1
3382.0158201016293,1054.2590927142198,3.207955087581492,2557.7049039659196,1.3222853875197063,6,6473.08014558949,1,4,0,0,0,8,1,22,0
63.935326189894084,569.6272401796944,0.11224064033476537,2803.5080634288875,0.022805472552019944,1,728.2468901708481,0,3,0,0,0,6,1,1,0
1517.3216487683205,738.0546116218061,2.0558392629430875,1757.8091167929722,0.8631890882080484,3,1619.7715170746594,1,3,0,0,0,3,1,6,0
940.0244689960639,1464.8415035825192,0.6417243549538117,6868.345854466902,0.13686329851673223,4,3582.241523113367,0,4,0,0,0,4,1,4,0
2479.211821896703,858.4604868479489,2.8879742980364136,3413.5691571758866,0.7262814103780466,2,1872.974052516992,0,1,0,0,0,2,1,23,0
770.5015201700307,707.7259807800007,1.0887003460305975,3397.8424583530837,0.22676199076736736,1,1173.9314924455764,0,3,0,0,0,2,1,21,0
304.09054078801387,1004.3363258737251,0.3027775984538541,4174.843683914125,0.07283878482916366,4,6030.997671060514,1,4,0,0,0,3,1,4,0
655.8299051917201,1069.6913133611645,0.613102020180928,4696.465826918311,0.13964328270691523,5,3312.1418388258426,0,2,0,0,0,2,1,13,0
1913.894844706965,3584.402648007591,0.5339508511329812,6589.616035477768,0.29044102636675123,5,32189.998638383837,0,2,0,1,0,4,1,18,0
427.3969171272304,508.7492620196517,0.8400934390165682,2207.237359567089,0.19363432540443085,3,1139.6202711052817,1,2,0,0,0,1,1,20,0
1062.5124761424252,939.3085672624579,1.131164468390867,3760.743754814263,0.2825272194581896,3,2340.991968033037,0,3,0,0,0,3,1,1,0
916.4326128198691,1203.6151453033137,0.7614000342185175,3065.3438713863784,0.29896567930742124,4,8327.624493259218,3,1,0,0,0,5,1,21,0
1189.8415821302049,1410.37917757387,0.8436324082556059,3554.025676708523,0.3347869965959696,1,1683.2924867969593,0,3,0,0,0,4,1,22,0
956.7591846471867,1008.869265092817,0.9483480345286996,3813.426201712495,0.2508922774531561,3,2082.2448517801126,0,0,1,0,0,4,0,12,0
4506.035560637277,2290.0553522525465,1.967653557458795,3734.4636176674912,1.2066085044501522,4,15288.173868239177,0,0,1,0,0,3,0,7,0
724.2577738237648,920.6131763481169,0.7867123700062021,4390.256443946292,0.16496935499575224,2,2774.464745087324,1,2,0,0,0,7,1,22,0
1234.497663723081,1761.145709190503,0.7009628205553237,4656.602686857775,0.26510693454848017,0,1915.4096883332543,0,1,0,0,0,4,1,1,0
489.08119825722076,868.7307490528287,0.5629836388207309,2963.9945448040926,0.1650074556023,4,3480.47596479389,0,1,0,0,0,3,1,17,0
300.63755665021085,1276.462514355419,0.23552399954496522,4897.044983084393,0.06139162651939843,5,10979.746480549551,2,2,0,0,0,6,1,8,0
5570.307962207065,1240.5105995411373,4.490334838144481,4502.796937301755,1.2370773187797812,3,4790.373221752412,3,0,1,0,0,1,0,14,0
131.133519472775,1073.3647977369649,0.12217050507828385,1777.8249566249963,0.07376064723588843,3,5747.155753091864,4,0,1,1,1,7,0,23,0
1027.9891025867405,1380.782874369408,0.7444972860459429,4090.383993767568,0.25131848358322,4,4040.267038131871,1,4,0,1,0,10,1,12,0
876.2101126067672,989.2411062959216,0.8857396918003302,3867.72761580564,0.22654390371909744,1,668.5304029784139,0,4,0,0,0,2,1,2,0
593.0138297536481,1161.1734592010096,0.5107021910074437,2749.1530639854263,0.21570782562901772,8,13266.709768199436,3,3,0,0,0,2,1,23,0
7286.4724479554125,2024.0108473630899,3.6000165006271247,3838.7558039380147,1.898133879857774,2,7277.572609775289,3,1,0,0,0,5,1,6,0
2076.2974986339427,949.7638643112732,2.1861197047537515,4444.737325564278,0.4671361537366774,3,2412.9087777288346,1,2,0,0,0,5,1,0,0
3958.972114608208,1901.6592130026788,2.0818515155284194,9347.437781918867,0.42353554064475407,3,5491.778245004916,0,1,0,0,0,6,1,23,0
1365.5682534124282,1080.7020421535826,1.263593664254742,4078.0651501043053,0.3348568998162035,6,8277.62201090112,0,3,0,0,0,5,1,15,0
1353.4028576793344,1147.416911980034,1.179521448175138,5713.237727485738,0.23688894497917826,1,1558.2878750241696,3,2,0,0,0,5,1,22,0
220.08276230292503,238.03964156464605,0.92456349226671,628.6822323736891,0.3500699573963905,5,1178.1342728295992,1,2,0,0,0,2,1,17,0
267.2836396588769,634.8913390171233,0.4209911574359469,3023.641594842753,0.08839792391888206,4,3177.2102038132934,1,2,0,0,0,2,1,14,0
3949.0265230554314,847.4878744870861,4.65968498421933,4497.075702622923,0.8781320983216179,4,4808.29682037653,1,4,0,0,0,3,1,8,0
657.6957755147091,760.4416382476153,0.8648865901534839,1621.8982316935617,0.40550989122662345,2,944.0925081310619,0,2,0,0,0,3,1,14,1
3723.7164259350902,3603.0435466062086,1.033491929189295,10644.065499156515,0.34983967603639554,3,10292.81678753925,0,2,0,0,0,2,1,15,0
2228.302529343595,509.2985380340613,4.375238417029519,1951.0987814100943,1.1420757116834241,6,1857.266212327886,2,5,0,0,0,3,1,6,0
3836.623887037072,1810.6512455854445,2.1189193094977066,7449.763612766951,0.5149994129293042,2,4616.938797321675,0,0,1,0,0,1,0,18,0
298.43609931818384,1515.600889236391,0.19690942479490472,6747.741190430894,0.044227555695438056,3,4857.56263047442,1,1,0,0,0,4,1,0,0
598.5966280720556,854.7724570243353,0.7002993874602743,2723.2257169173763,0.21981160957515197,2,2105.814404006934,2,0,1,0,0,2,0,18,0
217.95650547191846,605.6686568567693,0.359860961937579,1784.1122377533954,0.12216524322840555,2,2109.134286313265,2,3,0,0,0,5,1,6,0
4907.728177298018,1322.0408796068884,3.7122363256704594,5759.772563820346,0.8520697862491321,4,4728.233204361309,2,2,0,0,0,5,1,7,0
4968.999708357454,1958.0201350501488,2.5377674209822096,5628.969169061751,0.8827548275922957,1,2802.1086257573784,0,6,0,0,0,1,1,21,0
4210.103793573835,2066.527603361023,2.037284083080466,4877.652994079319,0.8631413097004276,0,3317.5845344501454,0,2,0,0,0,3,1,15,0
183.30450708792432,386.3026110402433,0.4745101426943979,1682.222785769956,0.10896565463178265,1,428.50699041887975,1,1,0,0,0,6,1,15,0
198.16610299929937,453.50846551563524,0.4369623018480729,834.3147433232406,0.23751959867083805,1,433.25502992942086,1,3,0,0,0,3,1,11,0
1707.0312834310566,643.5968183172857,2.65233020867656,2197.414585494688,0.7768362395968921,3,2982.197445736538,2,3,0,0,0,5,1,15,0
7702.66977613525,2114.853911473827,3.642175818549714,6860.221966368842,1.1228018297216003,1,2412.50956985363,2,2,0,0,0,2,1,20,0
2631.741457914129,901.0866055180466,2.920630982413845,3034.9827957095113,0.8671355441073881,1,1365.8754231677083,3,3,0,0,0,4,1,2,0
3303.4710885068307,3163.8489617305227,1.0441304652861618,10758.076900150421,0.30706892311400386,3,8780.281361307845,0,2,0,0,0,3,1,0,0
1789.7292598823592,588.6808836588517,3.0402367557080905,1750.4326708023837,1.0224496432998833,4,4234.681733743421,0,2,0,0,0,1,1,7,1
829.9675010998237,397.30041204246163,2.0890174687538976,848.9494966515175,0.9776406068599324,0,691.513556697344,2,3,0,0,0,3,1,6,0
3539.5306133939835,4286.4553794394005,0.8257476866251428,14152.66464068254,0.2500964096343685,1,6803.407742808469,1,5,0,0,0,2,1,19,0
834.5255884882262,1064.8546089555903,0.7836990904389559,5104.454447045413,0.16348967301907663,2,1828.5712884063296,0,1,0,0,0,4,1,15,0
3702.2744853658883,1472.399487652856,2.5144497240131916,4440.210552665562,0.8338060642514635,4,3737.761529546949,2,0,1,1,0,3,0,17,0
17532.86557086748,2267.7820873364085,7.731283207841394,17077.528124434015,1.0266629598332784,2,6980.890680753916,2,1,0,1,0,2,1,16,1
1555.373307849398,1453.3423370111086,1.0702043615189265,4627.953713897017,0.3360822955464867,5,6387.169600181488,0,2,0,0,0,4,1,9,1
10793.064348076728,4239.240269353491,2.5459902393602083,7139.109578139014,1.511822199945866,7,50034.506211497115,2,2,0,0,0,4,1,21,1
367.4222012159327,937.8558154180876,0.391768324272894,4358.9501758201795,0.08429144321357117,1,1600.4926533556218,0,2,0,0,0,8,1,5,0
867.4580765364785,2594.338080623353,0.33436585733192126,12138.934295320536,0.07146080993871734,3,9325.064476541418,1,4,0,1,0,3,1,4,0
4009.889192987718,1822.1001756020255,2.200696342978422,7781.084786628786,0.5153380669850063,4,10335.970716885717,2,1,0,0,0,2,1,8,0
1369.4249335760537,827.4700798818089,1.6549540181219053,2768.7510141749526,0.4946002463078546,2,2159.408216370257,0,0,1,0,0,2,0,12,1
698.2095983802146,1266.8148079139705,0.5511536445725144,4527.1670108361495,0.15422660500683807,0,2060.369395872109,4,3,0,0,1,2,1,14,0
1275.7408597712943,1199.2716781488098,1.0637630180181707,4763.265566118332,0.26782904334492474,1,1909.7344412193115,0,2,0,0,0,5,1,7,0
2272.0132679902595,2133.5070847207617,1.0649194859775335,7839.694058582833,0.2898089199670844,2,5141.385698147546,3,3,0,0,0,3,1,2,0
3180.9072194867517,1471.8927744140549,2.1610998265502306,5617.335284425837,0.5662662202674414,4,6705.387390911158,1,2,0,0,0,5,1,1,0
136.48967658608237,798.9287447872811,0.17084086343948415,3876.2406147536344,0.035211868960502435,4,5463.851608504422,0,1,0,0,0,4,1,17,0
325.4692944350906,999.2194137589123,0.3257235497564287,2363.2732118815584,0.1377197070566221,3,3112.1568758386557,1,0,1,0,0,5,0,22,0
1115.5421394016848,1140.7521130256173,0.9779005681110964,2360.9255296236724,0.47250204439082855,9,15324.854710724945,1,3,0,0,0,3,1,13,0
3551.076145925767,2053.1752366282967,1.7295533681563917,5630.242678002886,0.6307145799948672,2,3925.624286610793,0,2,0,0,0,3,1,3,0
1180.2423802978856,376.581863961872,3.134092459687284,1239.6772167598067,0.9520562000669268,6,3884.911338992148,3,0,1,0,0,3,0,7,1
4379.696883747823,1932.7343659550024,2.2660625075519514,4830.100360024017,0.9067507002537822,1,2990.3026691298946,0,4,0,0,0,5,1,18,0
1212.3085716921082,4640.446157452102,0.2612482788417358,18633.543669020433,0.06506054850466558,4,23894.6579509073,0,1,0,1,0,4,1,2,0
2141.5360073197894,1620.361677538538,1.3216407404629305,2617.2325739564403,0.8182444420987983,6,13012.99642521268,0,1,0,0,0,4,1,17,0
1466.2462605559833,1282.4977024329016,1.1432739862024783,5426.483587598584,0.27020191563959944,3,5462.131593911016,1,4,0,1,0,3,1,10,1
641.2210231310262,780.0554285900499,0.822019820168463,3226.0765111781816,0.1987618771313172,8,4369.328554774042,0,2,0,0,0,5,1,4,0
726.0812119130195,427.792558676661,1.6972740576860161,975.5472036483816,0.7442809627228683,7,5241.251828642152,2,2,0,0,0,3,1,12,0
2098.475790977461,771.9624065627723,2.7183652638230162,3404.6696828671393,0.6163522416102033,4,5243.886447474289,5,1,0,0,1,1,1,18,0
7236.2356283691115,2740.090377037707,2.6408748007035285,12093.947066069128,0.5983353150826293,3,7032.533531248211,2,1,0,0,0,3,1,12,0
562.1328748400382,679.0636196616922,0.8278059059033253,2285.4914952775057,0.24595710638239926,5,4171.578567176511,1,3,0,0,0,3,1,12,0
2243.619772033865,2166.3988784538465,1.0356448179271265,10249.862594673266,0.21889266820023986,4,6146.3303553747,2,3,0,0,0,4,1,22,0
322.0005727919686,615.7272215680208,0.5229597807482943,2013.635756162586,0.15991003924444092,0,945.909642881471,2,2,0,0,0,2,1,11,0
6069.169506730858,1698.4473641571599,3.57336331688008,6791.191071129223,0.8936826313917408,2,3339.3283790188666,1,3,0,0,0,4,1,2,0
147.91943110744796,478.5505034864389,0.309098893491478,1373.9751112012912,0.10765801352698401,3,2099.5462480177994,1,3,0,0,0,7,1,19,0
1557.3288893541785,449.0185271537431,3.468295393568364,1468.623706472309,1.0604002117703402,5,1356.6169600612307,1,3,0,0,0,4,1,0,0
394.42453473608595,702.8117204952728,0.5612093868584522,1088.6391451141553,0.36230971163059394,4,3170.305531607494,2,3,0,0,0,3,1,14,0
550.5385641089773,2073.063975919883,0.2655675707570415,9770.90603319403,0.056344679013253254,6,12307.496497345372,0,3,0,0,0,5,1,12,0
333.150945920501,328.79866930808356,1.0132369045822973,1381.5041137740538,0.24115088952604313,6,2149.587718717815,2,2,0,0,0,5,1,21,0
252.7068082189338,1084.1344539190757,0.2330954498359637,2950.8399287400616,0.08563894156293106,1,1847.2367910252497,1,3,0,0,0,3,1,9,0
946.3009589291343,872.6401149458858,1.0844114804277778,1558.1606264369743,0.6073192602055594,5,7311.77441303391,0,1,0,0,0,3,1,2,0
1517.578980528081,1158.306175795703,1.3101708444967706,5575.172155139274,0.272203070739108,1,897.5591903764891,0,1,0,0,0,3,1,20,0
2025.2182328862455,753.7196786403239,2.686964783166664,2383.6826889649556,0.8496173766172028,1,777.8576458843756,2,3,0,0,0,7,1,11,0
3812.4279419390973,423.43998556727416,9.003467012761355,4374.763136239218,0.8714592820713183,3,1691.3967062881882,2,2,0,1,0,2,1,9,1
1634.5528555089682,1402.6454868787832,1.1653356965816313,5733.561254926963,0.28508509508019375,6,10652.901391397278,3,2,0,0,0,7,1,3,0
2417.421696546541,2454.826719304042,0.98476266269087,9816.359831290902,0.2462645764920618,4,10527.242489347214,2,1,0,0,0,5,1,14,0
6239.246791823732,1593.8408774402646,3.9145983015845767,6982.022099631031,0.8936160187968251,5,9172.20272272801,1,0,1,0,0,3,0,3,1
293.5420323672307,829.8077884590248,0.3537470200326103,3139.2601217253186,0.09350675668313264,4,2624.201524600277,2,0,1,0,0,4,0,2,0
892.1155637891678,887.5394583805275,1.0051559458742152,2547.7766120994875,0.3501545463414953,3,2752.986603143122,1,2,0,0,0,3,1,12,1
1172.8352536689288,1182.5836262401479,0.9917567160960848,3711.285252297361,0.31601862264371083,6,8137.458744841825,1,1,0,0,0,4,1,2,0
861.4730170763887,1233.2109430025387,0.6985609574457168,3350.054110178866,0.257151970906641,2,3951.581267817203,0,1,0,0,0,4,1,7,0
25646.78621137741,1332.779921678278,19.243076665712504,21943.22282986853,1.1687793725754674,0,1937.1592815994197,1,3,0,0,0,5,1,12,1
1488.7578219597222,1383.9097521068563,1.075762216209002,2835.206264221035,0.5250968300779888,3,7004.894531403806,1,1,0,0,0,5,1,8,0
4269.180845725157,2412.706451571873,1.7694572180315575,8148.249403717822,0.5239384110870793,2,4301.815099534169,2,2,0,1,0,3,1,13,0
7473.124466587171,876.7098719574486,8.524056481651984,4067.650157880976,1.837209242812627,4,3507.959912563276,0,1,0,0,0,3,1,2,1
299.1183341296793,665.1455602898194,0.44970357165031133,2335.6328364345663,0.12806736121517068,1,977.6606145667888,1,1,0,0,0,4,1,23,0
1527.6510052340002,2157.308720208762,0.708128137119925,8584.590425493963,0.1779526954130835,3,10360.58766381101,0,2,0,0,0,2,1,6,0
839.2139141461261,648.602231331898,1.2938807077841976,1523.1726589226566,0.5509644026434297,5,3690.178990268493,1,4,0,0,0,5,1,0,0
856.3511326300385,1034.6521243627283,0.827670588467104,3749.8989492225046,0.22836645579678683,4,3649.787156577149,1,0,1,0,0,3,0,19,0
163.5246627277351,1614.2597770370642,0.10130009125785241,3742.721186506409,0.043691382440479064,4,11362.47225306161,2,2,0,0,0,5,1,14,0
1185.4813355931976,1104.9203644084714,1.0729111108635012,4366.281920357551,0.27150819787104347,3,2593.7066593173317,1,0,1,0,0,3,0,20,0
173.90989360658838,662.3454368937818,0.2625667573436877,1601.286613768646,0.10860634948873363,3,2753.6700399446313,0,2,0,0,0,6,1,10,0
999.014656848677,754.8141604832227,1.3235239998798116,3436.2057419410953,0.29073190951725103,1,797.7936422321052,1,3,0,0,0,3,1,15,0
1036.1916669388108,1220.2392766188068,0.8491708854102956,3411.548874809275,0.303730564902647,2,4219.948476393799,2,1,0,0,0,2,1,10,0
5090.480549031974,1168.626740011523,4.355950770886674,4093.094256093129,1.2436753787074655,7,10975.026138684976,1,1,0,0,0,5,1,15,0
461.2479464485416,935.7620182691846,0.49291159231027626,4476.349586925379,0.10304109129362121,2,2097.1730230280978,1,3,0,0,0,1,1,10,0
950.8369802943225,806.4699235648325,1.1790110858584106,3281.046606465126,0.2897968527544685,2,1816.9519775721271,2,1,0,0,0,5,1,12,0
913.5577848840938,886.0606781413395,1.0310329838814585,3586.232988201295,0.2547402212543632,6,7762.26229958952,1,3,0,0,0,8,1,6,0
561.5702856149694,1076.2715238465414,0.5217738025883514,2630.8721412193454,0.21345403937216623,8,12403.886338826323,0,5,0,0,0,3,1,21,0
2448.273570971209,1812.7274110736337,1.3506021677694813,7941.984412017579,0.3082697527417144,3,5961.4453526754505,1,5,0,1,0,7,1,23,0
3512.4060777677564,1323.8661796271158,2.653142841640589,3748.6006696597483,0.9369912634856807,6,8462.20389829802,0,1,0,0,0,4,1,14,0
429.96188798220754,1123.031912337602,0.3828581211795109,1848.5518271919636,0.23259390494630583,2,2473.618853094604,0,1,0,0,0,2,1,2,0
461.1680302468473,1005.7264777933392,0.4585421985296583,4729.924170930082,0.09750008955347887,6,8592.877838879325,3,2,0,0,0,6,1,13,0
508.79151022272964,659.1242374497511,0.7719204989203842,1850.5982086255997,0.2749335365457845,5,2635.5692060531765,0,2,0,0,0,9,1,9,0
332.9607917732361,769.7559182611755,0.43255372758337624,3023.192195476351,0.11013550255635432,1,1276.1300405902782,1,2,0,0,0,2,1,22,0
368.03300834773177,663.9195038416049,0.5543337802522752,3119.5769611011588,0.11797529374554114,2,1712.4489617804334,2,6,0,0,0,5,1,14,0
5423.47894408159,2916.695503181681,1.8594601109938906,7704.521201273589,0.7039345862511309,1,4206.183288208184,1,2,0,0,0,5,1,12,0
815.9300038027998,1505.1335771431498,0.5420980677020659,6033.49703096323,0.13523334802611794,1,1471.8572667803905,1,0,1,0,0,3,0,22,0
729.6641329660492,631.1338138702519,1.1561163685583375,1414.152280987337,0.5159728147923435,1,729.6438661894534,1,1,0,1,0,4,1,11,0
2832.5261326459868,1614.2219717474852,1.7547314943183554,5326.7549047657385,0.5317545453634038,2,4374.334187507956,3,1,0,0,0,3,1,19,0
1934.066017150264,2076.848409262964,0.9312504506944871,7127.556166809848,0.271350512277466,4,8691.839782872681,2,0,1,1,0,4,0,7,0
5292.767379936206,1026.4684634433995,5.156288350234401,5196.877327063691,1.0184514751528095,3,3577.1655016954614,0,2,0,0,0,4,1,20,0
1474.1715457289743,746.1101388183451,1.9758095608561212,1790.2099436192336,0.8234629413065763,2,2110.949877973331,2,3,0,0,0,4,1,20,0
4584.9171311272075,1595.468112865608,2.873712795733832,6587.390054346514,0.6960142170573264,4,10924.838029973509,0,1,0,0,0,2,1,10,0
552.3276427250344,712.1027861666709,0.7756290994145325,1872.7820627581336,0.2949236078818459,5,4853.7002982654185,1,5,0,0,0,5,1,0,0
592.048999049334,1460.5948416208737,0.40534786388285227,5274.920915838429,0.11223845977892354,2,4549.858459833462,2,0,1,0,0,3,0,23,0
8422.001692969094,979.5770337725602,8.597589982825719,9769.258529539338,0.8620922117582885,8,10319.872806666317,1,2,0,0,0,4,1,18,1
732.5940273240406,1763.9256460797649,0.41532024263732065,7448.972303987705,0.09834833550553763,2,5155.004869435156,0,2,0,0,0,4,1,14,0
1226.1082584001008,978.6882552651318,1.252807777965969,2239.9908388344293,0.5473719968596397,2,3066.979952038572,1,3,0,0,0,4,1,16,0
4524.835771794355,1016.3165129790514,4.45219153089528,4009.810811715014,1.1284412118832765,6,5011.7222337240755,0,3,0,0,0,5,1,15,1
2348.0659125439947,621.5882826850293,3.777526021567245,2527.7517274016436,0.928914769235524,4,2717.4300454845766,1,5,0,0,0,2,1,2,0
334.7086696610034,364.57097205787136,0.9180891933652697,1698.3857321750875,0.1970745887227567,3,946.3668600168493,1,2,0,0,0,7,1,4,0
5184.109067425418,880.4288833525396,5.888163332040082,5621.513206633224,0.9221910323555441,1,1428.4816050408551,1,2,0,0,0,6,1,6,0
1872.4644201055974,1710.1707300082778,1.0948991157722212,3462.92250186223,0.5407179684496711,2,4933.96657835989,1,0,1,0,0,3,0,3,1
2636.6785741571775,1463.328233553059,1.801836740179027,3149.1909574769493,0.8372558570629253,3,3879.7841165776554,1,2,0,0,0,1,1,10,0
3098.4873926670703,1871.3521608728888,1.6557478904568055,3477.806808737098,0.890931429797341,3,9639.602835697662,2,3,0,1,0,5,1,22,0
61.91804229801131,782.3369027737023,0.079144984824935,3800.9345158231554,0.016290215482600054,1,1385.2776647874707,2,3,0,0,0,9,1,20,0
654.9536283454921,444.7374891847705,1.47267465476333,1189.9949895131676,0.5503835176763531,8,6162.480692793075,1,0,1,0,0,9,0,23,0
1481.351510848307,1472.5279898362442,1.0059920905225335,7089.647822036493,0.20894571183689495,4,4333.890237232725,0,1,0,0,0,6,1,5,0
320.8272627744944,937.8002544482974,0.34210618013026156,3846.48548847091,0.08340789630849033,3,2989.731939470731,1,6,0,0,0,2,1,14,0
1105.3163223584827,1261.859014113874,0.8759428034317117,5982.7446392285265,0.18475071041992744,2,2385.926073451008,0,0,1,0,0,8,0,5,0
1038.9001518657576,971.7448424483699,1.0691079658814404,2576.1074460835343,0.40328292728830134,1,1632.354096058843,0,1,0,0,0,3,1,12,0
865.8728127312523,1341.6066420796922,0.6453999149773284,3033.3175043983097,0.2854540652192647,3,3583.0700329230194,1,4,0,0,0,7,1,6,0
1377.37625403823,1521.6034160861432,0.905213697259636,3307.4830023254653,0.4164424285989701,6,11994.407281270584,3,6,0,0,0,5,1,0,0
1550.1346885074918,1398.684906866356,1.1082801286391566,3332.8385205489462,0.465109449182726,1,1278.605012092874,0,1,0,0,0,9,1,22,0
3285.4999096018187,1890.466445306507,1.7379308253573,6418.426407403649,0.5118855777191739,0,2036.0680949073094,1,7,0,1,0,4,1,3,0
146.33077379013818,333.43402130613197,0.4388597576723857,1413.6175221545166,0.10351511034407182,3,1295.627584956205,0,1,0,0,0,3,1,11,0
3493.1114919831602,1069.4880567057553,3.2661528757438085,3879.6861116152304,0.9003593052348435,3,2248.883140237652,0,2,0,0,0,5,1,8,0
164.11994989795852,903.2040466030157,0.18170860783365597,2929.0595148521325,0.05603162006977649,4,4235.526492667543,1,2,0,0,0,5,1,20,0
261.5547523859579,1923.0016510131074,0.1360137950210086,8356.087230643292,0.03130110363458019,2,5457.839304182962,0,1,0,0,0,2,1,12,0
2581.1870154517283,526.9661755646443,4.898202456136746,2490.663885120027,1.0363449804979763,5,2995.804913809805,1,4,0,0,0,6,1,14,0
3050.6394334384136,951.9535160998771,3.2046096598674114,3296.9622832123437,0.9252879382247803,3,3125.1886273255973,0,0,1,0,0,4,0,22,0
5242.900356807841,2062.9304710507154,2.541481853306218,5793.069719738852,0.905029735606943,3,10140.02983668587,1,4,0,0,0,2,1,18,1
629.0805296379647,1156.938462320296,0.5437458863424017,4986.442145636463,0.12615819280856605,1,804.5235507197497,2,1,0,0,0,4,1,3,0
528.0404069751698,638.1746785001386,0.8274229999475844,1190.1780037762262,0.4436650696784768,4,3425.743067682574,0,0,1,1,0,6,0,11,0
475.5801469605766,1174.0002293188893,0.40509374281510174,3858.216366565171,0.12326425005136978,1,1279.4226298244853,1,1,0,0,0,6,1,13,0
2346.276790610109,1242.085850802656,1.8889811755716457,5528.701359252462,0.42438117708845646,1,1025.883939301055,0,1,0,0,0,2,1,13,0
1964.1166420381867,351.36923927776303,5.589893543542441,1679.6023848831708,1.1693938158910189,2,1067.9418473970748,0,3,0,0,0,4,1,22,0
582.9834294353906,898.2805789906693,0.648999258216676,3161.9224161631473,0.1843762599788312,2,2492.221070105072,1,2,0,0,0,2,1,5,0
134.99256176965875,1186.836466618484,0.11374150151813033,4020.7775844528705,0.03357374511130238,2,1937.0592489619996,2,0,1,0,0,7,0,4,0
503.3906592657669,1602.2898982277018,0.3141695268893407,4524.127837217099,0.11126800067953312,3,8145.543926074253,4,0,1,0,1,3,0,19,1
1007.3432572560242,1721.0786687447403,0.5852976250009099,4202.215660029323,0.23971717273763027,2,2598.444639428766,0,3,0,0,0,2,1,0,0
657.7725661527504,770.0672182816306,0.8541755194053572,3290.012256908525,0.1999301263305412,3,2415.27406485695,1,3,0,0,0,10,1,12,0
901.1213766975549,587.9813482707915,1.5325679621431605,1232.2626292028833,0.7312738010082034,2,1310.8631053648435,3,1,0,0,0,4,1,15,0
2036.5223905327136,911.625464226139,2.2339463633362606,3364.9514798900154,0.6052159749415698,4,2907.9957163488098,1,1,0,0,0,3,1,22,0
1049.8124270303556,2912.940958986534,0.3603960539576486,13694.95374636537,0.07665688007956763,1,3625.1231532163706,4,4,0,0,1,4,1,2,0
746.3786901155972,942.3801524927566,0.7920144414558159,4431.7264823195155,0.16841713790173962,0,1415.4994243558504,2,1,0,0,0,5,1,7,0
457.11525009599995,420.5773243682696,1.0868756435754408,1566.5574801418832,0.29179602784482506,7,4695.691902882335,1,2,0,0,0,7,1,17,0
2917.5427308132694,2125.630033847202,1.3725543412334908,7245.650919576423,0.40266123267553544,3,11368.714747705995,4,0,1,0,1,2,0,18,0
744.9923057558871,1153.0778876880784,0.6460901849827309,5198.478895473832,0.14330967206667525,7,11085.703657095399,2,1,0,0,0,3,1,17,0
1511.4593151590104,2124.316141051996,0.7115039451757454,9462.12293251703,0.1597378649525689,2,2845.664367686124,3,2,0,0,0,2,1,8,0
5033.654684452764,2115.6205778203926,2.3792804519034605,7133.352281181581,0.7056506514800893,4,14233.666873310454,3,2,0,0,0,8,1,11,0
1156.1774874611665,2391.0097277647797,0.48355197974958125,7770.643798909894,0.1487878633200715,3,6815.479329750615,1,1,0,0,0,4,1,23,0
3197.7354385673852,1242.5790389215128,2.5734664262024216,2542.298855279374,1.257812562801939,1,1406.4861608183319,1,1,0,0,0,5,1,13,0
2133.7200284463197,1560.8645796142887,1.3670116269622772,5148.771690326197,0.41441340901855744,1,1377.001423483408,2,1,0,0,0,5,1,7,0
2751.4362947099826,974.8051296765334,2.822550077904271,3906.073551523558,0.7043995097421525,4,4236.19870619081,0,1,0,0,0,2,1,14,0
1132.4949300691749,1634.468413808674,0.6928827259685064,4393.529093282563,0.25776429517689786,3,8660.475072645444,0,1,0,0,0,8,1,2,0
8486.283492538547,1421.9401737219134,5.968101646868721,5822.266158433514,1.4575567762813835,0,2225.552729361103,4,5,0,0,1,5,1,7,1
3944.167501401498,1792.832384102566,2.1999644452963296,6498.48487412758,0.6069364748549948,4,11829.075223215703,0,3,0,0,0,3,1,22,0
1316.692504575594,556.432041545348,2.366313235518962,2305.348067644378,0.571146944383544,0,921.3147170640875,2,1,0,0,0,3,1,20,0
672.6875672724153,925.0402332170866,0.7271981727032086,2450.1740373407124,0.27454685137489837,2,2422.344690579473,3,2,0,0,0,2,1,6,0
3267.714154816526,2984.305993527605,1.0949661870812106,5379.7951270015,0.6074049434365412,5,11893.42667166374,0,3,0,0,0,3,1,18,0
4419.858222756918,3022.7841065694192,1.4621812431629624,15095.424919907327,0.2927945550527803,4,8392.048053453045,0,2,0,0,0,6,1,17,0
658.9133026779759,1446.9980819530335,0.4553657056605296,5585.029954129157,0.1179784724683212,2,4900.703237048869,1,1,0,0,0,2,1,9,0
1083.0402002144733,1391.7794373765635,0.7781694219135407,4673.118137586318,0.23175964491534712,4,4316.7343323862415,0,2,0,0,0,7,1,16,0
861.7298929780885,2249.9620765562977,0.3829975189168601,4717.588468428022,0.18266321845263267,4,10024.938590983724,2,3,0,0,0,4,1,3,0
2382.91211266479,887.4908192375775,2.6849991695822766,1528.9884120634647,1.5584893213473754,0,968.2298583180989,1,2,0,0,0,6,1,13,0
337.6280641004219,308.89556641700983,1.0930168665633198,818.7094292404522,0.4123905894349504,1,334.268956909263,0,0,1,0,0,5,0,20,0
294.20946420966345,442.7183261941579,0.6645522599862635,1749.3472456776944,0.16818242629449315,1,619.4143102578261,1,2,0,0,0,6,1,7,0
3994.8130104413,2962.0601945395856,1.3486603067032683,13759.650351917144,0.29032809034167784,4,15342.882028884047,2,2,0,0,0,6,1,7,0
907.8657498833606,1250.5434138686132,0.7259769951327291,3474.869255578817,0.26126616085649973,1,2233.7252527463165,2,2,0,0,0,2,1,15,0
198.04183434662858,910.2813843845333,0.21756111653379598,1595.7249180092565,0.12410775322960757,2,2178.676894332061,0,3,0,0,0,4,1,20,0
816.557941963298,491.85087599434337,1.660173808397749,2065.690389405056,0.3952954160756282,0,654.1824747102713,1,4,0,0,0,8,1,20,0
2731.9243081707473,1757.4007818176847,1.5545254881160973,6809.67225572783,0.4011829359148437,3,4178.5987530663315,1,3,0,0,0,4,1,12,0
164.55131486371576,679.930980021201,0.24201179193009395,1593.4890074567497,0.1032647944816036,3,3286.1726412730495,4,4,0,0,1,4,1,11,0
695.9638546306286,861.302724518228,0.8080362859875055,2396.438635668238,0.2904158880899371,2,2544.326365734563,0,4,0,0,0,2,1,18,1
1018.7103179855774,782.05110933792,1.3026134811675054,1489.039185720941,0.6841393616463849,3,2019.036183098101,0,0,1,0,0,1,0,23,0
1421.104478137056,750.5145174903363,1.8935069809030767,3187.2146628706378,0.4458766127968004,2,1054.8938947378786,1,3,0,0,0,3,1,20,0
1646.2162619921287,1487.0380998767557,1.107043768500999,3594.659787796336,0.45796163174633064,3,6625.349821182293,1,3,0,0,0,5,1,2,0
64.28038844805178,831.1446791830581,0.0773395896743678,2765.0145799014717,0.023247757503811188,2,2985.1170205909243,2,2,0,0,0,3,1,13,0
1565.3666876948528,673.3126116947689,2.324873558739275,2480.159727864305,0.6311555945805187,6,3604.407424051068,0,4,0,0,0,6,1,10,0
2831.5790098320167,1216.4851214062126,2.32767253787602,5558.893233063209,0.5093781965428548,2,3591.0591472177694,0,2,0,0,0,4,1,18,0
799.4727815208715,860.5016178229164,0.9290776042275797,1700.0722549136822,0.47025811944767204,5,4273.1909534810875,0,2,0,0,0,2,1,10,0
735.3192716884356,975.895140042868,0.7534818460681496,3937.540569807742,0.18674582741488782,2,1723.2626031219577,1,2,0,0,0,1,1,1,0
1820.6917216648744,869.7091103505267,2.0934490624469424,1900.3117554590278,0.9581015938224721,1,1321.0576167352838,1,3,0,0,0,8,1,14,1
755.0919175976915,2980.5449135128742,0.253340224525501,6066.855218473179,0.12446183243313369,3,9814.564081614075,1,2,0,0,0,3,1,5,0
557.1643726312776,1103.1160056802375,0.505082303005568,3583.4365436741496,0.15548325353070405,5,7262.117307552629,1,1,0,1,0,3,1,13,0
19095.472615112933,3439.2016887293817,5.552297987550647,16619.816975974216,1.1489580566812228,2,7076.628163686703,4,1,0,0,1,2,1,4,0
846.976660847083,942.3285093460188,0.8988125186140123,4157.125973863675,0.20374091768498762,1,850.0844979004319,0,3,0,0,0,6,1,8,0
1412.5342255599094,1662.1018858173218,0.8498481576929985,6062.671604050252,0.23298874123682473,5,7701.392562381413,2,2,0,0,0,1,1,2,0
491.72505221715744,646.0354789358145,0.7611424886867735,2937.7337181716402,0.1673824449015048,3,3283.997914794329,2,1,0,0,0,2,1,5,1
772.4087972544128,2162.9288034389474,0.3571124468019113,9345.598153403258,0.0826494767457057,3,6940.546144053658,1,3,0,0,0,3,1,23,0
245.81679694721512,737.273793404406,0.3334131758734314,3255.8073853316178,0.07550102566100594,6,6992.687068353529,1,1,0,0,0,7,1,20,0
3953.8813968837376,1740.3138914726567,2.2719357790898034,8322.322246155974,0.47509352317017156,3,8194.861600557451,1,2,0,1,0,3,1,6,0
15330.341988392687,1291.662084641161,11.868693964684763,16750.087779455323,0.9152395014428514,2,1900.9932124198444,1,2,0,0,0,6,1,7,1
324.78123801585906,994.7163733952688,0.32650637578959535,2255.029368261371,0.14402528081763546,6,10109.454841437588,0,1,0,0,0,4,1,0,0
1014.4037609241914,918.4012723053495,1.1045321816441507,3337.042741803723,0.30398284931043185,2,2938.5699144467767,0,1,0,0,0,2,1,13,0
1931.5168093068623,1900.7258403810172,1.0161995845332816,5393.817895889703,0.3580982611182985,2,5743.77648262603,2,4,0,0,0,2,1,7,0
181.20691180800765,853.0840762498638,0.21241389547978518,1467.665190981036,0.12346610992857503,2,2962.1139199119284,1,1,0,0,0,8,1,3,0
835.5637398334532,820.6361733566131,1.0181902369911169,1238.1973310936378,0.6748227595478997,1,1270.3711502420979,1,3,0,0,0,4,1,9,0
914.856390422732,532.6926938049061,1.7174186938591465,2514.9314152892825,0.3637699162931247,1,538.6235049141192,0,2,0,0,0,3,1,4,0
2525.108346934185,1644.378521891081,1.535600418831937,6548.601519745398,0.3855950525192986,5,12071.967720095277,1,1,0,0,0,9,1,2,0
808.8847226755272,794.9848319583607,1.017484472858338,1385.6262499969848,0.5837683305128546,6,7635.1458563440865,0,0,1,1,0,2,0,20,1
905.3354945498844,1587.9439832468258,0.5701306243175969,3200.038393338662,0.2829139476683998,7,13922.151562375,1,1,0,0,0,3,1,6,0
1097.0721267815666,1442.3931740040143,0.7605915963510469,4600.491626020773,0.23846845423572408,1,1211.9841294277203,0,3,0,0,0,3,1,13,0
1334.382494714295,2074.3346458757205,0.643282171161423,5571.559827741654,0.23949890802037146,3,4245.355413524723,3,0,1,0,0,4,0,6,1
156.225392715176,248.31028390457277,0.6291539369960788,991.7276666844713,0.15752852114882138,1,223.77906895866354,0,4,0,1,0,6,1,3,0
338.8184624651371,1490.4143730341955,0.2273317196850217,5271.6440506812405,0.06427187784451276,3,4471.697405162076,0,2,0,0,0,2,1,13,0
2897.8539102008913,1603.35503999633,1.8073688221964388,3260.4684731902416,0.8887845210064105,3,6129.682295897444,1,2,0,0,0,2,1,8,0
3926.8336125906476,1228.6136196121402,3.19615015649127,4769.70382836153,0.8232866764684587,3,2269.1154477520613,3,4,0,0,0,4,1,19,0
1387.4822149040922,1887.5781210443272,0.7350594920736047,6236.199769581781,0.22248841701187855,3,4611.4933462025,1,6,0,0,0,1,1,22,1
292.34799930466903,949.7836182477773,0.30780484490142257,3089.012833175088,0.09464123818617315,2,1809.3305021292626,2,4,0,0,0,6,1,9,0
3553.0729809118,1313.6099400440849,2.7048158457087794,2588.197321635695,1.3727983377505084,3,3944.8518738069056,1,0,1,0,0,2,0,6,0
793.0468851314085,2513.796113127821,0.31547780704643164,5603.094108263784,0.14153731310023418,3,6046.143951074428,2,4,0,0,0,2,1,1,0
589.4862993174436,2608.199995165057,0.2260126909018488,6533.553892449484,0.09022444890194978,2,5663.959601965087,0,1,0,0,0,5,1,7,0
3154.174399318585,2201.490486308675,1.4327449602597704,9814.010009794361,0.32139506645812727,3,11736.01302599353,2,5,0,1,0,5,1,15,0
868.3291668419472,1263.440273913286,0.6872736169415028,2378.7279831601873,0.36503928695888743,5,4080.387592697901,2,4,0,1,0,4,1,0,0
960.1895063640378,751.9777135732437,1.2768855898686338,3137.920921557357,0.3059954442342969,3,2445.368055195645,2,2,0,0,0,5,1,4,0
487.2846190253899,1062.1731415815666,0.4587619475105794,4389.194738451268,0.11101913860338965,4,3288.02327543016,0,1,0,0,0,7,1,13,0
376.6560588972908,759.6991413392245,0.4957963467397214,2474.5118234608335,0.1522142894312392,2,2337.7980123734155,1,4,0,0,0,3,1,15,0
263.4934871219778,1306.27154295957,0.20171417538882502,2774.5552633598127,0.09496782803414183,5,6785.03980391302,0,2,0,0,0,3,1,0,0
523.9711432304304,2035.024697000498,0.25747655249724083,9937.924381978633,0.05272440432134865,6,13268.95670697787,1,2,0,1,0,8,1,6,1
431.58418933087245,1588.8645137091346,0.2716305799563476,2610.3731696951545,0.16533428796361474,6,10831.697779217408,2,0,1,1,0,6,0,12,0
1742.3028846193724,1121.8585130713882,1.553050464313322,2876.62297895714,0.6056764815426067,2,3396.880703385972,2,3,0,0,0,5,1,16,0
280.1192459600272,1112.3331212897567,0.2518303560314983,4901.68455110916,0.0571475465300274,7,11303.298277338654,2,4,0,0,0,4,1,12,0
3028.322797986746,1042.3970652098176,2.9051528434389766,3876.046385170524,0.7812916815373759,0,756.8873383301882,1,0,1,0,0,8,0,19,1
321.69957200956776,750.2904972620815,0.4287666886139382,3686.6750348248706,0.08726008367180363,7,8538.070710744058,0,4,0,1,0,7,1,2,0
731.5472874167376,953.5256877360266,0.7672024957750888,2294.384630571523,0.31884248075463784,4,6065.407389189496,2,1,0,0,0,2,1,4,0
968.7606885469798,1298.6941169203294,0.7459498552624999,3373.764696470623,0.2871453037493764,4,4311.211283583393,2,0,1,0,0,4,0,20,0
2475.1862099271098,654.8692542899429,3.7796647097303224,2858.948404419342,0.8657680586683498,3,3173.7727370253224,1,2,0,0,0,3,1,20,1
406.0468450297352,703.0169279067233,0.5775776214077305,2305.1942915923023,0.17614430441316953,7,5234.828465108708,2,1,0,0,0,7,1,23,0
133.3163195650319,271.6091826499658,0.4908387789555784,976.3795430924457,0.13654149199273957,3,618.8078239949821,0,0,1,0,0,1,0,7,0
978.3702817295698,833.4034550728231,1.1739455551502116,2524.0276794180154,0.3876226436451601,4,5976.726702924856,2,1,0,0,0,3,1,14,0
644.9156481287362,906.1474477967299,0.7117115980371947,2686.8292700534607,0.24002851811864626,1,1265.325074364394,1,2,0,1,0,2,1,21,0
346.8570755972922,959.0211680599183,0.3616782268726951,4131.6588289032625,0.08395104483720511,3,4479.465279864311,2,2,0,0,0,1,1,3,1
320.12129749818513,708.2876889064946,0.45196507367283395,3472.480591602755,0.09218807392971784,1,1090.704280340706,0,1,0,0,0,8,1,0,0
1148.5295132466633,608.3515963804391,1.8879370418030732,2051.9429852962016,0.5597277904292605,2,825.264460340255,0,1,0,0,0,4,1,16,0
473.056075904004,1174.9007426079352,0.4026349279973713,2464.9964125348797,0.19190943787927733,1,1697.1878361030654,1,1,0,0,0,2,1,8,0
364.5482456721463,1118.3392916050634,0.3259728495713847,1723.3152132292373,0.21153892385655723,3,4274.400300239475,1,3,0,0,0,1,1,8,0
1926.6466976586303,1965.5286270033503,0.9802180803624319,7761.061934276424,0.24824524194938724,1,2142.308696010444,3,0,1,1,0,8,0,0,0
1821.2080148359462,1061.3615630128163,1.7159166850419987,2074.239551736018,0.8780123844961403,2,3159.5406744223583,2,1,0,0,0,4,1,16,0
214.9930132139462,326.44160933888855,0.6585956172969227,676.3331835538008,0.31788032650455333,0,245.6840807020938,1,0,1,0,0,4,0,18,0
1312.640522611167,1547.3798344538916,0.8482988425879481,7070.064578755766,0.18566174438567484,2,5469.768839098161,1,1,0,0,0,2,1,16,0
1178.170041404353,2053.444310388375,0.5737531012864535,5065.361658524038,0.2325934692978373,5,7334.025011091744,0,2,0,0,0,3,1,18,0
82.24832975662301,478.4299420572764,0.17191300653748895,1406.4370399201005,0.05847992296995785,4,1424.3856962405082,0,7,0,0,0,3,1,3,0
945.4922180586192,709.0353757388174,1.3334908953920852,2795.626504614463,0.3382040542604633,5,3116.968478392073,1,2,0,0,0,2,1,3,0
11287.703136044895,1727.920901059245,6.532534636930047,7246.302485963677,1.5577190101999663,5,12248.670136906141,1,1,0,0,0,3,1,1,0
493.1177296962619,1577.8540168095378,0.3125243048107574,4882.165293768214,0.10100389889004713,4,10149.712533355612,0,0,1,1,0,6,0,1,0
1097.9257225029128,940.5179262793976,1.1673628878571256,3271.613646013496,0.33559149743758704,2,2302.7928372157266,0,1,0,0,0,5,1,4,0
7843.130349258701,1647.9643986086382,4.759283850962185,6454.305421030614,1.2151780614073144,7,17065.48288008928,1,1,0,0,0,4,1,1,0
3112.75520991424,4229.809463532204,0.7359090844992481,8716.438747156262,0.35711318580994744,2,9241.087672767433,3,1,0,0,0,4,1,23,0
467.92950710099615,880.4027500230948,0.5314948267582325,2246.399409391145,0.20830200771278776,2,2917.211376506313,1,2,0,0,0,6,1,7,0
719.801470914323,459.93956870379947,1.5649914029855394,2158.642724807288,0.33345095167547145,3,937.1412449058888,3,1,0,0,0,1,1,8,0
1207.2525978694828,967.9068735584171,1.2472817694032214,4482.542187132445,0.2693231981920915,1,1441.2473624181303,0,6,0,0,0,4,1,3,0
1593.2695581856265,824.715448404356,1.9319021624588875,3790.824726713871,0.42029628723213863,2,2632.6363958332413,0,2,0,0,0,2,1,5,0
771.2560562545705,655.4711132153383,1.176643853107824,2934.6708481461324,0.2628083680123045,3,3347.853029444542,0,2,0,0,0,5,1,1,0
2985.8863251516395,1781.0863287939762,1.6764411005127793,6061.667769373702,0.492584951659293,3,6028.98615516333,0,0,1,1,0,4,0,14,0
1326.4958319945845,991.1250299103964,1.3383738599705302,3594.0040655777,0.369085790608688,3,4110.3763856885325,0,3,0,0,0,4,1,9,0
719.2054091965247,610.0447778266594,1.1789387194801668,952.5449696308901,0.7550356488420864,3,1222.187735931854,2,8,0,0,0,3,1,0,0
716.2140776632873,451.34681393527495,1.5868375616051107,815.6582375259874,0.8780810941549134,3,838.0003739204243,1,2,0,0,0,9,1,9,0
850.4100739363103,958.2725867552621,0.8874406778303267,1466.5252570079979,0.5798809600260928,4,4586.510949063214,0,2,0,0,0,5,1,11,0
938.1741691008272,1208.6383628850756,0.7762240533730553,5910.944068578623,0.15871816045223136,2,3674.1178997925626,0,3,0,0,0,5,1,6,0
2148.9504636777137,2541.5992661508894,0.8455111284841451,4353.897624242791,0.49356935994824847,2,4148.725845699031,1,4,0,0,0,4,1,7,0
5130.543335046,1664.4616553203077,3.082404042560345,6879.058140323025,0.7458206095064464,4,10751.558634140243,0,2,0,0,0,5,1,0,0
2907.8765233749646,825.9211893245571,3.5207675513847057,2701.128187545846,1.0765414750704458,2,2653.3088815689653,3,2,0,0,0,2,1,22,0
93.02080881585076,465.1561954216544,0.19997757684712622,2299.8292167891846,0.040446833241695256,1,424.5721620968548,0,2,0,0,0,1,1,0,0
2320.165909468303,1412.5268423940988,1.6425641197273408,2431.508321339619,0.9542085005861823,4,10022.094067710756,2,3,0,0,0,1,1,23,0
332.07280418666807,1109.1595331017784,0.29939138083952843,1749.5085154338706,0.18980919570106547,8,12449.604175079678,0,3,0,1,0,3,1,16,0
2943.2203371449064,513.6475424598569,5.730038779217809,3265.349600289557,0.9013492267057451,1,309.8704609716478,0,1,0,0,0,1,1,1,0
637.0259151343855,587.9511963807237,1.083467333778302,2052.4207542690106,0.3103778373948808,3,2741.8292204843756,1,1,0,0,0,5,1,8,0
3135.2183224577825,707.2556071139827,4.432935265442872,2479.5341751696437,1.2644384392254961,3,3245.9474639611644,2,0,1,0,0,2,0,16,0
2716.360266279631,1790.2409765678174,1.5173154350915008,3558.7647332955767,0.7632873960072541,2,4766.911039350975,2,2,0,0,0,4,1,14,0
460.6169634424429,1057.311188317618,0.4356493797964737,1887.3953664865026,0.24404900617082073,4,7219.201700572291,1,4,0,1,0,6,1,3,0
1038.290442564626,687.0541327934443,1.5112207219293115,2102.468217020838,0.4938435854387687,3,3207.148180469128,1,1,0,0,0,6,1,12,0
3446.4099497198113,998.1808910161177,3.45269077051903,3361.0917217262668,1.0253840820356206,1,1680.2391096007061,1,2,0,0,0,4,1,13,0
772.8866313550009,1418.9429720292635,0.5446918210177804,5556.599628120142,0.13909345338535337,8,9141.930662789595,4,1,0,0,1,8,1,9,1
2273.672224965037,1730.755120479343,1.3136879955237861,3809.7775864991336,0.5967992024055009,2,3823.786083785077,2,4,0,0,0,4,1,12,0
1836.058612297848,868.4452650742428,2.114190365400731,2441.687747254217,0.7519629053152169,0,1018.2172705815722,2,6,0,0,0,1,1,10,0
3080.273537317787,2344.970970728502,1.3135657437843897,7113.157004605143,0.43303887926606727,3,10995.586051425442,0,0,1,0,0,4,0,6,1
2087.2978683258693,1762.0686072998938,1.184572416578229,3639.2597257900047,0.5735501243656804,6,8406.162285007698,0,1,0,0,0,5,1,3,1
1141.535821111369,1387.381388862988,0.8227988570950207,4155.212445516627,0.27472381643038696,2,3949.680027359517,1,3,0,0,0,3,1,14,0
511.8573413259626,1717.1892200443954,0.29807858991377156,7674.051829727894,0.06669975036435374,4,9265.060995058337,2,3,0,0,0,6,1,11,0
756.8230438733925,1364.1300592348332,0.5548027028287238,2439.2057934024433,0.31027437124019847,1,1887.6326040364024,0,3,0,0,0,7,1,9,0
119.26042963477151,1152.517788836527,0.10347816822434087,5116.940249915763,0.02330698108830464,3,2946.1464687884154,0,3,0,0,0,4,1,2,0
3681.3080748743673,2336.783417285907,1.5753741008441762,7229.797144250146,0.5091855278127838,4,13720.098285816794,1,2,0,0,0,4,1,22,0
168.41711850672291,934.9712854739023,0.18013079238188423,3003.5520775326854,0.056072648037809876,1,1280.25949170048,1,3,0,1,0,5,1,10,0
1947.4011183909954,1245.8075496463455,1.5631636836233778,2948.529232365799,0.6604652573949444,2,3463.8625877430063,0,2,0,0,0,1,1,11,0
314.0145150761359,1220.1236719224169,0.25736285780061724,4298.666990200039,0.07304927685536376,2,3638.046802032609,2,3,0,1,0,3,1,9,0
2047.080622962699,1456.7393392376277,1.4052483981341655,4045.1810827861873,0.5060541372730679,1,1504.754155310223,0,1,0,0,0,6,1,0,0
4270.81608773018,1397.850768042133,3.0552732704879495,6312.087729325756,0.6766091142694526,1,1869.5169508569518,1,0,1,0,0,5,0,17,0
7284.425172702887,1412.8161494841397,5.155961145661197,7652.63637440758,0.9518843985667361,3,5672.5399543427175,3,4,0,0,0,8,1,14,1
3346.4491256350047,2164.105099951253,1.5463431631441487,8630.447583266545,0.38774919763412835,5,10999.807719291326,1,4,0,0,0,6,1,3,1
1335.9664246382354,1365.3478444368181,0.978480634134152,2981.243884055933,0.4481238290443636,4,9175.771984963347,1,5,0,0,0,6,1,7,0
600.7687139086207,848.4997277752343,0.7080364250485217,3997.3910711055837,0.15029020259017647,3,1928.6902299339235,1,5,0,0,0,4,1,11,0
2304.2974019725293,1087.2101842228426,2.1194589927610754,4936.001638471004,0.4668348130221281,2,3589.223173993153,2,2,0,0,0,4,1,2,0
315.58993936740603,977.4854997397856,0.3228589472185711,3158.078207103559,0.09993100824974512,1,1731.6387937480695,1,0,1,0,0,3,0,2,1
10002.897420036235,1632.5977241109376,6.12698233760157,8214.591688237362,1.2176986756821504,3,8525.830345453282,0,4,0,1,0,3,1,20,1
810.475874443972,815.6683577987991,0.9936340752890798,2099.2696427609776,0.38607516535037734,1,765.8824705551848,0,5,0,0,0,4,1,10,1
660.1732672043404,1483.4995233426996,0.44501077136634537,7297.93655929076,0.09046026391718846,2,4813.997555488394,2,6,0,0,0,2,1,1,0
2624.195304017657,1248.44851421419,2.1019651784914832,5200.13211397244,0.5046401219243264,3,4182.806499207939,1,3,0,0,0,10,1,23,0
2334.3313196529775,1622.1718646113586,1.4390160318877425,7972.621827085625,0.2927934336133296,2,2910.3487438839175,1,3,0,1,0,6,1,21,0
1478.1283144899728,782.2202652040827,1.8896574024508639,2422.995255159865,0.6100417701364622,3,3265.276168864662,3,5,0,0,0,2,1,5,0
1352.8265274719197,919.2294496822799,1.471696242912482,2845.6875244567077,0.475395318651579,6,6165.71954359368,2,1,0,0,0,8,1,4,1
4328.0316024247395,701.2586666915213,6.1718047961446585,2845.4103929137004,1.521057072541594,4,4270.87281761411,0,3,0,0,0,6,1,7,0
808.9705165429316,802.2348621712321,1.0083961127711025,3743.7848625483603,0.21608360155403608,6,8524.82033714601,3,3,0,0,0,3,1,17,0
2836.785943142168,1768.7855985433014,1.6038042968454895,4141.732532779858,0.6849273632931017,1,2423.3313930671693,0,1,0,1,0,7,1,12,0
535.533696572155,737.0774918750251,0.7265636279434201,2279.1192082094235,0.23497397356099414,1,1078.511685803833,0,3,0,0,0,2,1,16,0
841.9590681240468,1598.2342593523672,0.526805794080039,4953.16250773487,0.16998413979134372,4,9618.758816224823,1,3,0,0,0,4,1,17,0
3735.2162529725815,2010.7514219996647,1.8576220869996751,9166.713978657855,0.4074760335785532,4,6727.783163057858,0,7,0,0,0,5,1,22,0
121.85632367838207,349.8734492075507,0.34828685616008226,829.1154564189629,0.14697147753666587,3,730.4090529759532,0,1,0,0,0,5,1,15,0
2133.3362755537914,841.7417523671553,2.5344308626183745,1514.6080198420248,1.4085071831167912,2,1945.1199205645312,0,1,0,0,0,2,1,10,0
2237.6868284498805,1729.087682178566,1.2941430625603119,6295.203064326696,0.3554590385066812,3,5161.00769114703,5,2,0,0,1,7,1,10,0
875.4067539902405,1114.9446389541702,0.7851571489786088,3370.9825306555113,0.25968890257642824,6,10122.97076842148,1,0,1,1,0,2,0,8,1
577.6021712178665,526.9150315166781,1.0961960404797904,2499.3018044684054,0.2311054111933156,5,1609.3979905499614,1,0,1,0,0,7,0,16,0
3410.080829805939,963.2103072611565,3.540328424746974,1996.1009146271135,1.7083709570079364,4,4659.48540636219,1,3,0,0,0,7,1,7,0
2107.933107951333,1274.339817873717,1.6541373646069517,2482.035739440208,0.8492758885199416,6,8380.140584772742,2,2,0,1,0,3,1,21,0
4729.491469810804,703.52933761206,6.722522028525184,3126.663803939958,1.5126319189965667,1,883.8374506365088,3,3,0,0,0,6,1,23,1
5265.797268096575,3259.431953332764,1.6155567422453185,5789.865530196286,0.9094852446284802,3,9336.988518588763,1,2,0,0,0,5,1,7,0
2241.760159815781,823.14085096859,2.7234223124485943,3828.921780381495,0.5854807928702119,1,827.0766093993275,1,5,0,0,0,3,1,12,0
394.2441638000289,399.5118267513649,0.9868147509069505,1526.6346261204405,0.25824395507253867,1,659.6678549725965,3,1,0,0,0,4,1,5,0
1358.4011823254868,1867.768084899508,0.727285787410043,6945.470149384316,0.1955808826629113,4,7600.856666718772,0,1,0,0,0,1,1,23,0
627.8410793724229,576.8505402760966,1.0883947149844408,2454.9827316816827,0.2557415460687769,3,1878.954187358426,2,4,0,0,0,6,1,0,0
1550.9174174365953,768.7108119141443,2.01755639884224,1310.5712018637016,1.183390429479229,3,1687.3623651641044,1,3,0,0,0,3,1,18,0
1862.2773484989232,1266.1045784623002,1.4708716642986017,3800.759358483485,0.4899750741499135,4,4570.415866795216,2,2,0,0,0,3,1,6,0
5755.568374740951,1859.628857099106,3.095009174959376,2956.71979723483,1.9466059584420707,2,4062.837764608637,0,3,0,0,0,6,1,15,0
390.61497786350077,210.03581731440624,1.859754126025003,861.9010661477799,0.4532016413546548,3,1062.775735565536,1,0,1,0,0,4,0,1,1
425.4245350649781,1194.3092186133772,0.3562097055224162,2049.8585134670134,0.2075384873004915,2,2579.0995240441766,2,4,0,0,0,4,1,7,0
432.2329350655396,413.0549176926127,1.0464297035369006,1676.4793388161288,0.2578218085113816,3,1387.9766436393093,1,2,0,0,0,6,1,10,0
509.1810555428014,681.829600221455,0.7467863750377246,1540.1983582059859,0.330594467154148,3,2819.541964637582,3,1,0,0,0,1,1,4,0
2473.9011467709747,954.859557262187,2.5908534170870605,4421.642556377585,0.5594982215834537,1,794.144021409893,2,3,0,0,0,6,1,10,0
1508.1066092785047,1143.0379267522783,1.3193845750713615,4839.442145256489,0.31162819267438013,5,5762.875807380889,0,4,0,0,0,6,1,22,0
1030.892336562908,1637.8753094046801,0.6294083137119927,6364.16608078168,0.1619838834306927,4,5330.5335628218945,0,2,0,0,0,3,1,16,0
335.5696800008522,669.9509068683222,0.5008869703146889,1940.6329007272543,0.1729176496364135,3,2744.0414671925596,2,2,0,0,0,4,1,11,0
208.86593047064804,1728.4046985911352,0.12084318599741123,6467.583719256573,0.032294275503349255,0,2384.5365146219947,1,0,1,0,0,4,0,18,0
758.8313473908032,550.2132651614867,1.3791585834777855,1785.4154926994765,0.42501667006567795,4,3415.412844611419,1,4,0,0,0,4,1,4,0
2552.003839291924,1806.8578612170315,1.412398780263208,8893.969107607425,0.28693644068417967,3,4812.439965477298,0,3,0,0,0,3,1,13,0
774.4687582594742,1524.1442804401488,0.5081334937895905,5442.538566133671,0.14229917690958127,3,7690.715478213678,1,4,0,0,0,5,1,20,0
511.8645267412545,650.6520736460578,0.786694682878547,1707.2636189285934,0.29981575256812365,3,2286.251039936089,1,1,0,0,0,3,1,17,0
9674.1767034757,1623.7232871435465,5.958020544556276,8674.948053920643,1.1151855484717808,2,2453.441345371523,0,4,0,0,0,9,1,11,1
2206.888454888896,1204.1093713144728,1.8327973417229813,2480.1662463045027,0.8898147284187921,2,2499.106305216436,1,1,0,0,0,1,1,5,0
675.8588164616333,478.1258748326621,1.413558336909031,741.2364977298764,0.9117991606343321,1,856.9718619414025,0,1,0,0,0,4,1,9,0
494.9689843943795,2099.7323549662206,0.23572956011450436,8805.911533841387,0.05620871643920094,5,12488.446912474441,0,2,0,0,0,5,1,22,0
925.7054711131226,648.5699552335741,1.4273024268904682,1749.0258810371786,0.5292691669972179,7,3116.1505142132487,2,1,0,0,0,2,1,18,1
9014.277064708664,1848.2595819687524,4.877170475754668,5955.320933798969,1.5136509291294147,1,3262.3066363059006,5,2,0,0,1,2,1,19,1
831.4594115741672,2146.50067375327,0.3873557654749376,9364.244526433686,0.08879086927163182,3,5441.036249551134,0,0,1,0,0,5,0,15,0
4624.002029814583,1964.2508392869815,2.354079192601025,5079.282559204958,0.9103651895551095,2,5119.068266610331,2,1,0,0,0,8,1,7,0
6532.3534049967475,1287.5783453984868,5.0733638293482475,5612.749824305637,1.163841897372448,4,4356.903457502521,3,0,1,0,0,3,0,20,1
1977.0446800035593,1268.0357590476206,1.5591395320652879,5897.875081794301,0.3352130475103393,3,4455.572134722819,1,2,0,1,0,4,1,22,0
2833.0848856366624,1356.636141807008,2.0883159443644623,3757.296539481171,0.7540221688298979,7,9934.95595940686,0,2,0,0,0,5,1,10,0
1834.2195961026584,1574.0039593992165,1.1653208272759137,4511.057609256158,0.40660522542187366,2,5588.0840023281025,3,2,0,0,0,5,1,7,0
1668.7507163036482,1681.43496014512,0.9924562982558797,7798.66912682405,0.21397890962752442,3,6086.105107169565,1,0,1,0,0,3,0,3,0
872.5405979342528,884.3762195309681,0.9866169834338236,4275.858652935209,0.20406207706030882,2,2432.66506143894,1,2,0,1,0,6,1,14,0
838.4482420538023,2291.657770041433,0.3658697441715493,9074.077922354774,0.0924003793253982,3,7929.8896098407195,2,2,0,0,0,2,1,13,0
581.8512789505695,888.2520539614733,0.6550519938069364,2803.192922765514,0.2075673330312703,3,3242.606696625478,1,3,0,0,0,3,1,17,0
3219.821056131846,1133.7182968707257,2.8400538873008876,2619.890768686087,1.22899057266675,6,6421.976501700392,2,4,0,0,0,1,1,18,0
508.1991325101131,1076.7018811749942,0.4719961406174199,2366.350157754907,0.214760749099056,6,10534.363507038914,0,4,0,0,0,2,1,5,0
1182.1043559880873,1201.5908606194168,0.9837827456333312,3857.071430837422,0.3064771750238072,4,3446.9022276560345,1,2,0,0,0,2,1,1,0
318.6734528374518,420.42802025884953,0.7579738682527645,1188.6946065263783,0.26808690061165863,7,2835.578200445435,0,1,0,0,0,5,1,3,1
2573.8528547592573,1109.0003070797827,2.320876593385913,1924.2014516056759,1.337621303949995,1,1077.0079256867757,0,1,0,0,0,5,1,12,0
1019.3613264850535,1735.1908881431825,0.5874635081652981,6303.510029066151,0.16171328700750387,3,5971.010719204578,2,4,0,1,0,3,1,2,0
101.11338817188037,383.2790976650375,0.2638113812829086,1540.7010069032951,0.06562817037103873,5,2037.9783436083756,0,3,0,0,0,2,1,15,0
1268.0442028486466,289.1812555484943,4.384946045149188,1467.3531886149656,0.8641710889288715,4,1730.7109136480747,2,6,0,0,0,2,1,20,0
868.3165572594299,432.29787755249697,2.008607033130724,1685.4790016481738,0.5151749481366021,2,1390.3873837536366,1,1,0,0,0,5,1,5,1
3607.1510058796025,2290.7336937808673,1.5746706025552808,5834.920834904474,0.6182005048468934,1,2098.0655519875545,1,4,0,0,0,7,1,6,0
1884.1634084692862,918.4119535779954,2.051544953360927,1779.5247865924412,1.0588014410730486,4,3127.533800244342,1,5,0,0,0,2,1,23,0
19519.189194540995,4782.657662098979,4.081243227844694,23433.367509155116,0.8329656071375614,1,4337.811338324215,0,2,0,0,0,2,1,9,0
1450.2495046988313,1797.6692046293842,0.8067388043162376,5970.266392168568,0.24291202593592479,2,5683.049685906939,0,1,0,1,0,2,1,18,0
1047.5184887706216,2538.220065301507,0.4126980568354266,10894.71586708058,0.09614922514278673,1,1634.3064286116132,2,5,0,0,0,5,1,1,0
916.8377139624952,522.4268324010567,1.7549590815401632,1577.928668069974,0.5810387582880505,3,2211.254734703033,0,3,0,0,0,6,1,9,0
262.0336224763071,702.5168350387241,0.37299265926041936,1929.6101963642861,0.13579614316405614,3,2298.9846814175608,0,3,0,0,0,4,1,15,0
1457.2371778630816,1070.6483593578987,1.3610791677082774,3905.5248173294863,0.37312198642217537,1,1228.3348163818775,1,2,0,1,0,3,1,5,0
599.3101532103337,458.6689998070408,1.306628861907955,1339.7102726987732,0.44734310501557634,2,1609.9597896939372,1,1,0,0,0,2,1,15,0
578.0879793927669,1085.8876763100384,0.5323644351109788,5269.00198086748,0.1097148912624989,4,3622.310170931635,1,1,0,0,0,2,1,12,0
812.0217602958583,1143.6141352737932,0.7100487264451761,4672.875738749745,0.17377345465495286,2,3367.1125933259423,0,4,0,0,0,3,1,8,0
417.9430099718336,813.1410580333919,0.5139858648665981,3350.63187413468,0.12473557993587994,2,1746.7156295254472,1,0,1,0,0,4,0,5,0
854.8711923377548,436.70850462154755,1.9575327324540837,1443.410262595614,0.592257942520432,2,1175.2318825185364,0,4,0,0,0,1,1,5,0
4358.943052693225,2273.472109344186,1.9173065879179056,5391.405954163959,0.8084983935084077,3,8665.75499851499,2,3,0,0,0,2,1,14,0
1433.9726398077858,1113.3795548135377,1.2879459063247656,2044.9666026001264,0.7012205666266255,1,1430.7027510085243,2,3,0,0,0,3,1,18,0
756.8186189662313,485.74131462247874,1.5580692771716063,1011.2687283839755,0.7483852686472766,3,2509.6736803278604,2,1,0,0,0,6,1,21,0
9967.34506586431,1370.2691878384012,7.2740051037619775,8738.445881339381,1.1406313206275267,5,4780.383030247684,2,5,0,0,0,4,1,17,0
1206.5359900955307,853.4041506424855,1.4137920341577783,4212.2075152065145,0.2864379273195369,2,2171.903001687331,0,4,0,0,0,8,1,7,0
3168.2024001990594,2058.6288958572054,1.5389866559119834,8017.1674950945235,0.39517727453462737,0,1728.8709482880056,1,1,0,0,0,7,1,16,0
235.87797426952199,800.9945593943634,0.2944813688221187,2681.4392994910468,0.08796692668534135,5,6734.200586440198,3,1,0,0,0,7,1,15,0
803.9660013134417,869.2073632032988,0.9249415448467643,2765.1185669725814,0.2907528128870337,3,2352.8846465761,1,2,0,0,0,4,1,9,0
1635.842630141893,2293.011634694103,0.7134035455341774,4740.532685370903,0.3450756990221877,4,12851.900756379133,4,1,0,0,1,3,1,22,1
717.374616859083,3436.5030399911475,0.2087513406829202,9756.497774809319,0.07352788197331428,2,9567.331634463859,1,1,0,0,0,5,1,16,0
368.62352541508903,635.7392892081525,0.5798344253258745,2679.7334560602194,0.13755977281301862,3,2593.634095548173,2,3,0,0,0,4,1,19,0
1440.423184034209,882.1443625750597,1.6328656001717028,2972.289659172414,0.4846173654674261,4,2409.0612180581606,1,3,0,0,0,5,1,14,0
1221.9002014303708,621.9846478543977,1.9645182652746263,2801.1510087732922,0.4362136127625184,10,5758.217037377589,0,1,0,0,0,3,1,6,0
209.47290890726575,806.4704242879851,0.25974034831122883,3350.429494635134,0.06252121086048332,4,4118.897857338543,1,5,0,0,0,4,1,13,0
480.7636601814617,567.7515075297322,0.8467853520517248,1908.496625992373,0.251907000323606,1,742.6929285866081,0,1,0,0,0,1,1,6,0
730.8585162439247,932.7850608454723,0.7835229646382604,1879.3762481412816,0.38888355483195536,3,3036.0458426936793,1,2,0,0,0,6,1,19,0
823.4932716433925,715.4149682993715,1.1510707884697133,2683.3981039327664,0.3068844948636162,3,3616.679291649455,1,4,0,0,0,4,1,2,0
1655.9896655143787,1540.115165155472,1.075237555593584,2348.371663674038,0.7051650686857529,1,2342.735321647582,0,3,0,0,0,5,1,17,0
1720.3905688686625,1329.9439521619192,1.2935812566176523,4712.210827450319,0.3650920198321285,2,3154.0265886445422,0,5,0,0,0,5,1,14,0
6564.785137917707,1027.9094848876668,6.386540093688431,3938.1617851276897,1.666966848012531,2,3119.6266662053386,1,0,1,1,0,6,0,22,1
1235.6679758494422,524.7752646996786,2.354661240667655,1695.2279590270596,0.7289096249678585,3,2052.3462151407343,1,2,0,0,0,4,1,13,0
3059.493266351536,477.6621091904502,6.405141223231662,2220.297513480407,1.3779654518261635,2,1151.0264157438344,0,2,0,0,0,2,1,18,0
2603.0642458608186,2159.3875697314293,1.2054641243417785,6333.785126016082,0.4109808264837889,5,12885.267106213723,0,3,0,0,0,7,1,3,0
4022.6204704753723,1494.1357567579712,2.6922724071631863,3170.6704387474156,1.2686971251621226,2,4715.375324890315,1,1,0,0,0,3,1,3,0
1435.318444449835,1641.2550694258182,0.8745249115678109,4670.131761150577,0.3073400319001313,2,3807.29831635018,2,1,0,0,0,4,1,11,0
663.4660778148589,1282.255125533576,0.517421271791583,2700.066188191387,0.24572215329998082,3,2756.1427427720023,0,5,0,0,0,4,1,20,0
112.52434140163965,1464.4288658501418,0.07683837981185664,5307.9876615245585,0.02119905858434502,5,13175.03177270114,1,1,0,0,0,6,1,1,0
1092.136401863086,752.3390886476093,1.4516544711591284,2834.719694171924,0.38527139177410624,5,4160.953452722857,3,1,0,0,0,3,1,19,0
1413.7081793522482,2132.9602452225927,0.6627916214184834,7251.058682887309,0.1949657617154081,3,10995.677090282772,0,3,0,0,0,2,1,1,0
968.302189574283,629.443522551218,1.538346420103945,2387.1220272329047,0.40563581523174835,1,949.0860648514941,2,4,0,0,0,4,1,22,0
1244.864308796689,1014.3147694568449,1.2272958516253303,2743.2876732097548,0.4537855511668409,3,4332.2240265212695,2,0,1,0,0,2,0,8,0
10666.3288622261,1816.2976125787018,5.8725666919104205,9640.664131095567,1.1063894268261347,3,6146.110167706002,2,1,0,1,0,7,1,9,1
3074.69236100366,1114.9701219041774,2.757645519462543,5319.715275918801,0.5779806251891199,5,9325.646323188355,0,2,0,0,0,6,1,22,0
1661.2247004925757,655.3515552490137,2.534860392391013,1715.1951181205584,0.9685339486698625,2,824.5438143731806,3,1,0,0,0,6,1,7,0
12319.723103601762,5091.445266014799,2.4196907675381367,13553.57006027181,0.9089651692370929,2,13861.731735951822,0,3,0,0,0,7,1,14,0
1131.0904742939958,1017.0529686860107,1.1121254340915172,1900.318434567699,0.5952110202789809,0,1480.0351897585506,0,0,1,0,0,3,0,23,0
4792.325940689401,2633.63967581042,1.8196589247595965,9954.739486706543,0.48141148717041005,2,6756.6329442037895,1,0,1,0,0,3,0,6,0
319.4776811409478,1345.3321487470114,0.2374712307577698,4950.553893002171,0.06453372451768352,1,1926.9236745203748,1,4,0,0,0,2,1,13,0
611.3260816784566,394.18813581484744,1.5508485064238466,1286.0121966545673,0.47536569502899,3,1253.6499622360604,0,3,0,0,0,1,1,11,0
522.5452807704776,558.1971658827114,0.9361303007408587,2709.9238468360986,0.1928265553958506,3,2910.211168204632,0,2,0,0,0,5,1,5,0
1709.957255381289,1903.7902242724417,0.8981857526003274,5442.439073999736,0.314189508073742,2,3673.8439257571144,0,0,1,0,0,3,0,12,0
23.11812862729165,743.4896871454089,0.031094081097550307,2610.2176802300555,0.008856781870105983,5,6011.639553188421,2,2,0,0,0,5,1,18,1
681.5572503816755,1192.9916000421704,0.5713009633576495,5823.477700954467,0.11703612263681691,1,1066.2380173500103,1,3,0,0,0,3,1,6,0
660.4299893505349,1245.991178854712,0.5300438723471445,3136.7196805277686,0.21054797897637265,2,2331.690317769804,2,3,0,0,0,6,1,14,1
600.817295688684,1023.1386803348285,0.5872295781956585,2741.0651658750016,0.2191911754483558,3,5351.190391768932,0,3,0,0,0,3,1,6,0
2932.639500295969,1430.6710424486353,2.049834946876866,6431.493955787784,0.45598107072103344,1,2496.3848030147783,0,3,0,0,0,10,1,16,0
14699.698161620665,4080.9574875738194,3.6020218800073365,18834.303118708933,0.7804747576255591,2,9778.631262485533,3,2,0,0,0,5,1,21,1
11508.471991670533,3809.3692249990413,3.0210964891893433,11536.672777596721,0.9975555529336888,0,3688.6994267451573,1,4,0,0,0,4,1,19,0
1545.9611656656598,1590.26739329436,0.972139133446661,5507.376423844323,0.28070737256534395,1,1840.5244562384605,2,0,1,0,0,3,0,15,0
807.5833164923175,778.7539279397116,1.037019894883712,2608.7903175905817,0.30956237112923,7,7720.5925375934285,1,3,0,0,0,2,1,5,0
866.0962668496802,2830.1255569505183,0.30602750634954357,12987.262285507442,0.0666881324030979,6,18064.04371138358,2,4,0,0,0,3,1,22,0
794.7916444594438,813.42581590794,0.9770917383194965,2565.5635467928496,0.3097922269175496,2,1904.5087843590175,1,2,0,1,0,2,1,1,1
636.9912446178705,1293.8013806966576,0.49234082921976596,5363.047244963002,0.11877412514240583,7,13853.427048905183,2,1,0,0,0,5,1,6,0
328.40192681669447,702.3259155398256,0.46759192498866625,1649.2843145593667,0.19911783791167165,2,2153.8874640093118,1,3,0,0,0,3,1,21,0
280.35176398695035,626.1165483312722,0.447762904101712,2210.245767603212,0.12684189608966587,0,801.9813529888913,0,1,0,0,0,4,1,16,1
594.2970469885863,1309.132303678834,0.4539625562050019,4294.786334055148,0.1383763942518299,2,1589.8127255427619,0,3,0,0,0,1,1,21,1
4872.2871050975,1455.7661909120914,3.3468884876663,3232.0874776844153,1.5074737731381527,3,5561.03352913881,2,1,0,0,0,6,1,20,0
1359.7117519287358,1692.339234034531,0.803451060274238,4076.969866800104,0.33351037568397196,1,1469.0952340246909,1,2,0,0,0,1,1,7,0
756.0762443967984,819.6588928503879,0.9224279160414169,3369.850847291411,0.22436489882171218,7,9009.41684683467,1,1,0,0,0,3,1,9,0
3133.111747190144,1317.4445253676001,2.378173567737835,4482.5550188963725,0.6989566740357671,2,2278.3403130424026,1,5,0,0,0,6,1,8,0
2699.5699353684563,1368.8266261454216,1.972178129651358,2944.585774681352,0.9167910673821651,4,7566.869180752351,2,1,0,0,0,5,1,11,0
1407.9049205557997,1231.2799164387714,1.143448294542057,4894.587685783544,0.2876452545012312,4,5402.268213514327,1,1,0,0,0,7,1,9,0
545.9362119497084,2148.4177402521086,0.25411082850472316,6247.790401340296,0.0873806861114599,3,5549.604130669454,0,2,0,0,0,4,1,12,0
3622.171054662163,1780.858926074632,2.033946092881231,5197.679821797805,0.6968822972649563,1,2855.1193150470535,1,2,0,1,0,4,1,21,0
3554.006722683569,2551.8257143464316,1.3927309779436932,10849.513381614337,0.32757291480982126,4,7218.435398990646,1,0,1,0,0,2,0,17,0
1641.0372041439596,1599.9131000983239,1.0257039610733285,4976.279955968207,0.3297718815389019,2,5299.5733252762,1,2,0,0,0,7,1,9,0
188.95269510831056,384.82740567636694,0.49100633770146934,1395.5165603882879,0.13539982288403404,1,673.3636432145878,1,2,0,0,0,3,1,10,0
1289.118434789291,978.3357306847156,1.3176646772239071,2198.603897217691,0.5863350085118362,1,1270.8288433962405,2,3,0,0,0,3,1,8,0
1112.6576328715637,1311.5127109813077,0.8483773154124022,5453.116170891847,0.20404069856622742,1,2201.388605370135,1,2,0,0,0,4,1,20,0
108.7172636630235,562.9363949190296,0.1931253062411446,1719.9635683617466,0.0632090502745799,4,1408.2383915284965,0,1,0,0,0,4,1,7,0
7194.926617018763,2082.6264783202214,3.454736935267411,9704.017385510888,0.7414379355669272,1,2267.688648367894,3,2,0,0,0,2,1,19,0
173.57897667939056,649.0041024795142,0.2674543597124173,2625.3063011243735,0.06611760944048688,5,3810.234534285583,0,2,0,0,0,5,1,4,0
373.5569578859017,563.993128505437,0.6623431013704284,1135.2995614636923,0.32903822970238,4,2555.6106852155935,1,3,0,0,0,1,1,9,0
450.10608125354133,444.8190342024034,1.0118858381602713,2073.365439889435,0.21708960349871745,3,2057.635728005656,0,5,0,0,0,2,1,12,0
1798.9439903704974,799.2837825997203,2.25069497158984,3928.9606870152697,0.4578676483874693,2,1903.9163341133476,1,4,0,0,0,3,1,18,0
350.1144326221353,843.9068958554279,0.414873292707534,2517.848210154674,0.13905303393989246,1,884.3590107711261,3,1,0,0,0,5,1,22,0
4218.844046766801,1195.5409345926737,3.5288160569794127,3501.706123932764,1.20479671835757,2,2397.546044786716,1,1,0,0,0,4,1,15,0
800.4665933815284,787.6637056853666,1.0162542562311179,1564.5788936378008,0.5116179162562805,1,1226.0918441330655,1,2,0,0,0,4,1,16,0
550.3978503425177,971.0820020175756,0.5667882312708706,3531.6141313472817,0.15584880733630585,3,4877.231670882438,2,1,0,0,0,6,1,21,0
538.5651628673498,975.9974850497279,0.5518099904119215,4576.92810641894,0.11766957014510146,3,3993.8034977770026,1,3,0,0,0,2,1,3,0
1254.0697496233238,885.0539293135827,1.416941621394684,2542.5570846521114,0.493231698589341,3,3703.7523431931186,1,2,0,0,0,8,1,23,0
2393.4153925534465,1244.6544653509254,1.922955695080106,3332.153488423381,0.7182788550613551,3,5627.104309828849,1,2,0,0,0,4,1,5,0
196.7650587561075,970.0198446904042,0.20284642611503262,3750.6048882131577,0.05246221999402587,2,2929.966081434076,1,4,0,0,0,3,1,20,0
1788.2025718545863,442.187459256184,4.043992054552095,1344.6716501049063,1.3298432905275257,5,3716.85399097462,0,1,0,0,0,5,1,23,0
1205.3135767913789,700.793463755015,1.7199269672594082,2938.370161406198,0.41019800453410515,5,4025.4152299826223,1,1,0,0,0,5,1,10,0
1173.4691245243896,1730.8281684850785,0.6779812958275795,4689.014640562147,0.2502592153100437,0,2370.082087324524,0,3,0,0,0,3,1,14,0
15373.836117274257,1873.3466125502396,8.206615910947425,12882.009677939193,1.1934346038881174,3,7648.357407115391,0,2,0,0,0,3,1,20,1
371.7152770299199,1623.5403340767623,0.2289535216513721,5963.440519016014,0.062332352581468194,2,5777.015335838908,5,3,0,0,1,3,1,2,0
2185.929068446857,2091.791661204748,1.0450032424299327,8570.309566185982,0.25505835600984644,3,10772.245605831771,0,3,0,0,0,7,1,3,0
787.7129386681825,2355.8482734656923,0.3343648856933289,11481.92020360874,0.06860463447748105,4,15193.121366070038,1,1,0,0,0,5,1,9,0
293.19539948646513,1074.5956404790218,0.27284253578003315,2996.537682726351,0.09784472298699948,1,1496.4714778030864,0,0,1,0,0,5,0,4,1
369.7509011673606,1116.1062641679632,0.33128646710266707,4126.63553868705,0.08960105579980594,0,790.9993390048978,0,1,0,0,0,6,1,13,0
1975.1763620635397,2258.941366604988,0.8743814209892818,4923.053651644235,0.4012095950658301,2,3443.9320521647064,0,3,0,0,0,3,1,14,0
252.371355326611,422.56546529508,0.597236111451698,958.5299943154373,0.26328999282578475,4,2329.5143357430084,4,4,0,0,1,4,1,5,0
1614.0668399691583,1372.3171835348205,1.1761616478572672,3896.6562152477945,0.4142184351940622,0,2292.3570027699266,1,0,1,0,0,5,0,20,0
1692.4427496346686,1529.55876636186,1.1064908304636356,7342.462140599155,0.23050071178120682,3,4703.864758223984,1,0,1,0,0,7,0,1,1
396.01788693531057,498.7169655683393,0.7940734209513155,1248.905625714357,0.31709192334592434,3,1030.5846277775538,0,0,1,0,0,5,0,5,0
1741.5399728803336,619.6412840479551,2.810561558299193,2477.6701625451437,0.7028941943956604,4,1770.344135055002,0,0,1,0,0,4,0,2,1
641.977321940552,898.9187848347597,0.7141660990637336,1954.3320411499724,0.3284893807312284,2,2252.917493428778,1,2,0,0,0,4,1,13,0
407.0860646108093,835.042878070655,0.48750318732299247,3537.9818725914497,0.11506165923700247,4,4968.615566893708,0,2,0,0,0,7,1,12,1
3333.371207071318,1327.7155253298533,2.5106064842039006,4823.68895937984,0.6910419048868099,2,3985.8967524001196,1,3,0,0,0,4,1,23,0
570.9786135720713,1971.7720301510185,0.2895763834972037,6399.5589651385435,0.08922155677953195,4,5646.727325860024,3,6,0,1,0,3,1,10,0
948.424846572347,862.683051112302,1.099389683557007,3622.5234016607687,0.2618133111679929,3,2804.5104826184315,0,3,0,0,0,4,1,0,0
4192.806149565209,1342.7117136948577,3.1226406285139916,4594.312282462139,0.9126080013259877,2,4224.095525841981,0,0,1,0,0,3,0,7,0
1232.864555791164,746.7298294153279,1.6510182226903516,3565.1305188053393,0.34581189925251093,4,3866.016757496557,0,3,0,0,0,4,1,9,0
9076.535455209094,3357.8792623288155,2.703055930877686,5455.469192704122,1.6637497407826276,1,3125.555645713849,1,1,0,0,0,7,1,18,0
1239.898713397613,930.8484529318797,1.3320092110507593,2870.5552748446858,0.4319368884003458,3,3697.923889009533,0,1,0,1,0,2,1,1,0
783.6621509975881,1154.7456890747267,0.6786447946175231,4155.634366986884,0.1885782245962597,4,3771.5398300887528,0,2,0,0,0,5,1,23,0
172.51864645383537,503.78209065465705,0.3424469619982919,1515.310487167107,0.11385036130539904,5,2462.502444257658,1,2,0,0,0,5,1,13,0
120.9537998154336,720.9910783983936,0.1677604667232774,1600.2857080933275,0.07558262827926203,3,3855.917075532124,2,2,0,0,0,6,1,10,0
2085.4262790914872,1896.523759109676,1.0996046155891512,7045.401035506455,0.295998236094956,3,10238.486259473173,0,1,0,0,0,4,1,6,0
2010.0595035298722,692.3305168050978,2.9033235640192596,2134.3951211343006,0.9417466726880674,3,1490.7646646275537,0,0,1,0,0,7,0,12,1
884.6243255373564,2157.71535138208,0.40998193991192056,10474.040053351297,0.08445874953994567,2,7488.361368077668,1,1,0,0,0,3,1,4,0
521.4773188642283,609.4863570601972,0.8556012990668527,2995.61751065362,0.17408007431177225,2,2192.8886287609816,0,3,0,1,0,9,1,16,0
398.6325976351009,1483.2644703578515,0.26875355380077776,3655.4242324325037,0.10905234858877945,4,4105.471067901279,3,0,1,0,0,7,0,20,0
3622.389286324945,1199.547981007297,3.019795242607231,3169.8082557069656,1.1427786774809316,2,3557.7967542314086,3,0,1,0,0,2,0,20,0
510.2809917424681,1242.8835596680422,0.4105621864358375,5830.858244580678,0.0875138736594624,2,2891.260902464575,2,0,1,0,0,5,0,1,0
116.25100079031179,1676.462387087992,0.06934304144588611,7958.389248036279,0.014607352966430558,3,3158.4874229055076,0,4,0,1,0,5,1,3,0
2632.2464348130766,1504.892228112279,1.749126206941037,4440.763594019202,0.5927463552345306,1,2511.625544875604,1,3,0,1,0,4,1,22,1
1063.1626648174924,602.0073291224193,1.7660294374942676,2438.714573867773,0.4359520692621805,2,2049.5799162941516,2,3,0,0,0,3,1,3,0
12802.128253373516,4383.353572823649,2.9206241387291736,10248.749244363518,1.2491405485810156,1,6629.039112076986,2,1,0,0,0,4,1,4,0
964.2541284482484,639.8284064899459,1.5070511385045866,3091.740267164327,0.31188070313960753,0,659.5335217643038,1,3,0,0,0,6,1,0,0
1065.6267163055359,1244.6259314350182,0.8561823190337186,4819.787962900313,0.22109410714912317,5,8219.67562350547,1,4,0,0,0,1,1,21,0
505.10338074904865,1031.5635176996386,0.48964835619179015,3598.261948618743,0.14037426623232407,6,8009.331655178135,0,1,0,0,0,1,1,22,0
583.568925665181,1050.083775638215,0.5557355891062141,2504.4318956544503,0.2330144919004414,2,2314.602513982148,0,2,0,0,0,6,1,3,0
1638.2557753807178,930.5973453700562,1.7604346106631734,4479.043724110439,0.36576016585015225,4,4922.15249132675,2,5,0,0,0,3,1,9,0
2255.2002207766277,2761.682411306394,0.8166037526776373,8966.202674013599,0.2515223336756359,3,9246.230040796741,1,2,0,1,0,8,1,6,0
115.41199188865474,368.45448233324277,0.3132326988066662,1413.4823725261926,0.08165081795989365,3,1818.1461592627056,1,3,0,0,0,3,1,16,0
389.5321230560073,844.7909799814439,0.46109881886352944,3345.8138444592955,0.11642372862467432,2,1525.2289805668995,1,2,0,0,0,7,1,13,0
5165.885714038819,3029.2424440789196,1.7053391431696956,5398.25685839816,0.9569544113118965,0,4205.177925908198,0,2,0,1,0,4,1,15,0
752.0469920470006,2555.3862327284633,0.2942987570391726,10801.156072766122,0.06962652765875692,3,6720.511579155475,0,1,0,0,0,4,1,15,0
380.35465180088687,709.7443774143452,0.5359037195709093,2716.5104694872357,0.14001589762791603,4,4310.633916922965,1,0,1,1,0,5,0,21,0
367.262494446362,553.6398266783804,0.6633599621071183,1969.1283025044556,0.1865101903107357,0,728.7790580922098,2,1,0,1,0,2,1,18,0
3391.1541987102382,2088.7125815997642,1.6235619149250884,7037.531075793528,0.48186703009732196,4,5792.920158459059,0,2,0,0,0,3,1,2,0
368.51332699722434,1796.2089967068168,0.20516171986269943,4818.2267530835725,0.07648318476530457,8,10537.170637501484,3,1,0,1,0,3,1,23,1
396.69324749720136,624.557960209956,0.6351584204672469,1123.1877713234182,0.35318515534565487,4,2247.5584993718444,0,2,0,0,0,2,1,7,0
7542.193901998663,1502.089528170155,5.0211347330185845,4422.772359017176,1.7053090889070044,4,10601.647915669739,1,1,0,0,0,4,1,8,0
6969.780381538135,1580.9285562537443,4.408662462302605,6726.722618488224,1.0361331627354267,4,5981.244349639685,0,1,0,1,0,2,1,5,0
2383.9591322328733,1628.6827563528557,1.4637344952133737,6211.671482176168,0.38378705942087077,4,10687.560230075072,0,0,1,0,0,3,0,11,0
1391.5857119417767,1115.093145934429,1.2479546816473808,5279.45818031435,0.26358494838175206,2,2963.270485384376,2,2,0,0,0,4,1,23,0
2609.004681995661,1967.1119755604186,1.3263122356074168,3409.6201134442576,0.7651892572161513,2,4450.447046667894,0,2,0,0,0,5,1,1,1
992.3847673903863,823.1110279473596,1.205651162110116,1385.356759784712,0.7163387772725095,2,1354.6387277659949,1,2,0,0,0,4,1,20,0
2754.8629139738646,2951.1391313488753,0.9334913710810717,10216.504463430292,0.26964828565727383,3,9412.204766600278,1,4,0,0,0,2,1,14,0
2070.732612615586,1305.4889257827567,1.5861740162782287,5908.5791911961305,0.350462022359116,2,2541.4785661516466,2,1,0,0,0,12,1,23,0
445.3997323986349,589.1774357635408,0.7559687546781589,1572.4245775531567,0.28325665901999547,3,3045.2295493944857,2,2,0,0,0,6,1,5,0
2517.592486749658,357.084650088587,7.050408036652047,2320.553870264895,1.0849101669259118,3,814.0635176399188,1,4,0,0,0,4,1,14,1
681.4465368113364,253.28376736169892,2.6904469398475293,858.3196780068427,0.7939309260551566,4,1762.7638033930393,0,0,1,0,0,5,0,15,0
1197.228476350482,1308.4117833360642,0.9150242237179357,6077.077787161302,0.1970072653800481,3,4185.134580613852,1,2,0,0,0,3,1,5,0
1948.6106255028267,1636.6671287096242,1.190596787410977,3090.994512616046,0.6304154269926642,2,3787.3624333811363,1,3,0,0,0,4,1,1,0
888.1430548449232,975.8640523798513,0.9101094078411825,1551.6847669051692,0.572373380075337,3,3500.033593187766,0,0,1,0,0,3,0,3,0
368.54006099152207,971.1655399735506,0.37948222606988213,4109.470318557208,0.0896806723064282,2,1538.5037346516804,1,0,1,0,0,3,0,18,0
929.4781405523851,2456.670711941842,0.3783486879353447,8787.71034091219,0.10577022961545436,1,2105.8895347133825,2,1,0,0,0,3,1,12,0
2810.5926037073573,830.7187180595275,3.3833264408350026,3604.837397785494,0.7796725049051996,0,1441.668358320547,0,2,0,0,0,9,1,21,0
677.1212567087371,705.7480552785473,0.9594376515022607,3431.325488176818,0.19733518695380747,5,2677.270458642059,0,0,1,0,0,4,0,4,0
563.3994876336218,582.759084760165,0.9667794160008493,2678.2193087742894,0.21036346268874692,4,4132.23202104153,0,3,0,0,0,2,1,13,0
321.6875927108511,1057.3663570165013,0.30423475323967664,3388.494433751483,0.0949352578262031,3,2876.36641861237,1,3,0,1,0,2,1,20,0
761.0029798528021,1207.9464068544803,0.6299973041307942,3434.1477239908445,0.22159878986464676,0,955.8214275612833,4,2,0,0,1,2,1,21,0
2447.715861775443,904.8806696374891,2.705015085310686,3436.505218914162,0.7122689202691947,2,2581.9785782304766,1,1,0,0,0,5,1,23,0
1474.2460295824158,1005.1769335413758,1.466653263111048,2929.6619280312066,0.5032137037644953,3,5131.982061300552,1,0,1,0,0,2,0,21,0
4532.46306748512,4096.638067031981,1.1063860153916145,11457.693094208616,0.3955825164994243,2,10102.175550551556,1,3,0,0,0,3,1,22,0
662.1159944360121,1000.8067304642456,0.6615822758594714,4467.08976065899,0.1482208842694793,7,11789.768486706782,0,0,1,1,0,2,0,21,0
2986.7561804814127,1951.2705988593857,1.5306724665596456,6370.448798571111,0.4688454887434839,3,5638.829345241946,2,0,1,0,0,6,0,21,0
390.0249216449465,540.0012281681517,0.7222667307036127,2231.7045078794245,0.17476548542510673,1,540.4840594678817,2,4,0,0,0,3,1,17,0
2618.1531519032396,2171.1139311381826,1.205903160747857,4079.026939050314,0.6418572838630976,3,11122.920636420442,0,1,0,0,0,3,1,0,0
1285.6445090130412,969.3986328039421,1.326228927406646,3642.1605008736296,0.3529895260531926,5,6421.22531518372,2,2,0,0,0,6,1,15,0
2928.0573112505595,534.4805011153079,5.47832391479304,2850.8205381462817,1.0270928218983928,2,1560.0355524526494,0,3,0,0,0,1,1,2,0
2709.1214921973747,1968.4929888069994,1.3762413722587,5578.46647278593,0.4856391098545795,5,8539.959842209857,1,2,0,0,0,1,1,10,0
3667.128247314123,1306.6775662987293,2.8064522892985475,5705.4992867358815,0.6427357296914306,4,7126.46808586188,2,3,0,1,0,1,1,7,0
1866.6218974172962,1476.9023901726403,1.26387627905396,2698.737434898028,0.6916648775384948,5,11057.77985529358,0,1,0,0,0,1,1,7,1
311.5972158714102,536.8308192315486,0.580438388983421,1345.273692967979,0.23162365955730244,3,1500.4511363486795,0,0,1,0,0,4,0,18,0
996.1939308452927,1575.5555052579955,0.6322810764335256,7116.732454142933,0.139979117841555,3,4296.740936596724,1,3,0,0,0,2,1,14,0
181.71596168435283,807.1499209271111,0.22513284951527923,3201.736565508069,0.05675543817125915,1,1106.8420563492673,0,1,0,0,0,6,1,23,0
319.35149683258317,929.7892118079546,0.34346655432967566,2606.7391378870666,0.12250995590277536,1,1126.0043929389806,2,2,0,1,0,5,1,13,1
640.8536820703417,1141.6679906423906,0.5613310413562073,5598.686020056201,0.11446501550088865,3,4926.826732695223,1,2,0,0,0,4,1,2,0
6344.4235355868905,3905.5223934424816,1.6244750116500202,11377.149116753732,0.5576461616596232,2,5053.26711761427,0,1,0,0,0,5,1,20,0
7208.065613051147,2936.0075902348367,2.4550568728177606,12869.674506374038,0.5600814231534113,1,4688.614571029876,2,1,0,0,0,2,1,6,0
1022.2107985934019,1050.3875438704501,0.9731749053561478,4619.512200505109,0.22128111242603296,3,4804.385621367114,1,1,0,0,0,3,1,10,0
839.9387164198023,2249.523198977813,0.3733852208332289,9835.833296072598,0.08539578611556846,2,7079.984958674645,3,3,0,1,0,2,1,7,0
2987.8248885170046,1828.5001919727679,1.6340303936711333,8185.675443788758,0.36500651767034675,3,4471.953561940816,0,1,0,0,0,2,1,19,0
1410.9916782068315,886.6798026032052,1.59132042261964,3876.120718383462,0.3640216032268691,2,2502.504480002204,2,1,0,0,0,4,1,11,0
227.13846822481798,957.560626721641,0.2372053130489107,4475.482399365438,0.05075172863086739,1,966.8174051199962,1,4,0,1,0,1,1,21,0
1630.3254386877497,718.0134772514455,2.2706056227922535,2276.658526597128,0.7161045100270534,6,3440.72723402562,3,0,1,0,0,4,0,20,0
421.57650632668907,314.6409670955362,1.3398652763442702,1562.3004547669393,0.2698434254693851,3,1195.9971630050115,0,3,0,0,0,2,1,16,0
1652.625243522405,668.5923759464672,2.4717979189979986,1142.1913318144775,1.4468900240181788,1,691.9700915540328,0,4,0,1,0,3,1,5,0
273.5901325496222,1457.687774875965,0.18768774580201308,7227.1859447765055,0.03785569302355659,5,10225.822830649095,1,2,0,0,0,4,1,23,0
393.7515142554531,1336.205602462134,0.2946788379946277,4442.124442888454,0.08864036100695538,3,6043.82941620242,0,1,0,1,0,2,1,19,0
1869.4020498615862,1260.292285729125,1.4833083333363966,3088.766961223129,0.6052259925498934,0,1269.2899385463709,1,2,0,0,0,3,1,12,0
938.1022451017712,3131.9211871398225,0.29952932690444817,11110.951331542416,0.08443041618215283,6,29931.000926857036,2,4,0,0,0,5,1,6,0
331.62978292919144,1620.1817856065193,0.20468677396286428,3612.4459755037806,0.09180200484048578,3,3117.4938303069066,0,2,0,1,0,5,1,13,0
1785.6708035138372,592.2311719560693,3.015158417980564,2803.74117183993,0.6368886049285379,4,2684.7727555512633,1,3,0,0,0,6,1,21,0
2758.3580388984024,681.6173296974464,4.046783904574098,2532.5169110475895,1.0891765527272994,2,1982.905217533769,1,1,0,0,0,2,1,14,0
391.33537953156923,1706.8805565851258,0.22926934050645886,6026.685245109528,0.06493376767089769,3,7439.292381358127,0,0,1,0,0,3,0,16,0
487.76973373436743,1129.9431237003375,0.4316763591932125,4024.0622026719884,0.12121326887305245,5,3860.7921243503115,0,0,1,0,0,5,0,16,0
811.1290777840474,1243.47015027566,0.6523108557163446,2772.927988910063,0.2925171807663396,1,1557.8243638542792,0,1,0,0,0,3,1,13,0
1090.0032439856213,840.6896136455206,1.29655847567688,3087.1352994350996,0.3530791942241974,2,2719.171939499176,0,4,0,0,0,8,1,16,0
202.53190291780274,613.7447457351072,0.3299937055676493,1946.0477800805295,0.10407344824258208,2,1084.5425091806421,0,0,1,0,0,1,0,22,0
413.42020326946255,541.6416157874881,0.7632725980044839,2298.7631385060863,0.1798446287676837,2,1901.7764564643583,0,1,0,0,0,3,1,4,0
1694.8238489479158,1697.563435015089,0.9983861657180729,7315.952649096148,0.23166140217669445,2,4549.718224054319,2,1,0,0,0,6,1,19,0
936.2942854524938,1082.5644377592696,0.8648855003869045,5031.793194358266,0.18607566910784076,1,1179.6236979263385,2,1,0,0,0,4,1,12,0
6044.596595859929,2212.79607048508,2.731655517869235,6337.704522578204,0.9537517210412584,0,3424.215004640854,0,2,0,0,0,3,1,22,0
473.82637485334607,903.8948069142098,0.5242052186038477,1474.9372604716139,0.32125188477633226,2,2017.1834891533163,1,1,0,0,0,4,1,10,0
119.7826518033389,757.4726363658106,0.15813462566519906,2011.8685932119577,0.059538009692822594,2,2314.359131223666,1,0,1,0,0,5,0,4,1
635.1800633739779,568.4362729525232,1.1174164872955412,1186.4566572815224,0.535358843052336,2,1048.2165880248965,1,1,0,0,0,3,1,23,0
413.18212137622925,2178.8413472125685,0.18963387210584226,8579.284651697908,0.04816043972785741,2,3635.1077544151517,1,2,0,0,0,4,1,17,0
970.7441663520223,742.8139953356521,1.3068468990186115,3253.538406634235,0.2983656699341844,4,2641.775518033191,0,1,0,0,0,4,1,17,0
2614.905073525377,1057.0556439437773,2.4737629362342806,2290.7213872556363,1.1415203472903022,4,5160.718019603854,0,4,0,0,0,5,1,19,0
521.3377345096181,518.6601862244486,1.0051624326606994,1008.750697878456,0.5168152404811858,3,973.4732339537511,1,3,0,0,0,1,1,21,0
1504.9858314710957,1006.795425865965,1.4948278397040067,2227.4055193241675,0.6756676404069134,2,1590.2924794501128,4,0,1,0,1,3,0,5,1
291.93803136515726,412.057863718252,0.7084879505291333,1014.0646658007746,0.2878889692252743,2,1462.3960440166668,4,3,0,0,1,3,1,10,0
1867.555482896108,1593.9780667389916,1.1716318573421838,3200.036312154193,0.5836044659252355,3,5304.9429617861315,0,1,0,0,0,3,1,17,0
194.3410254747264,915.9060777356917,0.21218444794599178,2326.387853176569,0.0835376720220419,4,4255.6690817894105,2,3,0,0,0,5,1,21,0
1774.9233882416672,582.5457704926159,3.046839369790198,2589.4556151136335,0.685442676785861,7,3224.148337081366,1,2,0,0,0,2,1,17,0
103.00131238954674,414.0973246633169,0.24873696654111996,746.6882048260197,0.13794420713200675,5,2505.750197176865,3,1,0,0,0,3,1,0,0
237.72671234440887,722.6671150029598,0.3289574237004478,2265.7878446636337,0.10492011107937621,4,3095.161715755957,1,1,0,1,0,3,1,4,1
1122.939917481585,1084.8970893849114,1.0350658403169302,2082.9086532476554,0.5391210583002312,1,1689.6264099611526,1,2,0,1,0,3,1,8,0
2358.1314582507666,1225.321341220606,1.9245004383109086,2719.683435338756,0.8670610070311526,2,3020.449482959128,0,4,0,0,0,5,1,9,0
736.2659712658863,866.6320689869887,0.8495715743897083,1807.3582225137789,0.4073713567650384,5,3370.675747533225,1,3,0,0,0,2,1,1,0
16854.734265108946,3389.468039311503,4.972678328759996,11951.840968345898,1.4102207609478923,3,15901.09728217195,0,3,0,0,0,6,1,17,1
1304.0637101108166,518.1663714515165,2.516689198601987,2297.9332702481065,0.5674941596411186,3,1077.664212643282,3,1,0,0,0,6,1,3,0
1967.5732326385146,1223.0422747623074,1.6087532485505485,2845.911041254246,0.691368494698755,3,4540.469863402122,2,1,0,0,0,6,1,17,0
2653.6425245671894,1447.4819147719288,1.8332819895613743,4108.234421952284,0.6459325958585747,2,4651.156225806622,1,4,0,0,0,7,1,17,0
933.6413098498213,665.7328124836921,1.402426457495201,2172.4286462301066,0.4297684582046009,3,1397.8170123853254,0,3,0,0,0,2,1,22,0
374.6057967357628,1195.7696569161408,0.31327588433867903,3449.629409476942,0.10859305515735479,3,5555.209595826149,1,1,0,0,0,3,1,12,0
718.107892197231,502.64103900331094,1.4286694409616258,2121.1748087033493,0.3385425327751287,3,2111.414624298104,0,2,0,0,0,1,1,21,0
255.99784852357323,427.6340926195342,0.5986376038342068,1849.1841257945655,0.13843826850588767,3,1935.0164709454557,1,1,0,0,0,4,1,0,0
15829.969598467324,1858.280727460076,8.518610436273505,8767.177507958153,1.8055947406218391,2,2956.4623179065725,0,3,0,0,0,3,1,14,0
87.92383959181123,229.88049451084157,0.38247629394961385,985.3367491263638,0.08923227482357456,3,645.1196289196705,0,1,0,0,0,3,1,22,0
251.40886564189728,835.1827210418121,0.30102258979722224,3801.0458950949896,0.0661420231642887,5,5298.791672969201,3,4,0,0,0,2,1,18,0
108.20406749818108,282.21528940350953,0.3834096576655407,778.9329247972264,0.13891320299029472,8,1417.4504806083546,3,2,0,0,0,4,1,23,0
5894.577226577542,3133.442920386414,1.881182257454566,8744.668174680233,0.6740767183876694,2,5953.204811667208,2,2,0,0,0,6,1,5,0
834.6249506828875,398.6558765291535,2.093597510588438,1077.4974540368903,0.7745957519954497,4,1655.3173057404006,0,0,1,1,0,4,0,5,0
3915.1306103255547,2748.1290448276654,1.4246531172523857,9895.254211134567,0.39565740574103503,4,18158.902039637058,2,3,0,1,0,6,1,1,0
974.6344991781563,582.5826660887626,1.6729548541522525,2288.943406206391,0.4258010471274512,3,2402.059335786831,3,1,0,0,0,4,1,4,0
429.79125359921477,1035.7511835941013,0.4149560825099138,3750.31295788695,0.11460143684685274,6,4866.863702721166,1,0,1,0,0,5,0,0,1
533.1827636650696,919.6321499296564,0.5797782990795323,3663.140185230487,0.1455534696200881,3,1977.9829101105358,3,2,0,0,0,3,1,4,1
3099.6512310310995,1957.672358486213,1.5833350343813055,5327.41491870939,0.5818302644581728,4,11877.603415449756,2,0,1,0,0,4,0,19,1
889.0313716090985,933.6785418633289,0.9521814326319114,2167.585699980883,0.410148199269325,2,2692.9357849113535,1,1,0,0,0,2,1,19,0
4732.409028252418,815.5792418183228,5.80251284682231,4393.974892254576,1.077022319038375,1,1442.6593209925645,1,2,0,0,0,3,1,18,0
1982.3613879812704,719.7395042113958,2.754276201850702,1963.1377996963586,1.0097922765726812,4,3204.2445167285155,1,3,0,1,0,5,1,22,0
910.0366452543831,1063.2853629837016,0.8558724467914381,2865.122503045066,0.3176257365216293,1,864.3703404776047,0,3,0,0,0,1,1,5,0
1092.225574507932,1880.587842037522,0.5807894479018649,5826.681725050174,0.18745241735312507,2,4458.498285137516,1,4,0,0,0,1,1,5,0
1907.7571402373349,2175.0593242439945,0.877105796137506,8862.141378754317,0.21527044748021087,4,8163.068963902222,1,2,0,0,0,4,1,2,0
1996.0050392585265,1108.551345673834,1.800552628480418,2384.1363521960243,0.8372025523708027,8,6104.107482444361,1,1,0,0,0,1,1,21,0
2495.594971225978,1777.8301471821642,1.4037308205069314,7911.785134886555,0.31542754620847796,4,6127.690993130863,0,0,1,0,0,9,0,6,0
2825.029288150133,1337.66908416546,2.1119044475133415,5934.671697346887,0.47602115706132,5,11058.796635443747,1,1,0,0,0,3,1,15,0
1388.6946851079229,1064.760970253624,1.3042313945609205,3793.4917148160657,0.36607294532479456,1,1643.2775027667576,0,2,0,0,0,4,1,20,1
637.9494444187878,1211.722224726001,0.5264815907482784,2619.5237104011653,0.2435364268266499,3,2703.9535305882237,1,1,0,0,0,5,1,14,0
3462.328011857986,1358.351866856558,2.548918359327884,5287.2842727144125,0.6548405255464879,2,3393.833925665358,0,1,0,0,0,5,1,19,0
861.6964639310178,1045.7074702019074,0.8240320438417061,4041.866404223396,0.21319271290872469,1,1223.4363782943574,0,0,1,1,0,4,0,10,1
562.1170268406671,519.0215188978411,1.0830322180751593,1066.9121443010924,0.526863462791396,2,1246.6818519706326,0,2,0,0,0,3,1,3,0
1889.6496023523073,513.159757263676,3.682380731545462,2399.8754382519824,0.7873948673472351,0,892.4664843258981,1,2,0,0,0,3,1,9,1
7036.780006202702,1848.3441954789353,3.8070723101328867,5974.408154404065,1.177820434148863,0,2368.9255380672275,0,2,0,0,0,5,1,11,0
473.64093455551574,1378.7711099221274,0.34352397663907164,6010.975863527305,0.07879601337769775,2,3711.928233785943,2,2,0,0,0,3,1,15,0
634.2248341296329,317.4470830318345,1.9978915165083782,741.3258926557978,0.8555276976196317,4,1319.0298797848566,1,2,0,0,0,5,1,6,0
280.4171325687928,534.1873208442023,0.5249415731650761,1872.4008200858052,0.14976341046247904,3,1511.8731844800998,1,1,0,1,0,4,1,3,0
9284.942980926508,2751.6385246816885,3.3743323832844636,11416.76598619336,0.8132726020797019,4,15235.207064913251,1,1,0,0,0,2,1,17,0
633.9766535708808,1047.4513048005306,0.6052564454932928,1927.3723074049105,0.3289331548114291,3,3343.079205591882,0,2,0,0,0,9,1,6,0
75.82468414545826,585.3983989041914,0.12952663397678343,1027.9529579889847,0.07376279581294884,1,709.4060077265846,3,2,0,0,0,1,1,21,0
663.0876053200418,797.7797900482651,0.8311662110166084,3273.598977099322,0.20255614996177448,3,2394.1086253113435,2,3,0,1,0,2,1,17,0
271.32331575136914,1309.7056266856935,0.20716358716269148,3720.920894962549,0.07291832409516999,6,4855.528353816037,1,1,0,0,0,5,1,23,0
1007.8829391548684,744.7858276952421,1.3532520379365793,2337.805580142755,0.4311235064693974,0,749.248230114404,0,2,0,0,0,2,1,2,0
478.5256743051385,336.03304112327055,1.4240435187728933,1356.6621786897745,0.35272279409107204,2,844.4870181726592,1,0,1,0,0,8,0,14,0
250.7489452568099,442.6331078117167,0.5664938768282811,1189.5344523600893,0.21079586619732857,2,1042.1286320650147,2,5,0,1,0,8,1,2,1
637.9051074267167,1375.9184251628944,0.4636213134155794,4311.96654391892,0.14793832487553538,5,9439.524668774018,2,2,0,0,0,4,1,17,0
331.4064492977742,575.0595258312428,0.5762993819096023,1958.780670358196,0.1691901774981121,3,3060.714838953019,2,2,0,0,0,5,1,8,0
3032.3373769651416,517.7485502983155,5.8567761806729814,2819.66270251202,1.0754255728047368,2,1233.7623667000903,2,0,1,0,0,3,0,12,1
1253.740357832344,1365.8470504276074,0.9179214886760813,2452.1963609777276,0.5112724159383626,4,4224.568191781455,1,1,0,1,0,4,1,21,1
2475.9759789337454,2187.3889847368114,1.131932178597698,7188.145532201728,0.34445267807138485,3,8259.247446372918,1,2,0,1,0,5,1,23,0
3878.480592480457,2132.7110012385233,1.8185682871369433,7774.406281020312,0.4988780431952735,2,4030.7488734920544,1,3,0,0,0,2,1,18,1
4559.195288437095,1091.1775510883756,4.178234132373422,3270.2432015761606,1.394145636092049,1,1811.8347541962112,1,1,0,0,0,6,1,11,0
1762.4525162373156,974.8400891165955,1.8079401287594337,4122.9918622361965,0.42746931721602044,3,2452.458328363692,2,0,1,1,0,4,0,21,1
6299.873256915711,1230.3804276100977,5.120264525950435,5781.624343184796,1.0896372512236654,5,10314.307420429195,1,3,0,1,0,6,1,14,1
3661.1089521050235,1314.5293715313514,2.7851100412005563,6288.128098897509,0.5822255676927005,1,1737.0258344761498,1,0,1,0,0,4,0,0,0
354.5943476077819,1109.563171476605,0.3195801345279767,2185.809360912752,0.16222565149035237,2,3107.864009239871,1,5,0,0,0,4,1,4,0
2372.754060367417,1201.2601966782045,1.9752207447884285,5059.22433041734,0.46899562174023746,3,6229.379935515232,1,5,0,0,0,2,1,17,0
458.2720741945011,302.37405233824217,1.5155800262975874,803.6368663178055,0.5702476994295497,4,1461.9612683762919,0,3,0,0,0,8,1,9,0
4555.409606589199,2127.7306539162864,2.1409709909496972,8720.397546387223,0.5223855429018212,0,1944.143543608485,0,2,0,0,0,3,1,23,0
5191.352697752651,1527.7107661401988,3.398125360383981,3664.252312580381,1.4167563406944756,4,5441.980203787842,0,2,0,0,0,5,1,0,0
296.1331316664216,518.3942128367905,0.5712508441132138,1172.1767109603495,0.25263522888439194,5,1786.3322764356753,0,1,0,0,0,2,1,3,0
489.5023151546438,954.1172191782539,0.5130421140247675,1657.0364287694756,0.2954083004186884,2,1893.1648576864125,0,1,0,0,0,2,1,12,0
929.4310163367517,505.55165055372385,1.8384491778807537,943.0152260862286,0.9855949200249341,2,1279.4437547385626,3,0,1,0,0,5,0,9,0
318.0063052459355,542.6918163830679,0.5859795479603576,2535.348322441064,0.12542903964365543,2,1659.0121013369821,0,3,0,0,0,5,1,23,0
284.1398421035311,552.5779426704595,0.5142077165265777,1271.2042408587856,0.22352021254395374,3,1678.4052194633996,1,2,0,0,0,5,1,20,0
1498.784460824176,1710.7661410844867,0.876089621386865,8265.072733109133,0.18133953677384848,1,1848.3145074822025,2,4,0,0,0,2,1,5,0
706.3670330543312,733.5747091468576,0.9629108313668981,1925.8937802359299,0.3667736197620402,3,3725.462730809432,0,1,0,0,0,1,1,6,1
1789.9573270105275,1916.7736384399957,0.9338386605041792,8587.319271664266,0.20844192120780722,3,10330.821951052281,1,0,1,0,0,4,0,18,0
2505.050414588184,1397.0265335867025,1.793130162071267,2851.4263621335544,0.8785253751788289,2,2550.417436820344,2,0,1,0,0,3,0,17,0
446.46779919640204,787.6000203197783,0.566871238798507,3840.1367327139938,0.11626351619018097,5,4420.685936117019,3,1,0,0,0,4,1,9,0
1563.2533649618706,2994.5614850216516,0.5220308124515158,12536.701615816928,0.1246941510508308,3,12199.558059547315,0,5,0,0,0,1,1,6,0
166.33053995538273,1057.9695271074816,0.15721675879468391,2829.7526532411243,0.058779179786216336,4,7529.602939163665,2,2,0,0,0,3,1,10,0
1039.3396110016554,898.0097135864704,1.157381256880554,3916.347099358167,0.2653849581340705,1,1221.3271109845325,1,1,0,0,0,5,1,7,0
854.9235560595921,798.4788803293955,1.0706902550846575,2424.8146880521617,0.35257273896932173,4,4828.15057613973,1,4,0,0,0,4,1,6,0
94.68005754247085,874.0187580777327,0.10832726033329627,1828.714523958478,0.051774104870958314,2,2213.0931724162624,0,1,0,0,0,1,1,19,0
478.1598513694826,575.7676796385266,0.8304735890518842,2597.6205517703484,0.1840760965043966,3,1294.252702560305,0,3,0,0,0,9,1,4,0
1097.6361301494965,1010.3560857491007,1.0863854294851745,3366.753353183776,0.32602213913636263,3,4759.193948466669,2,1,0,0,0,1,1,10,0
1404.4268058372766,1126.3157085408636,1.2469210854358983,5480.906120871589,0.2562398944381008,6,7413.915610661228,1,3,0,0,0,2,1,10,0
2300.600128425564,520.8470770370203,4.417035690232057,1574.6565338402072,1.461017103720362,3,2122.1727872380775,3,6,0,0,0,4,1,23,0
763.1542788372001,1451.691949526452,0.525699876675726,5071.212928992639,0.15048752429111578,0,1042.904958236046,0,1,0,0,0,4,1,11,0
1198.0204330350177,1786.8389845350848,0.6704691600103683,7106.726881195051,0.16857555567599938,0,2617.6980052725157,2,1,0,0,0,2,1,15,0
447.93483160853344,899.1330368511053,0.498185266528818,3360.4368660603236,0.13329660679912697,2,2941.3894356562396,2,2,0,0,0,4,1,9,0
254.29156789553,747.582144432775,0.3401520084304217,3402.142959574686,0.07474452746903966,2,2519.116918017944,2,2,0,1,0,2,1,20,0
463.916662841191,969.1662250648826,0.47867605251115025,4321.198815441525,0.10735832407974721,3,4941.628431533758,3,3,0,0,0,4,1,4,0
464.55446057307773,1587.4783923949312,0.29263671417425274,6836.602428173771,0.06795107152328177,1,1955.1365167150504,0,2,0,0,0,3,1,23,0
619.8505610022826,956.2028954757246,0.6482416691427169,2647.0438616129177,0.23416709106761469,3,1995.5186826485285,1,3,0,1,0,5,1,2,0
1174.2439835035057,616.1481043286163,1.9057820274932382,2345.0289700173166,0.5007375168993475,4,3908.3631224904475,0,1,0,0,0,1,1,20,1
554.4191379764247,610.683079883541,0.9078672002541056,2550.3297755819867,0.21739115595351036,6,3138.6011466732807,2,0,1,0,0,4,0,12,0
959.1709086684821,1522.8721274621932,0.62984336726085,3399.3950446061417,0.2821592948399479,8,20787.21799714363,2,0,1,0,0,2,0,1,0
112.25710875028405,510.86486993538267,0.21973933882845187,1137.512041341878,0.09868652345680558,1,388.1635856704142,3,2,0,0,0,6,1,17,0
953.8984957481288,1232.445101575349,0.7739886300240282,2703.7784134965627,0.35280202363718643,4,4644.196278069611,2,1,0,0,0,4,1,11,0
293.0581521049659,1443.9458149601223,0.20295647459116004,3926.9155738898476,0.07462807554445947,4,6946.166589441822,2,0,1,0,0,5,0,18,0
2173.977340234997,2452.576224198434,0.8864056165860899,11992.98840133011,0.18127069479979543,3,11920.748863296669,2,2,0,0,0,2,1,14,0
178.13378260914277,329.4665670797833,0.5406733198698308,1357.7698737197768,0.13119585730763303,4,2304.8144503299077,1,0,1,1,0,4,0,11,0
416.46834488260413,335.77770633667706,1.240309696037474,1141.6739222511792,0.364787472820087,1,232.44341194976687,1,2,0,0,0,3,1,19,0
2475.325347412451,2455.838985412899,1.007934706678775,11959.261502516003,0.20697978273087256,3,12655.071433066378,2,2,0,0,0,6,1,4,0
886.7266113638763,1099.0247657669222,0.8068304181890752,4485.215849832243,0.19769987466646488,2,1592.1988756032729,2,2,0,0,0,5,1,18,0
2060.301703294328,1214.1930125609522,1.6968485915997655,3573.033047867488,0.5766254259875901,8,8552.60693558046,0,5,0,0,0,3,1,23,0
678.0964724073737,797.0107293761765,0.8507996786167765,2972.2269724501625,0.22814424291708219,2,2698.5653023320897,0,3,0,0,0,2,1,1,0
590.185582878512,540.8969218222788,1.0911239444480105,1780.657742723431,0.3314424601191756,5,3643.393021160389,3,0,1,0,0,2,0,2,0
8099.70211939465,1913.2335004026056,4.233514684794205,7199.543544420031,1.1250299507768493,2,2638.4861790453147,0,2,0,0,0,3,1,21,0
2307.3112832874303,1352.4230185616477,1.706057388568661,2687.6239812349572,0.8584948264329841,2,3491.2991671216164,0,1,0,0,0,6,1,11,0
1661.229483494568,1045.8456201352647,1.588407936612779,2717.057285683965,0.6114076034566885,2,3133.859607483192,1,1,0,0,0,4,1,1,1
7284.341309733724,1373.7418683836984,5.302554633720418,8649.609447421739,0.8421584065746492,1,1162.6861396758954,2,4,0,0,0,5,1,3,0
778.6292513344209,1125.582835331175,0.6917565077343495,2572.327646999325,0.30269443017599584,5,5154.781008073685,1,2,0,0,0,3,1,8,0
8443.673409905165,917.1247666836323,9.206679087337154,9545.975132003818,0.8845270695915519,3,4805.651524715499,0,1,0,0,0,4,1,17,0
524.7531886486622,540.3416205129114,0.9711507844806548,2083.1426885217193,0.2519045822161361,3,2349.3773274844007,1,2,0,0,0,2,1,12,0
1399.7965370741422,940.4253086552914,1.488471784192732,3063.0273507138377,0.45699772701929026,4,5660.023238484957,1,1,0,0,0,3,1,2,0
6823.944521542367,1673.1214554764128,4.078570924547305,7668.260875902332,0.8898946752042243,1,3003.1477240538034,0,3,0,0,0,3,1,7,0
1270.3431832561726,1007.2802251899484,1.261161642497863,3302.194766745511,0.3846966254229042,5,7920.169016168829,1,2,0,0,0,4,1,11,0
542.468145103479,909.5204097807757,0.5964331743080198,2650.199363070075,0.20468956134494978,0,1515.612909653663,0,3,0,0,0,3,1,19,1
943.5756545878422,2059.7696660846805,0.45809765534679464,7238.334086487694,0.13035812430228677,4,7434.260459900414,3,2,0,0,0,8,1,14,0
2330.0781848943393,1675.1181938728198,1.3909933003039463,7150.302856698432,0.32587125770644987,3,6538.657229841407,3,1,0,1,0,6,1,20,0
10839.107151959692,2515.753196786832,4.308493840255716,11012.295671622183,0.9842731683904216,6,17337.71617525829,1,2,0,0,0,4,1,5,0
3076.832242510195,1946.5020226823779,1.5806981994656062,8318.705288513747,0.3698691245569915,1,1884.4554076828308,0,2,0,0,0,3,1,3,0
2215.0123164609217,2074.7378004143757,1.0676107197827744,8227.614797425602,0.2692168229793637,1,3267.86816479475,0,1,0,0,0,3,1,10,0
636.9637918745954,1409.5376220656121,0.4518955591558843,5707.138995553413,0.11160824931211087,5,5021.143549409369,0,0,1,0,0,4,0,15,0
2452.3442303344887,1596.425199061801,1.5361472819244524,7604.889114261236,0.3224694263767339,0,2419.071505437272,2,3,0,0,0,2,1,20,0
259.8830570268512,736.5038887553121,0.3528604003246368,2719.7989021308326,0.09555230602646586,3,2269.4452712585185,4,5,0,1,1,5,1,1,1
720.1742136638605,1915.9017630243347,0.3758930794692908,7906.382176632008,0.09108770580207941,1,2422.138081401611,0,2,0,0,0,4,1,4,0
789.9626947910481,335.4367325613702,2.3550273959531833,1632.076617959107,0.4840230453021791,4,1420.2925178335759,1,1,0,1,0,6,1,18,1
1948.520571954418,1713.3328187553275,1.1372691578802219,3655.234350673565,0.5330767838716979,4,10643.332834570445,1,3,0,0,0,2,1,5,0
3692.2990596400186,1037.5204374827729,3.5587723636541146,4841.1867632067815,0.7626846970048012,5,8476.311066473152,2,3,0,0,0,8,1,18,0
1513.8912956232148,951.1514263429849,1.5916406722364584,2137.4856046795517,0.7082580075902662,6,7750.077932297552,1,1,0,0,0,5,1,23,0
369.3826607209414,417.20454380708424,0.885375450013661,1316.9840299573302,0.2804761882594045,1,560.2882815635703,1,3,0,0,0,2,1,2,0
455.0136198416054,1136.0746278346196,0.40051384714829014,2089.9088398125223,0.21771936228683686,4,5970.971688939762,0,2,0,0,0,5,1,15,0
2990.1794239310275,2121.3146635848148,1.409587872681706,7859.025938474515,0.38047710331281076,5,18930.1205279626,3,1,0,0,0,4,1,13,0
169.86310954610812,787.9356683409778,0.21557992152298422,1893.2622494793104,0.08971979956438908,3,3359.7765810846095,0,1,0,0,0,6,1,5,0
936.8509532970678,1063.314083436526,0.8810670035228519,2844.0653617791204,0.32940556355955747,3,5673.178565933123,0,2,0,0,0,1,1,5,0
398.79268462602437,828.3073007067229,0.4814549917473492,2801.559415045331,0.14234668109638204,3,1898.8574488888705,2,3,0,0,0,2,1,14,0
215.23654562992655,1265.9812586796702,0.17001558605567604,2812.2720034888403,0.07653475387974884,7,11961.353522778976,2,2,0,1,0,4,1,12,0
347.11716592116494,698.6579786087826,0.49683418288927195,3205.319653869243,0.10829408714421003,3,2360.3012635731116,1,3,0,1,0,5,1,6,0
888.5085428804764,1013.5943609939965,0.8765918370038555,3012.7538154950757,0.29491574728433984,3,3981.0946380187606,0,3,0,0,0,5,1,21,0
490.208887063334,830.1261284867998,0.5905233798108658,1641.4129042908419,0.29865056244036564,6,8265.869422419317,0,2,0,0,0,8,1,3,0
248.16125260339047,1170.0062125658146,0.21210250846375828,5241.705140856582,0.0473436116558889,1,1413.789964576211,1,2,0,0,0,7,1,19,0
2208.686254602702,1544.5737773692654,1.4299648789613404,7507.181619147887,0.2942097802681643,2,2479.530554495632,2,4,0,0,0,3,1,16,0
231.26322075924256,809.1425884333704,0.28581269119328545,2269.2268694638597,0.10191278089963834,3,1708.2964108772844,0,4,0,1,0,4,1,21,0
1089.5096365736774,1094.1541924404132,0.9957551176069832,2464.9916227160093,0.44199324108583365,3,4252.790661641062,2,1,0,0,0,3,1,0,0
232.06016989246672,589.6445622299198,0.39355941656590676,2731.97933780775,0.08494213945215306,3,1544.8284976486068,3,3,0,0,0,5,1,20,0
2721.2285044716828,1714.623441753925,1.5870706291569652,6327.930813027175,0.4300344907168625,3,6294.333697362394,0,2,0,0,0,2,1,1,0
973.5754541166752,1251.025210812496,0.7782220899324427,3994.4257217674926,0.2437335231473219,2,4376.7625710514585,1,3,0,0,0,6,1,15,0
2895.5565973353914,634.5467556392051,4.563188719511421,2862.080458359213,1.0116964353250117,4,2475.9360509433786,0,2,0,0,0,3,1,18,0
1512.8208471969576,759.1949824927233,1.992664443368417,2530.88034216703,0.5977449119153639,3,2876.2591059181855,0,3,0,0,0,1,1,22,0
17583.05497233305,2613.4600323938052,6.727883631045166,11154.031358223003,1.5763856499623723,2,3679.813862594677,2,3,0,0,0,7,1,8,0
2679.205350923889,2367.2586388187974,1.1317755090169384,9538.157921840217,0.28089337300540146,3,9270.758528187229,4,4,0,0,1,4,1,2,0
193.3182616030272,733.7458888802776,0.26346759080045784,2145.088605128979,0.09012134097435263,2,1653.6130567492085,0,0,1,0,0,3,0,13,0
6222.708829325177,3423.9063067365446,1.8174296466822066,16152.158686185056,0.38525555315695736,1,3709.3023494428685,1,1,0,1,0,6,1,23,0
2685.445461749917,1584.804189525593,1.6944966952376608,2450.596581723126,1.0958333500415063,5,9719.556831240563,2,0,1,0,0,1,0,3,0
523.553029335319,705.3906428535668,0.7422171454066259,2110.026632799538,0.24812626589489065,7,8071.574872509275,1,4,0,0,0,4,1,6,0
901.9023098644764,608.3544831159464,1.4825275968132918,1481.2370343112218,0.6088845262256508,2,1428.0747319532923,1,0,1,0,0,2,0,11,1
933.0419493376138,1021.5853846167803,0.9133274255755126,3395.181631786501,0.27481355948743724,0,1178.249609286736,1,2,0,0,0,4,1,18,0
1161.0892185149667,809.7105614735144,1.433955877273,2033.2188900413892,0.5710596257992325,3,3112.066961604842,1,5,0,0,0,5,1,13,0
2618.0000441998836,951.4308916419457,2.751644987773975,2824.0519451525147,0.9270367879364545,3,4501.0952078137225,0,2,0,0,0,7,1,21,0
2875.023925603414,1146.6378880300065,2.5073512358316363,4887.75587357144,0.5882093950618404,4,3781.3304890676272,1,3,0,0,0,3,1,17,0
6379.621061646922,1274.0054859079798,5.007530291049088,3456.787390487131,1.8455346947872038,4,8464.482891375357,1,2,0,0,0,5,1,11,0
2038.2002767232725,1268.635881370933,1.6066077797836846,2716.392471423712,0.7503335023068348,3,6044.351051808008,1,3,0,0,0,3,1,9,0
7112.58994950124,2254.3048764335517,3.1551144762432455,7371.973909895591,0.9648148564326614,4,12635.14459141198,1,1,0,0,0,2,1,12,0
1533.6752570498877,1287.4350290392636,1.1912641977703362,2342.864723342489,0.6546153697093714,4,5869.945588228196,0,2,0,0,0,3,1,21,0
2041.1451140178503,1393.0086735137777,1.4652781083330866,3635.715913938934,0.5614149076368494,4,3528.8302125599575,1,3,0,0,0,3,1,22,0
18627.370687741153,3214.34319729357,5.795078354864262,10778.888077546724,1.7281347160977985,5,13226.772351690559,2,3,0,1,0,1,1,16,1
724.3458519270699,928.2954013846546,0.7802967146520693,2669.6175749037025,0.27132944386358343,1,1004.0847360744457,0,1,0,0,0,5,1,17,0
2332.9828482340545,1618.3160986558178,1.44161134538045,7071.5134473739245,0.32991280658604,5,10583.859170520664,0,0,1,0,0,5,0,1,1
1812.3123960912628,2277.0032806025306,0.7959199758428528,5927.044627158692,0.30576999332634514,3,11190.595727741129,2,5,0,0,0,2,1,0,0
1440.6723454895664,1570.925370026271,0.9170851607453979,2875.2165360332892,0.5010656858134063,9,14707.47345860361,2,2,0,0,0,4,1,15,0
339.372700876486,2112.2700642124005,0.1606672871174868,8388.213308362287,0.04045828216339733,2,2783.8597946930195,2,3,0,0,0,2,1,2,0
763.8487406168775,842.3841225786073,0.9067701065859047,4123.290325793221,0.18525223311068487,3,3507.326640126223,1,0,1,0,0,9,0,19,1
1144.4177045639126,2941.999629491776,0.38899315047215294,7065.016567891667,0.16198372552513746,1,3842.9806044957345,1,1,0,0,0,2,1,12,0
1056.3855446311497,1149.4269194840915,0.9190541188171385,4393.456353170416,0.24044521208657016,3,4086.326166047244,2,4,0,0,0,6,1,22,0
6500.069066748307,1843.9833792124966,3.525014997436836,6196.413439920299,1.0490050623271376,2,4766.327909633639,2,0,1,1,0,1,0,5,0
3735.857697174774,1044.0631354743537,3.5781913662505147,4241.667547850721,0.8807521228455907,3,3189.2720962828867,1,2,0,0,0,3,1,6,0
358.0350919184806,501.2575311040726,0.7142737409448403,1385.6052236424505,0.258396176493392,2,1764.0760478581155,1,4,0,0,0,2,1,16,0
3093.9198645489178,1516.7664852913476,2.0398129142170642,7367.313941243693,0.4199522226450182,3,6278.448099530295,1,3,0,1,0,4,1,19,0
594.7469897167372,762.3311305765388,0.7801688345941474,1371.1382128196012,0.43376151591144313,4,4112.9903592793935,2,2,0,0,0,4,1,19,1
131.33148090413258,610.5131684776484,0.2151165407809558,2668.7513532567577,0.04921083440158815,5,2642.644350149121,2,0,1,1,0,2,0,7,0
385.0501310101681,208.87765583421194,1.8434242258817086,740.3647120052107,0.5200816905053386,3,1005.9506834328456,1,2,0,0,0,4,1,2,0
504.0984308288231,597.4864213476984,0.8436985558462934,1330.3527655031623,0.3789208726440046,3,3138.2527591311996,0,3,0,0,0,1,1,11,0
9834.42050729543,2527.655066484664,3.89072885683435,10209.835870614506,0.9632300295443945,3,10360.073569925713,1,0,1,0,0,3,0,6,1
29064.206943012236,2635.7187294458627,11.027051793619396,34128.964356701035,0.85159944026563,1,1762.4054453260794,2,1,0,0,0,3,1,2,0
4863.214994111874,954.7830491971637,5.093528836944837,4799.344489192651,1.0133081726187918,4,4839.5984757378765,1,1,0,0,0,1,1,23,0
2737.9452805777228,1488.8914025302174,1.838915367450485,5825.418379592876,0.46999976691271933,6,8556.626736200567,0,2,0,0,0,4,1,11,0
10064.995747345416,2360.6841106839283,4.263592787274458,10840.069765223228,0.9284991670104946,10,39962.85229169226,1,2,0,0,0,1,1,7,0
8734.113014557455,2097.9710601261154,4.163123686764497,8662.762888528401,1.0082364168276543,2,3268.0007357109175,1,2,0,0,0,2,1,12,0
4001.279571163362,4774.053320676383,0.8381304737075004,9208.115561297074,0.4345383748202801,6,34940.98376901991,1,1,0,0,0,7,1,13,0
4966.932559856223,3148.796798501548,1.5774065072156738,13542.142614640637,0.3667759749100847,2,5424.032118486899,2,0,1,0,0,11,0,16,0
3245.696702793538,2335.1649386194954,1.3899218205598494,7861.771585498078,0.41284545951202534,4,15388.856113390131,3,3,0,0,0,5,1,16,0
805.9503329294678,909.2939429708082,0.8863474118130598,2209.83948132102,0.36470989849800256,5,3971.764191511592,0,3,0,0,0,2,1,18,0
55.82485452215611,611.9740548725032,0.09122094977341236,2666.0130918887235,0.020939452507567125,1,576.975396925663,0,2,0,0,0,6,1,12,0
1258.5450833092057,2569.2140380961314,0.48985606673775894,6000.675669443729,0.2097338954207926,3,10934.170792939567,0,0,1,0,0,2,0,10,0
734.6657763476742,1321.9567067149662,0.555741177162528,2277.532670273755,0.32257090575977065,1,1998.4136578835237,1,1,0,0,0,7,1,14,0
1793.0140652514292,949.0308116217811,1.8893106981293692,2241.6528046896997,0.7998625217519476,2,2010.5966017746857,1,4,0,0,0,4,1,15,0
501.45232633501604,804.6498654351952,0.6231932022554995,2670.250451571807,0.1877922447461222,2,2402.4731720986033,0,2,0,1,0,1,1,20,0
382.4458666958064,1003.529143852176,0.3811009067736076,4976.483828202993,0.07685061981481561,3,2721.2457337668334,0,1,0,0,0,3,1,22,0
132.61487387640395,199.18940345467536,0.6657727347759232,706.8283822854754,0.1876196219619873,2,398.0715841839146,0,3,0,0,0,3,1,11,0
978.4923615370794,1013.6423531799705,0.9653230831045886,4417.572811841699,0.22149999631339254,1,1659.3021340368723,2,3,0,1,0,2,1,8,0
3252.230752518271,1411.6665732536321,2.3038235898881396,2899.1190754933396,1.1217996459717139,6,12912.486908073119,0,1,0,1,0,4,1,21,0
12517.59538692776,4834.594464446274,2.589171745217197,22438.33109695193,0.5578665959086492,0,6559.496634791384,2,1,0,0,0,4,1,17,0
955.9549065117474,888.5954045879938,1.0758044680131849,4410.888716368189,0.216726144770856,2,2499.847250569055,0,1,0,0,0,6,1,11,0
1406.7372984705992,2213.2079383869436,0.6356100907065578,9727.436451894786,0.1446154190189116,5,9537.384523006867,2,1,0,0,0,7,1,5,0
955.2676036059704,385.6421996427528,2.4770826545717797,1052.08716981451,0.9079738172022291,3,1334.6502286360526,2,2,0,0,0,3,1,6,0
920.7552963178244,754.1658738799445,1.2208922840552705,2469.5382743015725,0.372845120846823,1,842.8439480173422,1,1,0,0,0,3,1,23,0
3731.9254363749887,1714.6183234816394,2.1765342089644077,7692.017918097727,0.4851685833433305,3,4285.812547514469,2,3,0,0,0,6,1,7,0
2267.3194780794574,1594.06082592956,1.4223544303946456,3517.24235320194,0.644629869197211,2,2493.3655684747487,5,0,1,0,1,9,0,19,1
5067.849438820114,2348.9700288594695,2.157477267294374,8658.994918714161,0.5852699402637688,3,5360.689029082951,0,5,0,0,0,3,1,3,0
579.8188637231615,981.8302333481728,0.5905490012727571,4207.747864255292,0.13779791052803034,1,1245.4764066653686,3,1,0,0,0,3,1,21,0
461.57231730865374,492.0676769130764,0.9380260865827819,2122.192649597095,0.2174978399799305,3,2155.793844553599,1,1,0,1,0,3,1,17,0
1461.7979209444163,1298.2582687501897,1.1259685042111562,4857.0406350548255,0.30096472950918923,4,4549.382543070368,0,5,0,0,0,5,1,11,0
122.50042725155302,396.6405035369634,0.30884497714978587,1083.1894223319398,0.11309234075405619,2,1376.1147302473737,2,2,0,0,0,2,1,18,0
1327.981072182968,742.065553277908,1.78957380020796,3351.7262907382046,0.3962080900975018,2,1502.0076498659653,0,2,0,0,0,5,1,16,0
7669.452517599638,828.8558086038712,9.253059987017647,7119.780812451246,1.0772034588743395,4,4013.5695001862437,1,0,1,0,0,2,0,18,1
1531.261576391376,2392.0199395224695,0.6401541856281805,5659.492082080676,0.2705651945763333,3,12586.975365212573,1,5,0,0,0,6,1,13,0
3324.8248878856443,1762.8039474701939,1.8861002056735305,6965.725154009894,0.4773120980766336,0,1992.7553663436854,2,4,0,0,0,12,1,16,0
7925.076836302331,706.9871682658794,11.209647348679908,9019.379330698457,0.8786720843781848,3,3518.42401748427,0,3,0,0,0,4,1,5,1
3554.165040018153,685.4527235379433,5.185135193093171,3339.3993004071463,1.064312686292059,2,2355.254049428398,0,2,0,0,0,3,1,16,0
5979.265438320321,1743.0227508891592,3.4304001111116587,5333.010351572359,1.1211801673247126,2,5705.9956028634615,1,1,0,0,0,5,1,0,0
5079.293187964657,1864.5089673486284,2.7241988517692786,7301.152485535392,0.6956837565065858,3,3562.911118088476,1,5,0,0,0,4,1,3,0
538.995471312277,1095.8452241893913,0.4918536481381099,2196.9778337979214,0.24533496106354158,4,7607.773143110395,0,2,0,0,0,3,1,8,0
399.98668855809325,579.047210492162,0.6907669725550081,1780.3270644815898,0.2246703409379246,1,797.353136782585,2,0,1,0,0,2,0,8,0
737.1681121469867,872.3777425204919,0.8450102246042469,2995.3138506504665,0.24610713564687128,1,858.8027635409725,3,0,1,0,0,4,0,11,0
1176.5320257596527,1191.6625260377168,0.987303032572172,3059.939096468367,0.3844952427705338,2,3620.7704815125253,2,1,0,0,0,7,1,13,0
712.5437929801583,809.1626560172277,0.8805940161491926,3066.0997694063767,0.2323941967218219,5,2431.4429154828213,0,2,0,0,0,2,1,12,0
1890.9616829422246,1721.5817067241849,1.0983862546613223,4547.8974530882715,0.41578810921916415,4,8539.507618599664,2,0,1,0,0,2,0,4,0
1630.667714205414,2154.824892594266,0.7567518455024892,9121.425911393846,0.17877333325357586,1,3352.0981366873493,0,1,0,0,0,4,1,3,0
676.1441850532815,495.5327156798401,1.3644794050089177,1452.115529546004,0.46562699130741636,5,1491.1289826860107,3,2,0,0,0,5,1,17,0
3371.155402939745,1425.1723665750674,2.365436968891845,6714.9720380008275,0.5020356576113757,0,1474.9540611532314,1,2,0,0,0,5,1,4,0
802.6211800985914,1270.977235917392,0.6314992569628983,3622.287354975981,0.22157855008273175,3,5004.652014378612,2,1,0,0,0,6,1,15,0
135.95519978293652,684.0813877789743,0.1987412641416045,3078.9791991447523,0.044155933180938925,3,3492.1198347386858,0,2,0,0,0,3,1,15,0
702.4818295116163,791.1546588029479,0.8879197280775701,3090.7272353021244,0.22728690564728768,6,8509.897107970706,2,2,0,0,0,1,1,20,0
1401.862017522518,1539.6999930003597,0.9104773812401976,7356.986551422307,0.19054840018043798,1,2760.0264456886953,1,0,1,0,0,7,0,15,0
5561.513041292958,1799.825199808946,3.090029543915332,3954.653993007995,1.4063210210364705,1,2342.914584189419,2,0,1,0,0,5,0,18,1
3699.1346159286186,1475.5848292635335,2.5068939057708137,4272.293894013922,0.8658427317258348,1,2513.6515729587704,1,1,0,1,0,2,1,5,1
3112.287937342507,685.9456844397646,4.53722212697412,2439.9961764474974,1.2755298419663224,2,2180.2277641465357,1,2,0,0,0,5,1,15,0
345.6438581550849,891.2336862517592,0.3878262945925566,3252.3072348431647,0.1062765087049818,2,3139.647594866036,1,1,0,1,0,2,1,23,0
3397.5036615287895,1258.7659008761655,2.699075069609014,3665.6483294649847,0.9268493200013729,3,5509.591175343622,1,3,0,0,0,2,1,17,0
104.30865523162767,533.6590141047152,0.1954593710116927,1858.471864322294,0.056126034100421864,6,2302.798237658105,0,3,0,0,0,4,1,11,0
2086.8535141931043,1210.7439332032914,1.7236126128436349,3865.801326624429,0.5398243049430892,5,9878.460822607802,2,3,0,0,0,8,1,21,0
560.4458681127556,838.6091520473481,0.6683040207044064,1581.120909910271,0.35446110705383127,1,750.6093485443232,2,1,0,0,0,2,1,18,0
832.2190191138523,454.4402610764416,1.831305653118319,2027.2514127841496,0.4105159398907087,1,703.3518654322213,0,2,0,0,0,2,1,9,0
1935.306447036783,628.71346396345,3.0782010533645763,1635.8257626435238,1.1830761510378056,1,1097.8857605086764,0,1,0,0,0,4,1,15,0
4818.862267961472,1571.8093510884712,3.065805827293514,6206.989185589228,0.7763606676082871,5,7705.675427655776,0,2,0,0,0,6,1,2,0
3743.6613692343453,670.0295998859924,5.58730744115087,3887.6017505500067,0.9629745044498714,5,3143.3636477031273,1,1,0,0,0,3,1,20,0
180.96129699641904,1387.235596225133,0.1304474146200117,4809.554731756074,0.03762537429953439,3,3487.612897716146,1,2,0,0,0,7,1,20,0
2975.9932848461185,1090.3388026159512,2.729420688052271,3259.965906630412,0.9128909228140317,2,3090.6457361099265,1,2,0,0,0,4,1,20,0
1959.6793473344294,1117.0651480330318,1.7543107049621078,2389.1899020051155,0.8202275364087963,2,1422.7794808854173,2,5,0,0,0,4,1,2,1
184.66022898929424,932.1474275971258,0.1981019563239136,2132.6694803573628,0.08658642639662639,3,2534.7497325277627,0,1,0,0,0,3,1,10,0
949.2192971992012,1394.0693815169248,0.6808981746420181,6007.741009384441,0.157999370431659,3,6590.386136947717,0,1,0,0,0,7,1,8,0
1513.6663837626854,585.9036742608778,2.5834731036158596,2333.650913801399,0.6486258826505459,4,3515.8318430720888,2,2,0,0,0,4,1,14,0
2002.9482890687532,2037.16258534596,0.9832049260460002,9476.030322590497,0.21136997465001778,0,1480.5425694153892,1,1,0,0,0,3,1,23,0
1796.0309051110971,1697.1820394175602,1.0582429364662969,4391.7786949373985,0.4089529618560842,3,7816.905243130431,0,2,0,0,0,7,1,13,0
190.89267795346768,1081.5897928121285,0.17649267700386445,3851.691306890031,0.04956074169599019,1,1275.3373569929533,0,3,0,0,0,1,1,4,0
662.9980141132244,581.5619319020019,1.1400299396229139,2695.9690975410294,0.24592196354102844,2,728.0430311133956,1,2,0,0,0,5,1,23,0
1576.9421798835713,807.3852236457609,1.9531471888510217,2011.239843865682,0.7840647074953659,4,5145.48979796059,0,1,0,1,0,2,1,5,0
226.68756034459798,731.1146223299951,0.3100574840401435,2649.238034664381,0.08556707905385177,2,976.7034196646393,2,2,0,1,0,2,1,15,0
462.69781290615543,631.0165221387379,0.7332578413920274,2035.770505841435,0.2272838768311514,1,930.3289427810245,1,1,0,1,0,3,1,12,0
66.2624055331993,545.1167920912068,0.1215563462629721,2101.699381978797,0.0315280130457153,6,4183.866085620817,1,4,0,0,0,4,1,3,0
378.574582479376,1264.9531493788134,0.29927952878356356,4114.409468131679,0.09201188783266234,1,815.1936552527075,0,2,0,0,0,3,1,20,0
1172.0196519593073,900.3721194243086,1.30170584658784,4399.558216005373,0.2663948502137234,4,5197.0345290732375,1,2,0,0,0,4,1,7,0
4520.84091447257,1462.0899918307946,3.0920401204659638,3176.8726087284576,1.4230475915375265,3,6284.975496199622,1,3,0,0,0,1,1,20,1
1197.0866103474032,1817.1561161578206,0.6587692712272366,4823.301287162914,0.24818823023422085,4,6973.7603762908575,3,0,1,0,0,10,0,5,1
671.6896616247509,1443.4139363323657,0.46534791213910326,6576.505006221708,0.10213474497309716,3,6002.977838875236,1,5,0,0,0,2,1,10,0
1252.9091997999667,647.8263331938988,1.9340201773257688,1806.2256923108419,0.6936614871184922,4,2874.4243433676925,0,1,0,0,0,6,1,17,0
327.7668070454139,901.9511432022202,0.36339751827547445,3647.412474478267,0.08986282997573458,3,4732.795389319994,1,0,1,0,0,3,0,4,0
379.3969811498239,918.7960062652771,0.41292841780189826,2994.0099433401015,0.1267186777364442,2,2863.568540141766,1,5,0,0,0,9,1,5,0
1170.8627471006992,686.7728587105813,1.704876266221409,1253.821906711567,0.9338349735582089,1,1093.2063860823985,3,2,0,0,0,3,1,23,0
1902.3793704720379,1021.6433030518988,1.8620778551468646,2030.7647367927061,0.9367797933484733,1,961.8031543471855,1,2,0,0,0,8,1,16,0
6982.346535669963,1473.9366150013857,4.737209500466475,7047.487177244499,0.9907568981771449,4,9175.23500878502,1,2,0,0,0,4,1,11,0
1997.0270791170904,1096.2716832129513,1.8216534365497854,2322.6639929784624,0.8598002488324658,2,3799.774866271544,1,4,0,0,0,3,1,2,0
1677.1917891714647,1101.286704969052,1.522938378901611,4953.226298116686,0.3386059283843272,7,5347.386358095669,3,4,0,0,0,4,1,8,0
11693.612196181,1970.2003604626386,5.935240105953046,13798.134785472295,0.8474777481151226,2,5348.133855869867,1,2,0,1,0,2,1,16,0
761.6192086507168,961.1825900412376,0.792377240850816,2106.7748207053432,0.3615095458544205,2,3277.9194494600597,2,1,0,0,0,4,1,11,0
2358.745554317081,1186.8558592628228,1.9873900742943962,5404.098733989921,0.4364734381112216,2,2143.859732216962,2,0,1,0,0,3,0,22,0
2727.183220250723,3192.174624914211,0.8543339700045437,7337.830179502875,0.37166071625215574,1,4166.816951832423,1,4,0,0,0,4,1,15,0
539.8515523214184,1012.6216955601491,0.53312264065485,2569.912809927813,0.21006609649787392,5,4702.3898620395075,0,1,0,0,0,5,1,9,0
4361.198185581628,1274.4773994458917,3.4219501950193543,4952.232189068109,0.8806530104159558,2,2917.326603755206,2,1,0,0,0,4,1,17,0
690.9819209644706,683.3491327321083,1.011169675743709,1439.6467329769698,0.4799663036331319,3,2811.7248112298976,0,4,0,0,0,2,1,17,0
134.48351778842803,444.97162215522627,0.3022294256363029,1307.7740826703803,0.10283390653668743,1,528.4557124363238,1,0,1,0,0,3,0,22,0
241.71715989521613,896.1204110206505,0.2697373666781103,3375.810417048615,0.07160270573089329,1,1349.5779835040544,2,1,0,0,0,6,1,12,0
2909.740078373631,1115.9107346973565,2.607502542900777,4205.7156600902235,0.6918537327630964,3,5542.971348531306,1,1,0,1,0,2,1,20,0
4298.697475320739,1146.84698284624,3.7482746518216836,3675.6510725386092,1.1695064059363554,1,1328.3332419867743,1,3,0,0,0,6,1,19,0
80.03789729169898,288.55514949506687,0.27737469745992976,1064.1462784840346,0.07521324737959866,3,1173.8300005637125,1,2,0,0,0,5,1,9,0
1357.8482452157393,1551.911292077855,0.8749522296456232,4188.3304516617745,0.324197973604732,1,2426.233665859913,2,0,1,0,0,5,0,8,0
831.4534206852102,1134.1527091672274,0.7331053516556163,2296.427189722992,0.36206391581067493,1,1591.211519428555,0,2,0,0,0,2,1,5,0
1699.9487253667235,868.0812788552804,1.9582829013527492,1620.713433839697,1.0488891434306846,4,3402.849562158382,0,0,1,1,0,2,0,14,0
105.82682434423305,464.15779019371934,0.22799751847333105,1949.4309432448597,0.05428600828921006,3,2259.59064525393,0,2,0,0,0,4,1,19,0
580.1682714086348,2270.617064692388,0.25551127947998276,9384.809249228381,0.061819932190559576,0,1526.3833769365062,3,1,0,0,0,3,1,4,0
14897.679785458475,2235.464949027065,6.664242171161015,14025.704256703466,1.0621698214075956,3,9096.15418217522,1,1,0,0,0,2,1,5,0
1303.4637745611449,1291.6636868172777,1.009135572877289,3171.9189223852545,0.410938553744921,4,8457.548546756907,1,2,0,0,0,2,1,4,0
1003.5954102450156,675.5568267780692,1.4855825157321845,1538.713492356137,0.6522302008987209,3,2612.776688402077,0,2,0,0,0,1,1,7,1
437.41690707876563,904.4793178301794,0.48361183993473345,2295.907960348283,0.1905202275671411,8,9306.157351353062,1,5,0,1,0,5,1,6,0
8277.465667851533,2369.2617455919976,3.4936898311263946,5197.266640361328,1.5926574949166088,2,5570.31712153836,0,1,0,0,0,6,1,15,0
2993.0402474899665,1117.7685921412888,2.6776922061803994,1802.199545450784,1.6607707259971136,0,2000.8825511988439,1,1,0,0,0,8,1,1,0
238.12367504468267,554.9394937267036,0.4290984471938732,2151.9133522587886,0.11065672081765399,2,1724.0469248250186,3,1,0,0,0,4,1,4,0
422.39664135811387,701.7601076305222,0.6019103063357748,1373.5842613502848,0.30751418259763846,9,4597.375864059397,1,2,0,0,0,7,1,2,0
96.75739140024854,278.6137723812393,0.34728143757319796,1208.885633130161,0.08003849888571771,4,814.301363066379,1,1,0,0,0,4,1,8,0
945.3051793051901,1598.6655767162138,0.5913088972910283,6354.925468579246,0.14875157607733983,6,15849.204799702184,0,1,0,0,0,2,1,3,0
1620.6332476617356,828.5717725616792,1.9559358661848394,3682.1594013900944,0.4401312031874317,2,1724.3617118279255,0,1,0,0,0,5,1,12,0
325.67996485514135,2491.039727420289,0.13074057441565343,7005.821120194571,0.04648705116326126,0,1744.362886469175,1,2,0,0,0,2,1,23,0
406.1708714732235,873.8443447718205,0.46480917786254417,2260.3571388603127,0.17969322833559725,2,2378.595535143912,2,3,0,0,0,2,1,23,0
2402.72706527694,1076.4973036440042,2.2319861435263917,4787.43883019706,0.5018815175499671,0,981.4244269698896,1,2,0,0,0,5,1,6,0
2840.110514966808,3122.4600057768275,0.9095746653959864,5634.607227199905,0.5040476470581232,4,7595.74508128509,0,2,0,0,0,6,1,9,0
11846.87396778692,1780.129164227349,6.6550642536823785,12143.407302668003,0.9755807140870641,6,14871.940794445924,0,0,1,0,0,2,0,23,1
1254.2992449591563,493.9159702218378,2.539499268257715,2013.8516050991288,0.6228359834375261,2,747.9847720863675,1,3,0,0,0,2,1,16,1
2352.7512219777727,3124.500837733248,0.7530006692795892,13254.865462935235,0.1775009507683653,3,12211.570290514243,0,1,0,0,0,3,1,9,0
653.5969904027857,2423.236875002886,0.26972063571045124,12094.592328741997,0.05404043167701947,3,8307.56856955194,1,4,0,0,0,3,1,21,0
1675.0616149624086,1323.0965710006603,1.266016140980213,6113.235474361954,0.27400574082045104,4,5505.284168432029,2,4,0,1,0,6,1,20,0
1267.5256998424918,321.966051146399,3.936830281730988,1110.0312474163002,1.1418828999568926,4,2231.4332294164383,2,1,0,1,0,2,1,8,0
1520.6843123333203,2579.871566045522,0.5894418669314827,4833.639788106905,0.31460439316867184,7,23867.15350579619,0,1,0,0,0,4,1,7,1
224.07440227543142,233.77747159982317,0.9584944209637046,928.2254902197872,0.24140082839394406,7,1879.3756687958892,0,3,0,1,0,6,1,22,0
958.5673206783571,1299.8117951073677,0.7374662426410563,5596.873264363371,0.17126836278065902,6,11531.485013789083,0,4,0,0,0,5,1,11,0
1783.5482306144065,2704.4064986996477,0.6594970953782225,9909.975542391756,0.1799750385846008,4,8008.492530451353,0,2,0,0,0,11,1,15,1
1251.9031196677713,832.681040377985,1.5034605796950604,2578.594719843806,0.4854982095610601,3,2037.3758784104255,1,1,0,0,0,4,1,20,1
276.2754578655323,558.5004123751766,0.4946736864357807,1686.9016281428203,0.16377686360389335,4,2981.749723431412,0,4,0,0,0,5,1,4,0
1930.9027600812835,1616.5429155714787,1.194464274026819,6224.067515592407,0.3102316540178951,2,3324.9778022736136,1,4,0,0,0,3,1,4,0
299.61197934045634,1069.8952652454616,0.2800386066497057,2195.1756064453157,0.136486565567127,4,3904.716724305546,1,0,1,0,0,5,0,17,0
1024.9010253120844,822.1082807265514,1.246674007961958,2906.210510902744,0.352658908040947,3,4198.087583209979,1,3,0,0,0,3,1,14,0
694.0664879662302,996.2298729908913,0.696693109475323,2994.528510189558,0.23177822004516324,4,5503.044276780644,1,3,0,1,0,6,1,12,0
841.0844526916427,1088.3909066835813,0.7727779123536578,2905.9615587708527,0.28943412900733617,4,3934.4143028794083,0,2,0,0,0,3,1,1,0
875.612666148068,1184.9475091320558,0.7389463747549732,4022.4315069750346,0.2176824302986205,3,4605.918392794726,1,4,0,0,0,3,1,9,0
2840.7423112134065,2521.6501653937185,1.1265410048542028,10368.673663865697,0.27397354794888085,5,20467.790329046387,2,5,0,0,0,5,1,18,0
395.0439496880098,760.155124702886,0.5196885962485834,2009.1997464831472,0.1966175589955577,5,3279.1364626609816,1,2,0,0,0,5,1,23,0
1144.9822077811066,821.8333003340746,1.3932049325765605,2955.0996244880366,0.3874597655838665,5,3057.922240745995,1,2,0,0,0,2,1,19,0
101.79968522155163,1133.8057340527348,0.0897858267638791,4755.111665154864,0.021408474162138574,5,9724.591861905681,2,1,0,0,0,2,1,2,0
1260.6302882488405,892.0780338190933,1.413139030956665,1889.4448298013288,0.6671961352697412,3,4288.147866459642,1,1,0,0,0,1,1,8,0
972.1491508984609,1135.7566959295486,0.8559484213322777,4223.400020319336,0.23018164185758458,1,1980.634399174523,2,1,0,0,0,6,1,20,0
1274.0804971138432,1153.9774189045618,1.1040774942747942,5446.014294805238,0.2339473288436176,0,841.1030510764858,4,1,0,0,1,2,1,0,0
4404.081352573554,1792.0026982725458,2.457630982821063,4955.903462377166,0.8886535797170425,4,5458.810089761526,3,3,0,0,0,2,1,19,0
419.652397349919,685.0255424720525,0.6126083938936333,2784.87251520866,0.1506899849304147,0,435.11188607312766,0,3,0,0,0,1,1,21,0
2254.1913736127894,1301.5088112570932,1.731983182991689,5551.849889906445,0.40602527415430084,1,2119.6411508583274,0,3,0,0,0,3,1,6,0
567.1536402493077,908.1239267639927,0.6245333082130123,2862.200062801589,0.19815303885297395,1,756.6762478299012,3,3,0,0,0,5,1,17,0
1083.035635920945,1166.018475321675,0.9288323117025765,4402.527982640122,0.24600312370336525,3,4259.916988571927,2,3,0,0,0,2,1,13,0
608.3152226810582,1088.1402769961264,0.5590411783675053,4680.216456716751,0.12997587361756371,1,1700.346490196649,0,1,0,1,0,5,1,16,0
71.59900499088684,526.2517665444074,0.13605465965660565,1896.8905087967519,0.03774546008789089,2,1419.0252414918532,0,5,0,1,0,2,1,4,0
766.6318271328028,983.484482732292,0.7795057681062393,4781.5192510666575,0.16033226823499314,7,12213.33271458421,1,2,0,1,0,4,1,3,0
11044.180581160239,2193.220484509634,5.035599776294049,7031.994710222953,1.57056155988065,6,11122.122781504811,1,2,0,1,0,3,1,18,0
2668.7661113502627,1497.0393212347847,1.782696067828744,6190.091638517638,0.43113515391984747,2,5283.225137873507,0,2,0,0,0,5,1,15,0
956.1762448225624,568.458508661816,1.6820510736543572,1145.0547106329893,0.8350485229600825,1,818.2326113972567,1,0,1,0,0,1,0,8,1
3090.242890367208,2891.969809072353,1.068559872469227,12612.681120679994,0.24501078405132962,6,22173.911975207142,2,1,0,0,0,3,1,22,1
254.9014413197081,751.5316581964506,0.3391759196564369,2893.7795801990364,0.08808599074507803,0,607.7193260937576,0,1,0,0,0,6,1,6,0
3574.894112894943,470.19547441638395,7.602995578237271,3699.54137707982,0.9663073739471822,1,615.772112198656,1,0,1,0,0,6,0,2,1
1612.3534227193775,1238.0594427705582,1.3023231090675385,1978.4092087195227,0.8149746855267289,2,4322.205064506949,0,2,0,0,0,6,1,11,0
2017.5458162640691,2470.8477653593754,0.816539911745888,5078.384447004009,0.3972810324461196,3,9003.097314296976,1,4,0,0,0,4,1,13,0
433.04392120029956,840.0513338755206,0.5154969746937731,1556.8204408017305,0.2781591954029656,4,4437.799778028259,2,2,0,0,0,5,1,1,0
470.9692524251892,684.6506496581653,0.6878971818113899,1040.2069676997357,0.4527649468323292,6,4349.586621606694,1,1,0,0,0,6,1,1,0
1909.058073101666,890.1412462146548,2.1446687042309045,2124.012463291751,0.8987979619211118,1,858.4512902248762,1,3,0,0,0,3,1,2,0
136.8760894789344,845.5735368007531,0.1618736674243712,3068.7601808951295,0.044603058372260584,2,2226.40973974997,1,3,0,0,0,1,1,3,0
2352.237424923636,1812.784276554078,1.2975826497099834,7601.784876271258,0.3094322535048412,1,2260.761264106339,0,0,1,0,0,4,0,12,0
1330.8537395948924,1786.440667654334,0.744975057773598,7352.454801878807,0.1810080817164375,4,6763.956182552911,0,1,0,0,0,1,1,7,0
2089.4327474616603,837.7315096152576,2.494155613677785,1984.2552260713214,1.053006044791215,5,6767.065199410843,1,2,0,0,0,4,1,17,0
8099.191454996543,2950.0716782134496,2.7454219213756113,7944.180399691979,1.019512529613574,4,13213.515652098655,1,0,1,0,0,3,0,3,0
4337.607213683814,1914.7239634209225,2.2653955852383394,9329.835509381204,0.46491786584257827,2,5613.349282231869,0,1,0,0,0,3,1,21,0
1232.3969813810647,994.0369947215437,1.2397898548295903,3352.2840421568985,0.3676290451175868,3,2008.544932242889,4,1,0,0,1,3,1,3,1
516.5847169923103,1198.339766754236,0.43108368037514616,2712.7314773605876,0.19042972786047105,1,1503.5448963017566,3,3,0,0,0,3,1,12,0
451.6733833753544,1287.7779555989189,0.35073855815872423,1945.2244819533062,0.2321960203388991,2,4415.498989030874,0,1,0,0,0,3,1,17,0
976.0103761320959,912.0024729177076,1.0701839140957723,2968.1005085534453,0.3288333307175542,4,5391.39109832618,5,2,0,0,1,1,1,11,0
4254.299608401079,2196.6229248345385,1.936745519817215,4498.807459409104,0.9456505188954809,4,9658.742877745004,1,4,0,0,0,7,1,10,0
7174.885442685357,3646.883587895147,1.967401829468993,17994.547692602613,0.39872552315582144,2,9719.353262024113,0,2,0,0,0,1,1,20,0
2153.512509277276,779.9684880700827,2.7610250185950793,2158.3875693702485,0.9977413416560794,1,999.9366939596482,0,1,0,0,0,2,1,19,0
2873.681613089043,1976.8168760049077,1.453691360070071,5127.097847254101,0.5604889352029997,0,2713.5442468876076,1,3,0,0,0,3,1,12,0
782.2719948952723,479.9806523704753,1.6297990159225668,822.2445409719613,0.9513860608555235,1,717.0983036592021,3,0,1,0,0,5,0,8,0
1058.5758284617884,2356.0149621753912,0.44930776988121,3796.4059833548463,0.27883630810378596,3,12534.122906516799,1,1,0,0,0,1,1,12,1
2070.6002204065544,4179.523510599775,0.49541537812989034,17414.162192539952,0.11890323505161668,8,29706.985690230387,0,2,0,1,0,2,1,9,0
1163.4604029218044,1808.8277653240937,0.6432123750120252,6109.421085038088,0.19043709489449132,4,7528.999452943669,2,3,0,0,0,3,1,9,1
2105.217841816722,1946.0693866306317,1.0817794351421535,3861.7435529042373,0.545146981661557,2,6693.295029534941,0,2,0,0,0,5,1,6,0
383.25566229986725,1148.871578248409,0.3335931269917792,2961.1071916215446,0.12942985089641115,5,6867.298375609719,2,5,0,1,0,5,1,22,0
6358.888274090942,1222.7960964854744,5.200285061726544,4490.628714974217,1.4160351874308656,2,2194.162525634411,2,0,1,0,0,1,0,16,1
789.3489066229024,527.5987514061245,1.496115948946386,814.632861412306,0.9689627610337624,4,1295.4358297670385,1,2,0,0,0,6,1,4,0
523.6747611032634,819.9272371984024,0.6386844311851381,3852.051803135626,0.13594696745173174,1,1210.6178807947892,2,2,0,0,0,5,1,4,0
1058.7118335797782,650.7872940993223,1.6268170002381745,3065.200543063689,0.34539724846896586,2,1637.8564576155775,2,1,0,0,0,2,1,18,0
301.81901466719836,926.2458198764095,0.32585195872459705,4484.892472226771,0.06729682295311391,3,3336.6033363342794,1,2,0,0,0,7,1,9,0
253.51137893770337,277.4411458851259,0.913748312741865,622.1441670630629,0.4074801185301581,4,1479.330273692194,3,6,0,0,0,6,1,6,0
2995.7026096011805,960.9664953680218,3.117385074340094,3486.05048324575,0.8593399963651639,3,3453.858414647596,0,2,0,0,0,6,1,15,0
978.0788185909913,892.9866682274385,1.095289384927167,2843.687088371496,0.34394741340936746,3,4719.277342301918,1,0,1,0,0,4,0,22,0
1105.561736114991,526.7049409233388,2.099015312400314,1819.802997487065,0.6075172629354069,3,1546.686795581416,5,2,0,0,1,6,1,3,0
707.4698204064371,1516.0020749771668,0.46666810823269655,5194.826901673301,0.13618737135948739,6,6594.469201492464,0,3,0,0,0,3,1,23,0
467.2147640900852,709.3730724420234,0.6586305320015801,3255.6005939848856,0.14351108208830063,3,2957.791163932472,1,2,0,0,0,4,1,1,0
688.2414963987025,888.4801012949086,0.7746279240194913,3352.6167080637415,0.20528487337766296,3,2701.390087855309,0,1,0,0,0,6,1,13,0
372.37749400320075,1353.8914298966617,0.27504235995616216,6691.611108444038,0.05564840633570344,0,1644.926769838211,1,2,0,0,0,1,1,7,0
677.6499668437841,943.6972048060719,0.7180798707388775,3784.1430971097984,0.17907620020007975,2,1746.1679651500983,3,2,0,0,0,4,1,0,0
4743.0219989573725,930.1902831569045,5.098980375133976,2575.7613577954216,1.8414058369976076,0,1031.8088965614747,4,1,0,0,1,4,1,1,0
610.080839191831,915.0781958210897,0.6666980395532341,3140.283521485311,0.19427571906095636,3,4875.577396073176,2,1,0,1,0,3,1,17,0
1259.1689788404008,575.9457500755974,2.1862631657150433,1826.897636261947,0.6892389337241754,2,1173.0947224723277,0,1,0,0,0,4,1,22,0
2287.5489157290813,1659.3972173068312,1.3785420946057314,2635.225190121821,0.8680658200688088,7,9940.48279529984,0,0,1,1,0,1,0,23,0
1368.7325451123097,929.5156405387258,1.472522338966802,3258.992895981046,0.4199863543121605,4,5391.776780293209,2,2,0,0,0,2,1,19,0
703.0361763353192,969.9763160308332,0.7247972602178169,2349.4463108008904,0.29923483380033694,3,2811.4414426298504,2,4,0,1,0,5,1,13,0
658.7817241354289,1570.136195937707,0.41956979645450143,3700.5245380748925,0.17802387671185232,3,5156.276914028096,1,3,0,0,0,1,1,4,0
341.25911647345964,835.8222792258224,0.40829148128182197,3239.5208545577484,0.1053424663074279,3,2214.4852629976654,3,1,0,0,0,3,1,23,0
397.9662522919433,512.9787632918341,0.7757947906813054,1699.9563185223046,0.23410381076019496,1,619.3579922839822,2,0,1,0,0,1,0,2,0
3310.092551808996,1650.161744248331,2.005920064106676,3291.7217164239264,1.005580919946364,5,7483.437680689794,1,3,0,0,0,3,1,22,1
357.26915559493136,310.0854594184559,1.1521635237749144,481.78576656626336,0.7415519103879413,6,2156.3089579283305,0,3,0,0,0,4,1,17,0
246.7037094990905,399.4360561798872,0.6176300453657262,1204.8229601637743,0.20476345293548814,3,1904.4292096887757,2,1,0,0,0,4,1,18,0
2245.212270964868,830.8094276202024,2.7024395683570024,2832.101224351327,0.7927726070169396,3,4134.172250816134,2,0,1,0,0,4,0,23,0
2410.76597636396,1836.459823337386,1.3127245942047843,7237.075022568161,0.3331133045942187,7,8238.255668704332,0,0,1,0,0,1,0,8,0
2574.1904518401766,1100.9997429018001,2.3380481861472813,4536.136605208319,0.5674852139339306,2,2626.0688149143575,1,2,0,0,0,3,1,18,0
733.9970732572314,492.9726218914789,1.488920562040483,2351.677799827603,0.312116342345469,1,768.7103849416472,1,1,0,0,0,3,1,13,0
3668.5315552276484,1510.562580263562,2.4285862784894126,3234.005263969937,1.1343616524372333,3,2949.984203445783,1,0,1,0,0,4,0,11,0
477.19258597120756,1054.7637073849548,0.4524165769357929,2237.930632385166,0.21322939105696054,4,3952.536899811955,3,2,0,1,0,3,1,9,1
942.5426653242685,551.8425719791842,1.707991940425759,2744.6196994375223,0.3434146688947221,4,2155.5204231803796,3,0,1,0,0,3,0,14,0
3220.352124871363,1311.5837089936163,2.455315739886974,6507.526861559694,0.4948657444495778,3,4029.7879469191685,0,2,0,0,0,3,1,7,0
236.10609213621942,891.1828251830387,0.26493563998804165,3449.610129320328,0.06844428305952914,4,4323.582737023361,1,0,1,0,0,5,0,23,0
664.8913729232964,951.6912736815821,0.6986418719078815,2473.047284934925,0.26885509912148414,3,1827.174371049938,0,2,0,1,0,4,1,1,0
1042.5213408599707,590.9291218849906,1.7642070804269332,2772.1723647373574,0.37606656574499897,2,710.8726660219322,1,2,0,0,0,3,1,4,0
1558.2030124824594,2634.6881151144953,0.5914183935257721,10109.378684986666,0.1541343994558766,7,31180.564018135203,0,2,0,0,0,2,1,0,0
821.652730823395,775.0308795754077,1.060154830570788,2806.6059326474656,0.2927567141740956,2,1088.5956079100606,1,1,0,0,0,3,1,9,0
737.3506745062562,1746.7348897378995,0.4221308447195996,2805.246931457035,0.26284697658443884,4,6145.006323865097,1,3,0,1,0,3,1,6,0
5716.8383137749925,1189.3291127889668,4.8067757295279305,5879.51423940108,0.97233174051422,4,7572.760175129102,2,3,0,0,0,5,1,17,0
1073.340170182379,1080.375017176549,0.9934885138194377,5285.186276553646,0.20308464338219706,4,7626.5965944625195,1,0,1,0,0,7,0,15,0
2723.8685514894673,1916.4701549310544,1.4212945317624628,3621.3244022690023,0.7521746877420816,0,1885.9090174023866,1,5,0,0,0,3,1,22,0
827.0755446534888,1751.8100650142487,0.47212626595267426,6099.0059867873715,0.13560825263087628,5,12331.96477983929,1,6,0,1,0,4,1,18,0
1497.892595353248,4954.790077925561,0.30231201964067383,14092.258817219374,0.10629187377136222,2,9091.109361086259,0,0,1,0,0,3,0,8,0
453.7965011644163,1664.6648795843787,0.27260531938279187,6839.625133234863,0.06634815393015393,0,2300.934006355948,1,2,0,0,0,3,1,22,0
429.05022618857953,1266.4302920087007,0.33878708437087185,5431.771043072914,0.07898901164763622,3,3949.471733933162,0,1,0,1,0,5,1,20,0
2762.202706570334,1916.9625159729487,1.4409268222797702,3158.088312971785,0.8746439088560765,5,9376.488750341217,0,1,0,1,0,5,1,21,0
3049.0808684447315,1915.374889860496,1.5918976930238484,6765.6044811756,0.45067382773089915,3,3559.148536713418,0,2,0,0,0,4,1,21,0
1852.4966044785517,711.1399233755875,2.604967803924233,1884.537346807946,0.9829980857722638,4,1878.3271135693772,0,1,0,1,0,6,1,9,0
1164.1483184649624,1819.3075739000026,0.6398853801116255,8186.322432566246,0.14220650701880863,1,2478.614101099713,3,5,0,0,0,3,1,7,0
3123.4317801714546,1165.8851836486156,2.6790217630150632,4077.9279826927896,0.7659359835258666,3,5863.294153249543,2,4,0,0,0,5,1,22,0
297.06370331918737,487.60081489469405,0.6092354529459585,761.2288658413307,0.39024229985139164,3,1181.5341901198792,2,3,0,0,0,3,1,19,0
267.3434118204923,717.5331278835105,0.3725868554795072,2999.601396216608,0.08912631263530284,2,1154.8211099401444,1,1,0,0,0,4,1,16,0
737.3158778314436,527.8719348637737,1.3967703701120622,2189.0424140959,0.33682119317727505,3,2478.030972228796,1,1,0,0,0,2,1,22,1
1970.4984809748362,3257.87267679339,0.60484207839403,14887.699618047514,0.13235748514069376,6,19059.46136129393,2,1,0,0,0,6,1,16,0
1027.3535795032717,517.2474195577603,1.9861937259767202,2163.0516230691237,0.4749556453236997,5,3363.6175590685166,1,2,0,0,0,3,1,23,0
876.9806731289939,1020.1834595157927,0.8596303585878888,3415.6976223194533,0.25675009034712915,3,3114.3841692966416,1,4,0,0,0,6,1,11,0
775.6184374259083,595.2751385897232,1.3029578881178199,2276.619870807428,0.34068860039898835,4,2640.3622979403613,1,2,0,0,0,6,1,16,0
1136.108537991764,800.7948577129333,1.4187260657947844,1700.5172369815518,0.6680958671188637,7,4099.201674906427,2,3,0,1,0,3,1,8,0
680.7428573317226,586.8418395956567,1.1600107753066229,2521.4288455664273,0.2699829735543447,7,4815.876307038221,0,0,1,0,0,4,0,0,0
1988.112223904599,1057.1173579911674,1.8806920621212715,1963.5206359073995,1.0125242320083052,6,7050.582405428233,0,1,0,0,0,5,1,7,0
1926.2106146255721,1496.329737630138,1.2872902049492596,6166.749446818291,0.31235428506332336,3,7707.960490507307,0,2,0,0,0,2,1,21,0
1608.9430961595874,1463.9454530084695,1.0990457963123843,6269.838607754335,0.2566163496090152,2,5170.888259687074,2,3,0,0,0,4,1,16,0
425.3058957252005,1738.157552377118,0.24468777018720128,6447.565384708187,0.06596379723948308,1,2220.2927063123466,1,2,0,0,0,3,1,20,0
1744.099717084599,2326.741272224501,0.7495890230275314,6143.251492312065,0.2839049840735386,2,7272.7210454148035,3,4,0,0,0,4,1,18,0
1204.1026297237206,849.1811752697425,1.4179572802485139,4114.610861027255,0.2926407065923857,6,7078.051180690912,3,1,0,0,0,4,1,19,0
1650.7859646314294,1158.850738723063,1.4245026641225855,1967.1666074705981,0.8391693709939627,2,3544.972839671062,1,2,0,0,0,3,1,6,0
338.85862601551014,509.8268371676482,0.6646543518541415,1298.486881936728,0.2609642274630402,4,1938.3910404964513,1,1,0,0,0,2,1,21,0
451.667283816553,924.8194519456674,0.488384281782049,2499.842432611894,0.18067830112981978,1,1224.6590035155666,1,3,0,0,0,1,1,9,0
6916.639605511805,2635.1452783047016,2.6247659521685143,10992.971209958208,0.6291874574588374,2,5771.594250061137,1,2,0,0,0,10,1,4,0
2288.4899916386494,1504.429323644496,1.5211681636826635,2997.9705108347325,0.7633463982944446,5,8210.332214118447,2,2,0,0,0,5,1,4,0
1321.901378636885,1199.6996670146175,1.1018602530134558,1907.0069300616353,0.6931812138690868,2,3987.2149048204824,1,1,0,0,0,6,1,5,0
1273.0304720998363,594.6025897143375,2.1409770056861563,2625.153383925149,0.4849356536250814,1,628.1253594110246,0,1,0,0,0,5,1,23,0
242.41819262050404,912.107750786597,0.2657780206466219,3494.053156403608,0.06938022456132938,3,4710.221244285354,1,1,0,0,0,1,1,4,0
1165.2799872085668,1259.684540111796,0.9250569885577458,2644.909099480842,0.4405746826752173,4,7238.37534352012,2,0,1,0,0,6,0,13,0
1950.9027866252086,3036.4392537689814,0.6424968930972849,10748.626317218419,0.1815025221874187,6,28392.144586750586,1,1,0,0,0,8,1,23,0
1847.8019324283814,851.8626267859225,2.1691313532560264,2837.743646327681,0.651151817331921,3,1605.5236991225731,1,1,0,0,0,1,1,23,0
1319.147239158253,1455.4935357582094,0.9063229803154503,7220.667458779756,0.18269048487398143,2,4549.046070879133,1,1,0,0,0,7,1,3,0
1570.7443954922142,779.7699688215952,2.0143689271157186,3062.6363794947065,0.5128732898259916,0,854.3237010810768,1,1,0,1,0,3,1,19,0
1407.2519945396587,920.5622522729977,1.52868748535469,2729.327303211417,0.5156039705768668,2,1116.499960114168,0,1,0,0,0,6,1,19,0
5480.656994077426,1006.9056725579559,5.4430689422518554,3352.8930405923074,1.6346053774233242,0,1039.4132461919355,0,3,0,0,0,5,1,21,1
781.6466069068974,1122.6184449470663,0.6962709462196246,5516.547785942627,0.1416912600483049,1,1642.7251633144642,1,6,0,1,0,1,1,15,0
391.8420571838771,983.0343118370708,0.39860465953788743,1516.1578364646862,0.2584441063850965,2,1606.699385697255,2,2,0,0,0,4,1,15,0
1017.8829993572263,1615.2446864717451,0.6301726344512149,7990.871523244432,0.12738072391682606,1,1114.2667806235218,1,3,0,0,0,5,1,12,0
1484.569224963566,1004.7915359540981,1.4774897795629776,2795.5084521959216,0.5310551730928985,2,3019.7089102096775,3,4,0,0,0,1,1,6,0
188.64998065822246,252.95200110544866,0.745793588640477,628.3478369635321,0.30023176584782496,1,186.08455456158694,0,0,1,0,0,3,0,0,0
1891.1650206051524,1188.5315474820572,1.5911778064382447,2032.4968922245669,0.9304639174799787,2,2066.092301604623,2,1,0,0,0,2,1,7,0
658.3599559897366,1036.8565470358221,0.6349576109365022,3974.7632592723185,0.1656350109541533,2,2590.5546142754774,0,2,0,0,0,3,1,6,1
1659.6232351279114,1321.1826878855416,1.256164836510248,2789.787330697811,0.5948923836831638,5,5227.676893374512,1,2,0,0,0,4,1,14,0
1339.1812301717987,1391.3324936063432,0.9625170376784862,4943.725564230066,0.27088502643863127,1,2169.1095056550053,1,4,0,0,0,7,1,10,0
2769.3719872518614,1393.384693718814,1.987514287860207,5192.1666053115805,0.5333750239098254,3,3247.951199465616,0,1,0,0,0,2,1,13,0
1244.6195188842655,967.5121475700818,1.2864122915770537,4021.8324807081167,0.30946577831235966,4,5404.193914688176,1,3,0,1,0,5,1,23,0
3608.6069392745903,1932.0844759342979,1.8677273091434456,5585.746535987912,0.6460384330053317,0,2636.705481712344,0,2,0,0,0,4,1,12,0
1221.3789378549766,1811.8986738164597,0.6740878811298798,4138.627974917566,0.29511687091887123,3,8615.877274618118,1,2,0,0,0,8,1,19,0
1552.7411143410993,643.5973856147052,2.412596988500914,1075.965203687416,1.4431146184093457,4,1787.4789499863703,1,0,1,0,0,5,0,22,0
199.55638789714558,806.935984733016,0.24730138656930897,3074.95743337883,0.06489728466838277,6,8359.278375719754,3,3,0,0,0,6,1,14,0
489.55743910694025,836.9931217963388,0.5849001937510088,1274.0100918135336,0.3842649616770797,2,1678.7947379183222,0,1,0,0,0,5,1,7,0
1595.8858888843197,2160.6229264253666,0.7386230467917075,6307.457400536309,0.25301572211151596,4,14858.52590976413,2,2,0,0,0,4,1,23,1
4690.766077512322,3291.8520704036637,1.4249625977078357,13326.665998419177,0.35198346518692264,2,11130.98156040518,1,3,0,0,0,6,1,20,0
739.1529740685199,637.0913188810568,1.1601994128043012,2267.433298283608,0.3259866451763061,2,1841.1625207698435,0,3,0,0,0,4,1,14,0
774.8499751058238,1389.7819443974533,0.5575334880622325,6751.641367764773,0.11476468208238805,3,5809.677884999528,1,3,0,0,0,8,1,9,0
199.18817363917415,850.7367262402287,0.23413609345334405,3045.522648694275,0.06540360936884619,4,5555.448158655656,0,0,1,0,0,4,0,19,0
13953.184065426518,1221.2624447542976,11.425213413676795,6572.430883394066,2.1229868085308734,1,1825.5433522734593,4,3,0,0,1,9,1,4,1
3411.27419825929,1979.1573747893765,1.7235992658857262,6423.805256860306,0.531036365807668,4,7954.181683332496,3,0,1,0,0,2,0,2,0
3559.6620036124955,1398.7287302322945,2.5449266370765993,3819.643094996329,0.9319357633899343,2,3538.6048138845545,0,3,0,1,0,5,1,18,0
691.6379284781992,199.09150207289602,3.4739701156353755,768.2404652792757,0.9002883338444957,2,653.8305825661678,0,0,1,0,0,2,0,4,0
772.9708596051946,1107.8833308353185,0.6977005954430169,3188.6634373579222,0.24241218140151738,4,4475.861809601792,1,7,0,0,0,2,1,0,0
723.3092474506052,1510.6520202071822,0.4788059975264225,7450.98488685898,0.09707565622986007,2,2084.7823060060796,1,2,0,0,0,3,1,22,0
1588.4743617903948,2596.9527700488425,0.6116685602104807,6370.894438768829,0.2493330217691327,3,6341.650336537658,1,1,0,0,0,3,1,2,0
602.3169415582616,960.4632686975572,0.6271108549263291,3069.3530347134774,0.1962357978200079,1,1686.9171675131386,1,0,1,0,0,1,0,22,0
681.4788482108552,794.1805719203717,0.8580905556062677,1300.3758367604391,0.5240629892882269,3,3652.9798297945367,0,5,0,0,0,2,1,3,1
378.96535757857816,917.5254418687175,0.41302980853233034,2760.6135255518093,0.1372757736897736,3,1767.7785645936883,0,4,0,0,0,8,1,20,0
1180.7009747501884,599.5580656043352,1.9692854495420387,1467.0112781748974,0.8048342860861257,4,2026.195955713039,1,3,0,0,0,5,1,12,0
1554.2248715689725,1193.5753138634668,1.3021590288576967,4058.7184855866403,0.3829348788511326,5,10192.012922429936,1,2,0,0,0,6,1,19,0
3024.5995187529356,1374.2116123169933,2.200970717787271,6667.944753036069,0.4536029662476981,5,10040.820074686604,3,4,0,0,0,3,1,12,0
631.2127050155713,533.6584009567835,1.1828029014138726,992.6203899498097,0.6359054391855556,1,431.15427491168197,2,2,0,0,0,5,1,10,0
336.5442658153942,1290.4563031331138,0.26079477855878924,2556.120813340674,0.13166211239270573,1,2051.66572303624,0,0,1,0,0,6,0,4,0
711.75965611518,954.7067208725643,0.745527019506744,2914.8834038054447,0.24418117554409277,3,5123.627077635263,2,1,0,0,0,3,1,22,0
516.5690737763509,738.3737703333499,0.6996037705173873,3475.5980282265296,0.1486273929209061,2,1906.6567265050114,1,2,0,0,0,3,1,23,0
2147.01096686273,1082.2609838472172,1.9838199832636891,3181.791348778503,0.6747805658868777,5,7704.384087253188,1,1,0,0,0,1,1,20,0
8159.234174049087,3378.0589925944355,2.4153616594429534,15898.559478777317,0.5132058778621229,1,5614.143736999296,2,2,0,0,0,5,1,6,1
1278.3732863428336,1393.5539179074472,0.9173475600157845,2286.398930799753,0.5591208380663802,2,3368.354328533621,2,2,0,0,0,8,1,0,0
491.0533411754767,396.03502746928524,1.2399240145836865,1847.8142072495184,0.26574822254798675,2,1124.496139447733,1,1,0,0,0,5,1,17,0
1084.4330462427924,2530.8992922454136,0.42847735963475797,8004.7300024302285,0.13547403171794173,2,4627.090417385086,1,1,0,0,0,2,1,15,0
7624.506318773256,2179.7386135298834,3.4978993680467396,6193.488627578814,1.2310519607353927,2,5295.982277372145,1,3,0,0,0,5,1,15,0
2247.3413091288367,631.9871478497884,3.555992106445475,2375.4699905741145,0.9460617553773807,3,1233.654578965006,2,4,0,0,0,5,1,19,0
256.8779222822297,813.8347938640552,0.315638903889306,2732.955456109462,0.09399272194795007,5,6363.830073484995,3,2,0,0,0,4,1,17,0
9367.04339697233,1730.2456403470824,5.413707267075286,6198.181847719976,1.5112566276863968,4,6051.062857725124,1,1,0,0,0,5,1,6,1
602.0693243314528,2065.923645229052,0.2914286429325903,6686.462148898057,0.09004303186411891,7,24402.265296920286,1,2,0,0,0,5,1,20,0
1227.2055069428463,1815.8038600000411,0.6758469535045589,6772.402080814706,0.18120682917208247,2,4771.582821190234,1,1,0,0,0,4,1,1,0
2827.5215639166126,1993.3997014447923,1.418441851810883,6362.977100655057,0.444370853326743,3,7627.1924660718705,0,1,0,0,0,1,1,9,0
363.7575542379758,1308.874917158678,0.27791620839340797,4851.168028144284,0.07498349925783211,3,2934.81271447027,0,0,1,1,0,2,0,3,0
1935.334575375486,1337.2120854922437,1.4472906701729864,6227.892154127804,0.31075274386258595,1,924.0848878374576,0,1,0,0,0,2,1,21,0
1515.3064266601837,1367.2388241294052,1.108296809538788,6256.355737655291,0.2422027279459142,3,3188.4958528891048,2,4,0,0,0,6,1,22,0
838.958971044024,2193.788511350364,0.38242472631402896,6557.598848603087,0.12793691569327098,1,3103.7574548492607,1,1,0,0,0,4,1,5,0
1218.8764594884085,2100.7058280550737,0.5802223439427967,3733.736039473756,0.32644955256671027,2,7362.8990692395655,2,3,0,0,0,3,1,11,0
613.5871267517397,1133.9158251463905,0.5411222889252159,2828.5520756666933,0.21692622597627673,3,5619.409659058664,1,4,0,1,0,5,1,9,0
326.94650261937187,619.55145388531,0.5277148501049204,1778.003648675152,0.1838840448179003,4,2336.9225578068017,2,2,0,0,0,5,1,2,0
1569.549143958118,1212.5965138091365,1.294370490170456,3381.603297376429,0.464143486368088,1,2080.7242411485495,0,0,1,0,0,4,0,2,0
154.35184983478626,299.5366100633674,0.515302118836602,555.1671727870444,0.2780276958018082,8,3175.617080830362,1,2,0,0,0,5,1,22,0
968.6477703574053,1187.0385014613928,0.8160205159014462,4972.97420305193,0.19478238390276448,6,10497.87776861019,2,2,0,0,0,5,1,13,0
238.80014746438437,1110.274419573794,0.2150820943492994,4894.611416700395,0.048788377081293764,2,2512.7817668863827,0,1,0,0,0,2,1,19,0
520.6406183859482,425.1390482015863,1.2246360822143967,1935.2972014686854,0.269023599057983,1,314.5416589147452,1,5,0,0,0,5,1,20,0
3623.2435875744563,1559.4868008443107,2.3233563667309154,5318.313383092401,0.6812768121361956,3,5305.604698108578,4,2,0,1,1,3,1,23,0
2125.1826817322253,2595.4174290033825,0.8188211491468164,4094.3597954768925,0.5190512773400985,5,17290.182571444017,0,2,0,0,0,4,1,22,0
1253.3889567172455,1183.2772862933975,1.0592521053484192,4331.446508632322,0.2893696030227579,1,1501.1908971461587,1,2,0,0,0,3,1,10,0
1395.8914434334579,1399.914278824037,0.997126370198925,2414.2291206425252,0.5781934413341655,4,8193.193881357873,3,3,0,0,0,2,1,19,0
2941.7030732391563,2054.5175102108396,1.431821855311066,9794.335105945054,0.30034739892180884,4,7828.002106478953,0,1,0,0,0,6,1,18,0
656.0428602081105,1127.9891783996443,0.5816038600112136,1979.4427547104376,0.3314280540050675,3,3107.497651346542,0,2,0,0,0,2,1,15,0
1601.2914265645172,3635.4239576445957,0.44046896461616536,5569.541757312205,0.28750864906654033,1,3514.81288920003,2,3,0,0,0,4,1,19,0
1261.5402453640577,735.6013685372769,1.714978110865394,1768.2072791605758,0.7134572175061686,5,5424.272830952113,1,1,0,0,0,7,1,6,1
929.4748831434644,2090.0265647744263,0.44471917190381804,8387.299256985654,0.11081932987776952,3,10689.968117958537,1,0,1,1,0,4,0,20,0
1146.7596662952328,1322.5676467810938,0.8670707083197234,5662.331002891255,0.20252430769407218,3,4801.402654133792,2,2,0,0,0,5,1,6,0
236.12505029914715,608.2149002155974,0.3882263492976686,1303.1422360933145,0.18119668272515332,2,1323.9053218095196,0,2,0,0,0,5,1,13,0
6288.008959139646,1195.8579288508317,5.258157183589654,6319.957776795388,0.9949447735595567,4,7020.946316074709,0,3,0,0,0,6,1,20,1
6213.046334662018,1051.0162780739447,5.911465373350665,4338.26691926865,1.4321493928984481,4,3815.8638294115494,1,5,0,0,0,4,1,22,1
1827.5064168407118,483.1641958470289,3.7823713606032707,1250.8872875104198,1.4609680944778878,5,3403.145111002353,2,2,0,0,0,5,1,9,1
4382.428389658335,2658.236944057437,1.648622181500929,8446.480436767955,0.5188466867905599,1,2754.0944283166205,1,3,0,0,0,2,1,0,0
885.0306228210477,1063.5117391468086,0.8321775775893686,2057.65684837435,0.4301157520605369,3,2093.2143338374353,1,0,1,0,0,1,0,12,0
839.999118341169,825.1857976977371,1.0179514973291603,2891.2797807313277,0.2905284794433479,6,3789.424840212491,2,3,0,0,0,2,1,0,0
2156.522705758413,2213.4975937974223,0.9742602439692448,7455.130622849344,0.2892669243311249,0,2980.1730385121323,2,1,0,0,0,5,1,10,0
1183.8276203071864,1070.2214414015498,1.1061520303282835,5170.180179731498,0.22897221743801313,1,699.9506999338442,0,5,0,0,0,4,1,15,0
794.8440508808843,1588.9062147702068,0.5002460456710074,2454.48055960545,0.3238339158036163,0,2156.4426305109405,2,3,0,0,0,1,1,15,0
2970.452146955099,670.6995940525399,4.428886156031289,2060.217783481505,1.4418146327886823,8,9153.54979101599,1,2,0,0,0,3,1,17,0
4926.620625241887,3845.8079324589735,1.2810365758676492,14674.461414626518,0.33572752594049976,1,6297.583466214286,0,3,0,0,0,4,1,13,0
144.22613250629865,1111.4163317855237,0.1297678722019453,3158.633480529164,0.04566092691518502,4,3948.8259103038927,2,3,0,1,0,6,1,16,0
1546.9470374888083,765.5196467729643,2.0207803209361623,1643.998837929916,0.9409660163973638,3,3348.6672817502326,3,6,0,0,0,4,1,10,0
834.2149035126747,463.6190857066716,1.799354101743077,2250.7646053039252,0.37063622803861757,3,2081.227341100938,1,2,0,1,0,5,1,18,0
226.19678664344534,784.3986619227222,0.28836967427888077,3723.0849716762286,0.06075520391402878,4,2622.194347049704,1,1,0,0,0,6,1,11,0
1462.6477528938403,1484.2412592343126,0.9854514849212507,3184.391597249054,0.4593178031738932,2,5176.929293760591,0,4,0,0,0,5,1,0,0
4664.67987375829,706.5339892398121,6.60220165597016,3104.799037722198,1.5024095978786705,1,477.2800626605735,3,1,0,0,0,6,1,17,0
1636.8358895335982,1275.3293893304015,1.2834612792801725,5009.634965840491,0.3267375568668761,2,4193.396184028043,1,1,0,0,0,8,1,12,0
2681.852770808552,2423.4626347816807,1.1066202269093985,3640.697741285895,0.736631536421181,1,2251.4776248334906,2,0,1,1,0,6,0,9,0
2172.602726326371,741.1005841795184,2.9315895476343288,1948.4427221188457,1.1150457242919418,3,3667.5912194575117,1,2,0,0,0,3,1,1,0
3335.7164668531295,1413.972932927059,2.3591091379294498,4340.05161544462,0.7685891234524866,0,1377.5841752317729,0,2,0,1,0,4,1,7,0
4160.008620640587,1368.8669760906764,3.039015984242007,2294.64485312159,1.8129204678368385,3,4176.269990420702,1,2,0,0,0,3,1,9,0
271.96709868389144,877.8439955427245,0.3098125635816972,1930.9926629796869,0.14084315486948715,6,4843.120188388434,0,1,0,0,0,9,1,3,0
347.02321885360715,389.6169279848779,0.890677981186372,1488.703159504202,0.2331043745276794,3,1086.5738729679072,2,1,0,1,0,1,1,6,0
1241.0278475843597,1039.5875088355037,1.1937694874522875,2943.1719199462923,0.4216633894791325,4,3512.0882838108746,1,3,0,0,0,4,1,0,0
1611.2263895482254,2277.206547959866,0.7075451240871024,5181.627184909912,0.3109498873713814,2,8047.86429934839,0,3,0,0,0,4,1,4,0
542.8862917523381,742.2931117554573,0.7313637741679433,1286.0475568558325,0.42213547147478964,1,1062.547341845075,2,2,0,0,0,7,1,23,0
2102.67018363618,1204.525828044327,1.7456414255973935,2287.281782734816,0.9192877762188518,0,2038.3942120625245,1,4,0,0,0,3,1,10,0
190.18902617603098,356.168458833011,0.53398615587463,712.7627465274984,0.2668335671338197,3,1633.1923690972699,0,0,1,0,0,6,0,16,0
864.4612953483936,841.1878905810559,1.027667308371809,3192.750046429287,0.270757586023745,2,2209.810640035987,1,2,0,0,0,4,1,23,1
1978.5553563052679,866.6179389847035,2.2830768523246445,1878.6084568377496,1.053202624050654,2,2398.4445331321976,1,3,0,0,0,3,1,16,0
1033.635470789693,850.6498861717891,1.2151126892421047,2940.714434836954,0.35149127659075213,5,4077.5666214708517,0,0,1,0,0,2,0,1,0
212.3527301928458,933.7205458846234,0.22742642981220795,3065.8771714988475,0.06926328692060116,5,5228.14635428504,1,1,0,0,0,5,1,2,0
369.98848390281523,822.7875787762532,0.4496767980541293,3661.714572735899,0.10104241511821972,6,5936.296247390117,2,0,1,0,0,6,0,3,0
279.63238026535566,2408.38616546188,0.11610778382449635,10275.82807743173,0.02721263708951085,2,7391.556301467308,0,4,0,0,0,10,1,9,0
4377.87162172407,1231.6843238865192,3.5543779658654024,4878.909966412186,0.8973052693865212,2,2845.8570111642302,1,1,0,0,0,3,1,20,0
3319.5962779629303,4392.701908009542,0.7557071587102375,17843.627015847902,0.18603820148306255,4,29580.17147710781,2,2,0,0,0,3,1,6,0
776.629053782306,711.209769134783,1.091983107497396,1475.4010229975447,0.5263850584869755,4,4806.74929653468,3,1,0,0,0,5,1,14,0
1881.9629517166738,1957.282461945407,0.961518323648662,8515.270869232569,0.22101034489890328,2,3395.931219751367,2,2,0,0,0,7,1,5,0
3997.323088987294,713.229573888919,5.604539176904422,3192.587988635453,1.2520635619805716,2,1375.9727202093254,1,1,0,1,0,6,1,19,0
3387.6994411889564,1686.6587350216314,2.0085269004612893,8409.01873278382,0.4028650130105553,1,1926.2862220851857,0,4,0,1,0,1,1,17,0
1327.4709651311714,907.0346002171525,1.4635284748931987,2116.5473928432075,0.6271869789544134,3,3672.850606369534,0,4,0,0,0,3,1,4,0
613.7724729732906,744.4255263530735,0.8244914383580455,1125.409497624512,0.5453770154497782,7,3679.611250209038,3,4,0,0,0,3,1,18,0
1809.3624254537265,638.6929248225246,2.8329144650482845,2332.4122484106624,0.7757472662419136,3,3085.6881357058714,1,1,0,1,0,4,1,19,0
2138.1431567485,933.9847988030863,2.2892697605877084,4350.448459282792,0.4914764941499826,1,1226.127419342194,0,3,0,0,0,6,1,1,0
418.41342399449854,802.3302277717426,0.5214977692620778,1570.6875481183067,0.2663887063316701,5,4879.99564680677,4,1,0,0,1,5,1,21,1
3882.8983416492288,1378.2903128565017,2.817184671059565,6073.984669690763,0.6392670631891657,3,7270.668203571583,3,1,0,0,0,3,1,2,0
557.2604626794785,1321.0378508854772,0.4218353488554116,6585.194049517326,0.08462324093856033,1,1897.4064728330438,0,2,0,0,0,5,1,19,0
522.915822479177,925.7361260097899,0.5648648764881916,4537.240259383918,0.1152497537236832,4,4450.407879595216,1,1,0,0,0,4,1,22,0
5390.556988561113,2369.436696809401,2.2750373520507408,6608.076303690988,0.8157528365025354,3,5520.2152273445345,0,3,0,0,0,5,1,9,0
4389.396063752947,1686.6831807206047,2.6023832536692857,7077.252816508423,0.6202118502131544,5,10804.422486351954,2,3,0,0,0,3,1,21,0
1760.4979014191058,1360.163789381185,1.294327870778015,4885.831118750784,0.36032721120111744,2,2111.8922047088895,3,3,0,1,0,4,1,14,0
989.6309881724246,1138.4775133037485,0.8692582651901608,3241.826546055638,0.30526956766904084,1,1004.5814626557714,1,4,0,1,0,9,1,22,0
733.3235176744021,1714.1680176359835,0.42780142327339166,8344.691883931604,0.08787904069729373,1,1855.4747909127632,1,2,0,0,0,5,1,21,0
1440.3944193200648,1560.8160646947665,0.9228469977349628,4671.860358643786,0.30831281518401443,5,5123.007238115047,2,3,0,0,0,6,1,15,0
1036.5400227056064,2094.790386622441,0.4948180158382736,6086.926548227993,0.1702895565591079,1,2782.7187769780858,0,0,1,0,0,1,0,19,0
355.3159192922617,1209.4172639353228,0.29379100984229317,3743.1714120041574,0.09492376388449161,2,2309.786754818563,2,1,0,0,0,4,1,5,0
1714.4082576759265,1172.909120226519,1.461671861963892,3557.009244548799,0.48198026482593426,4,6164.27372661115,1,1,0,0,0,2,1,10,0
1604.870818689696,1407.1874599840764,1.1404811827330075,2953.9307713232774,0.5433000780755466,4,3978.7000152927462,1,2,0,1,0,4,1,15,0
614.6235926624519,518.343982741788,1.1857446273638435,1644.7099553013074,0.3736972532338409,3,1941.497073605372,1,0,1,0,0,1,0,5,0
354.55417666097253,491.991908858987,0.7206504218397494,1462.0000390242083,0.24251311025792777,3,916.599490581074,0,1,0,0,0,5,1,18,0
457.4379026194972,733.8511128188529,0.6233388416655753,1728.0548973886346,0.2647125987205375,1,700.4693765316263,2,0,1,1,0,6,0,22,0
1461.009507656334,1961.7415948788928,0.7447512513729051,3870.266583820165,0.37749583291346245,3,5067.060551204301,0,2,0,0,0,4,1,20,0
3837.379537510934,1246.466510480884,3.078606208224946,3656.024102836262,1.0496045511663832,2,1983.6868029706231,1,2,0,0,0,2,1,14,0
2425.894003517746,1799.1821900036905,1.3483314902715717,3808.949251506676,0.636893233103107,2,4079.3054613234,4,1,0,0,1,5,1,19,0
924.480964284474,1346.2567091656265,0.6867048149066921,3202.5105293790407,0.28867382505178796,1,1673.7125167330914,3,3,0,0,0,3,1,15,0
4629.671330753465,2632.5916512728772,1.7585983487089556,7232.1031655726965,0.6401555985528934,1,1862.9881876045386,0,0,1,0,0,4,0,22,0
490.9435160553479,484.94111481143983,1.0123775878360861,1405.2933826405058,0.3493530405251601,6,4875.263913326861,2,4,0,0,0,3,1,13,0
2354.673743119229,1931.461088861656,1.2191152887822356,5742.288619115493,0.41005841038375546,1,2114.1241364378247,1,2,0,0,0,1,1,22,0
209.2924112292006,571.3883061443364,0.3662875298262264,2368.2145113549354,0.0883756138752217,3,2196.4640063853412,1,1,0,0,0,1,1,2,0
1369.7232662735719,1178.0734155939456,1.1626807363130274,1884.7103481161087,0.726755316880761,3,3194.871867988839,0,1,0,0,0,3,1,15,0
9204.620661369301,2305.41467208424,3.9926095607987713,6381.971866383105,1.4422847442895252,2,4422.3930908602615,0,2,0,0,0,6,1,10,0
1331.1312616396342,840.816442063935,1.5831413315040954,2121.545900216094,0.6274345803708745,4,3234.7881112612017,1,2,0,0,0,3,1,5,0
365.67663602187633,690.3526297304518,0.5296954342951584,3312.503119591988,0.1103928427596222,2,2301.0109066434698,2,2,0,0,0,4,1,19,0
452.28131911642066,678.2692319527249,0.6668168004824734,1949.2507819579698,0.23202828661282685,4,4744.0545915318935,0,4,0,0,0,4,1,12,0
123.73774142749285,529.3640395932031,0.23374791669373837,2333.614036062302,0.05302408175273306,3,2233.5449640976453,1,2,0,0,0,2,1,1,0
1499.7004746963291,2296.619988607314,0.6530033188493486,7909.520512808761,0.1896070023799418,3,11529.804697309864,3,2,0,0,0,3,1,18,0
4429.36827863242,649.7792100896336,6.816728220685011,5301.762170314047,0.835452088634532,3,1343.7257494633238,1,0,1,0,0,3,0,0,0
554.2376869051327,400.11185317658277,1.3852068677918647,1534.6856573053374,0.36114085269962415,1,465.74809407199473,0,4,0,0,0,1,1,14,0
705.2601903491852,987.1564356614728,0.7144360963180119,3173.444022595342,0.22223810640037736,6,3603.3448121434185,1,0,1,0,0,7,0,18,0
4417.7538906903355,1681.7915563906581,2.626814169629562,6330.124958154406,0.6978936308357432,3,7659.102550554596,0,1,0,0,0,6,1,10,0
1307.1442519979582,1099.3647657099336,1.1889995866420617,3041.676331821875,0.42974468990098535,6,8484.99247089946,3,1,0,0,0,7,1,21,0
2586.6534190913353,1768.9373799849645,1.462263983088718,3348.8587823843277,0.7723984757725987,1,2972.49220586171,1,1,0,0,0,6,1,13,0
944.0066386268097,2510.4047221976302,0.37603762862604007,4244.998728922638,0.2223809001861337,2,6769.234231837028,0,0,1,0,0,2,0,2,0
82.86521877856318,303.2516961977647,0.273255582137034,1035.1229648597757,0.08005350242595441,5,1857.4757071870222,3,1,0,0,0,3,1,16,0
98.20063000560121,449.7217038426168,0.2183586630721456,1455.6677508637372,0.06746088174814119,4,2357.639026086536,0,1,0,0,0,2,1,9,0
141.2989967658671,1163.8432827124454,0.12140723657961627,3549.1306977637532,0.039812283288101276,0,1610.9350593823058,1,1,0,0,0,3,1,1,1
527.4868723233343,422.8679131179129,1.2474033994067772,1801.4753261521225,0.29280826923676195,5,2070.8408860013596,0,0,1,0,0,5,0,11,1
1570.910172340338,773.0833461663698,2.032006225629227,2655.131907224703,0.5916505195338276,1,659.8374032985572,0,2,0,0,0,4,1,0,0
1126.539237616697,1117.3907315397203,1.0081873831764923,1875.5881043924699,0.6006325349251451,3,3902.1895889647617,2,1,0,0,0,5,1,12,0
1394.0824624652773,938.4142596160409,1.4855725477100874,3608.5161236920885,0.3863312272078497,3,4894.003420290639,0,1,0,0,0,1,1,12,0
402.23039149323904,976.662742506389,0.411841646033311,4308.4978501067,0.09335745438129389,4,2581.339565793015,1,2,0,0,0,7,1,21,0
251.58090831909254,945.6608234439936,0.2660371478675222,4708.060290740746,0.053436212109235735,4,6096.81559850534,3,3,0,0,0,2,1,17,0
1043.6749837059756,1347.9107673913925,0.7742908573434698,4743.629606697336,0.22001612061625841,8,6841.6991660555905,0,3,0,0,0,9,1,13,0
17160.184884446666,1983.419393617655,8.651818641919887,16401.837052495706,1.0462355423678331,1,3212.0284790586834,1,1,0,0,0,2,1,21,1
2514.310714687892,2440.4522897462125,1.030264236367989,9418.809207324553,0.26694571036990894,5,15716.69541508811,2,3,0,1,0,6,1,20,0
324.17836795158985,654.5700081909099,0.4952539283728395,2541.54684899786,0.12755160034898214,7,8224.488118183588,1,2,0,0,0,3,1,15,0
136.51226224934203,479.1432820675851,0.28490906031337493,787.0423997534378,0.17344969253512665,3,1818.816052092041,0,2,0,0,0,2,1,4,0
640.5641482453133,1082.8366100111427,0.5915612220007243,5144.812990985731,0.12450678953105798,2,1500.964877705419,1,1,0,0,0,3,1,13,0
412.6077276952081,949.1511416388503,0.4347123546443611,3802.7007649770003,0.10850386427860402,5,3845.842523079061,2,2,0,0,0,1,1,22,0
846.0567987781764,462.2226571167712,1.8304096213190113,975.4230177837444,0.8673742400507417,3,1189.311310223936,1,3,0,0,0,3,1,5,0
745.6651520448451,961.8136391968708,0.7752698876962142,2698.575897632089,0.2763180211826325,5,6666.28013020189,4,4,0,0,1,7,1,14,0
643.0319986460617,1071.338367255935,0.600213731067139,3693.6742615639037,0.17409006672228902,5,4500.611596309188,1,3,0,0,0,2,1,13,0
2802.682548093306,563.5559129446872,4.973211146785339,2577.689841294253,1.087284631065654,3,2286.9785820621746,0,2,0,0,0,4,1,23,1
941.5980607435428,920.1465554841354,1.0233131397727404,3539.01917479631,0.26606187031968737,2,1556.329885967511,2,2,0,0,0,3,1,13,0
2983.1085517622782,1867.2295211543556,1.5976121403211672,4623.695557603125,0.6451784107751009,4,12404.148801953575,0,3,0,0,0,4,1,1,0
635.9904938910997,2177.011756572379,0.2921392096165995,8304.403575137192,0.0765847285884818,2,7106.928192686572,1,0,1,0,0,11,0,22,0
5135.899041918514,941.5086517909701,5.454967442039783,2125.7525728636138,2.4160380222425952,4,3739.486057370225,0,3,0,0,0,1,1,22,1
2015.2775090570467,2448.647435843935,0.8230166089069798,10989.868587218756,0.18337594240215205,6,26215.798200817764,2,2,0,0,0,2,1,16,0
1184.9045468202796,698.1924764327034,1.69710300070025,3178.193787786451,0.3728232530608343,2,1347.8037443445658,0,1,0,0,0,3,1,8,0
9420.725345482366,1249.7531128703533,7.538069118184026,9873.259149416182,0.9541657119411704,2,3890.1367398974144,2,4,0,1,0,1,1,19,1
7803.5180135276305,1402.1930862091601,5.565223570331888,7298.511096665925,1.0691931422961596,5,10416.3501883738,2,2,0,0,0,7,1,23,0
248.06839719839812,596.306762550876,0.41600802267814846,2850.984350921604,0.08701149030095798,1,880.0551681091049,2,1,0,0,0,5,1,21,0
716.958587056222,1484.8632587365987,0.48284485647940995,7172.881331382095,0.09995405666610631,1,2392.6757272480886,2,3,0,0,0,3,1,9,0
1553.6083414652626,833.2140839684004,1.864596832144022,2466.2024601771755,0.6299597727891526,2,1134.0126147704198,1,2,0,0,0,2,1,17,0
701.2616801510114,372.07218500553057,1.884746316472401,1023.7181678439013,0.68501439378376,5,1842.2745430213406,2,1,0,0,0,3,1,16,0
479.72717495813976,1183.5341157448192,0.4053344712046926,4656.753647581809,0.1030175120402291,2,3804.6940062720896,1,2,0,0,0,1,1,10,0
19901.28080668099,2078.3592473296353,9.575476824928609,20289.256867985445,0.9808777589130607,3,4341.688019356376,2,2,0,0,0,2,1,9,0
900.298400299869,1002.504474714146,0.8980492586395487,1844.449793112185,0.48811217505724214,4,2980.978942107951,0,3,0,1,0,6,1,19,0
395.4325253027032,405.86971553079314,0.974284382823586,923.2238171728802,0.42831707539089153,2,1353.6934812462728,2,5,0,0,0,8,1,18,0
1654.121002451024,744.8715880223474,2.220679415149605,3574.713950737952,0.46272821413012716,5,2783.917075030157,2,0,1,0,0,3,0,18,1
1502.349431360782,992.7552204745015,1.513313050766646,2744.5576351845393,0.5473921961415712,1,1101.7078076893351,2,1,0,1,0,3,1,9,0
13794.280903146959,1024.2391965094444,13.467831489125953,5910.274609348293,2.333949235003145,5,8804.222350386446,0,4,0,0,0,3,1,9,1
320.03164467327053,1801.3708721144008,0.17766005303373536,6598.483712773435,0.04850078572653728,2,3440.993440410921,1,0,1,0,0,5,0,2,0
624.7134308467322,907.1587165915865,0.6886484354071256,2209.066516279893,0.2827952106660693,1,1495.852988867571,0,1,0,0,0,3,1,4,0
2031.3327094008482,1028.4008656656924,1.9752343441348132,1691.6905267892073,1.2007708722329222,6,8878.561203902464,1,3,0,0,0,6,1,8,1
944.9831776878416,1887.663509661305,0.5006099725143258,8213.273236837944,0.11505561186609857,4,5714.058968242283,0,2,0,1,0,4,1,5,0
2362.9437787405636,1536.7717694697474,1.5376022814083066,3489.9788555599275,0.6770653567072847,3,6176.151171477179,2,4,0,0,0,5,1,21,0
1708.1655545135056,1184.3733758508938,1.4422525778969844,1984.2790629530639,0.860849457319457,3,6055.639166493977,0,2,0,0,0,2,1,8,0
1269.8141301377486,842.7843033714448,1.50668934513615,2384.076712101397,0.5326230165716842,3,2771.1078530576615,3,0,1,0,0,4,0,5,0
2396.770872427155,1084.0553179670962,2.2109304135159484,5130.6771435506635,0.46714513608402186,5,4819.900252344282,1,1,0,0,0,4,1,10,0
3719.191357140375,1392.1078940242542,2.671625793593537,5531.601502421817,0.6723534505354477,3,3697.6426413938584,1,1,0,0,0,5,1,19,0
1681.3240479322012,1304.060826448647,1.2892987917679855,3781.5793316746986,0.44460895844478165,7,13504.160653438401,3,1,0,0,0,3,1,15,0
1123.0089267581786,562.0941507985285,1.9979018197623957,1131.9383292103873,0.992111405522916,2,2020.7346912012204,0,2,0,0,0,1,1,12,0
6102.217867798868,1894.1521721250954,3.2216090964606297,4601.618943528303,1.3261023875914368,2,5371.135536912541,0,1,0,0,0,6,1,20,0
1249.5644732246071,1026.2899335825625,1.217555032292522,1760.0030845954461,0.7099785700158768,5,6824.629380603155,1,1,0,0,0,3,1,11,1
3845.4288691207103,942.0887419900733,4.081811720833863,3541.1898253906293,1.0859143561151852,1,819.9260401200008,1,3,0,0,0,3,1,3,1
1915.4184643701335,1478.9464501339298,1.295123609239995,6534.768887286833,0.2931118907810977,2,5142.324022875812,3,1,0,0,0,2,1,15,0
1622.6897723039376,585.7996094294343,2.7700424277927205,2003.794575590674,0.8098084464699207,3,2060.8698838317864,3,1,0,0,0,3,1,17,0
439.0848826219355,1104.538328063603,0.39752797296922004,3578.4090947654613,0.12270393658015066,4,7004.611324779188,2,2,0,0,0,6,1,12,0
9192.750561082647,3149.054501351542,2.919209736489861,9256.03971641421,0.993162393715821,4,21451.066877912435,2,1,0,0,0,5,1,13,1
1641.9280164019553,1557.0139053953526,1.0545365142291658,5804.793942436568,0.282857243975271,3,2899.2213283780434,2,3,0,0,0,4,1,14,0
860.2745672729806,689.4823552379098,1.2477107800331424,2646.012724255952,0.32512109990509824,4,2950.784717604197,1,2,0,0,0,4,1,16,0
432.6378128687769,602.5079523464798,0.7180615810693617,2090.583194228015,0.20694599194294971,3,1632.5689842781183,0,4,0,1,0,3,1,17,0
520.464167255143,1103.2606778072732,0.4717508542854657,3636.062590878845,0.14313949615739305,4,5231.658661154081,2,1,0,0,0,3,1,13,0
626.1779114397473,2495.1552822761587,0.2509574918593957,10932.781319923,0.057275261721246744,0,1734.2281667623915,1,3,0,0,0,3,1,8,0
1277.4376535278334,3227.1760804170244,0.3958376059117169,5633.991420290693,0.226737592983754,4,9026.586038834568,2,3,0,0,0,2,1,3,0
968.0204209956421,2974.4088111472015,0.32544968847852684,12705.245352205264,0.07619061215749146,4,19708.380721325637,0,3,0,0,0,5,1,14,0
533.0426680592326,2022.309003584511,0.2635812168735949,6441.543029255772,0.08275077347745638,4,7439.810834398978,0,1,0,0,0,2,1,23,0
279.4252049079749,968.4398451032048,0.2885312973447484,4255.150130428248,0.06566753142499648,1,861.2683425092083,3,4,0,0,0,6,1,16,0
245.45820474688523,512.9785298363877,0.4784960587437706,840.914254258952,0.29189445119252144,1,902.9391357035457,2,3,0,0,0,5,1,5,0
1452.878418558169,929.6019800728828,1.5629037477354126,1618.4941232219567,0.8976729650805932,4,4657.263122925722,1,1,0,1,0,5,1,0,0
1537.0281764260076,659.3444053085911,2.3311461567746776,2986.607906834898,0.5146400948408711,3,3515.774649584091,1,1,0,1,0,8,1,3,0
1548.2315384918957,460.10815234944397,3.364929594457699,2110.5965822029516,0.7335516183182278,3,1313.4387492124806,2,5,0,0,0,1,1,11,0
483.42361381160066,897.1799855423378,0.538825677792372,2159.4188021549567,0.2238674653240844,6,7769.434454384579,0,10,0,0,0,4,1,6,1
977.4380224357559,864.6732710120989,1.1304131343064023,3307.96473405545,0.29548018223200667,4,6168.59883085463,0,0,1,0,0,4,0,1,0
2595.478088788689,2129.4500856210425,1.2188489912557552,9446.791248653748,0.2747470564842393,2,4042.1884183489656,0,3,0,0,0,3,1,6,0
763.7244171608803,1087.0318330439727,0.7025777847022683,5185.081923075093,0.1472926423326291,4,6966.865778763711,0,4,0,0,0,5,1,22,0
8982.810849248519,2218.0626165738154,4.0498454742112004,4942.7838484856165,1.8173586231169498,1,3678.716357259544,1,2,0,1,0,4,1,19,1
1495.8528184901666,581.5712272176708,2.5720887631366574,1290.7151335371561,1.1589333537841446,2,1342.1084720184413,3,1,0,0,0,2,1,20,0
399.4238291936394,760.0613580183809,0.5255152429206642,1939.9619394832769,0.20589261112000418,2,1225.5322264575248,0,2,0,0,0,5,1,3,0
355.1749338784815,586.5947333396425,0.6054860599521147,2447.6125858520036,0.14511076464122963,2,1908.9604498091019,2,1,0,0,0,1,1,14,0
1745.975422780263,959.4292098319842,1.8198064066509079,1727.364286296591,1.0107742973681444,1,1138.5185830124651,1,3,0,1,0,3,1,14,0
18193.243483894566,1044.4838194459549,17.418406245436287,21480.309395532327,0.8469730649074619,5,6086.877848291418,0,2,0,0,0,5,1,13,1
2091.861769111837,2215.052023153516,0.9443849387039244,7378.419043575796,0.28351083840015406,3,6669.980735864768,2,1,0,0,0,6,1,10,0
2800.657132832374,1431.2114187046127,1.9568437592310746,2563.530580582992,1.0924999896804255,5,8009.611856982372,1,3,0,0,0,4,1,8,0
1163.485001021906,2647.793670502797,0.43941679217058055,7788.036512337664,0.14939388113791385,2,8037.2955772198475,3,0,1,0,0,5,0,10,0
3210.0020516935892,1361.5080348643555,2.357681313289786,4493.5371531998435,0.714359744284689,2,4635.485730457166,2,4,0,0,0,2,1,8,0
1135.034277698655,776.1412002942405,1.4624069399593211,3276.5229247024577,0.3464142640789635,3,2596.9895460709467,3,3,0,1,0,6,1,6,0
304.9461069696283,685.9306531754421,0.4445727939958845,1824.4135723210381,0.16714746677841946,3,2038.9001902368439,0,4,0,0,0,3,1,15,1
969.140860405337,381.39651567826166,2.5410322867838793,1213.106548210368,0.7988917888828968,1,292.6582839071121,1,4,0,0,0,3,1,13,0
188.91725361974994,552.4094926062924,0.3419877032315828,886.7931523955676,0.21303418176991124,4,2598.600256993839,0,1,0,0,0,1,1,14,0
421.4137363376182,1668.4422091233257,0.2525791627862543,4573.662861613577,0.09213922168914403,6,9870.407606309525,1,2,0,1,0,4,1,2,1
1182.602326894443,1419.457299426848,0.8331369512643719,3772.688830269099,0.3134640517940861,3,3228.1220570333658,0,2,0,0,0,5,1,14,1
647.12308978716,907.4302306233079,0.7131381212004093,3211.3554584169956,0.20151088789970095,3,4497.238703148339,1,2,0,0,0,3,1,20,0
1424.789111016146,933.4017581490324,1.5264478543961086,2509.697054820946,0.5677135845058389,6,9793.869709647446,2,0,1,0,0,1,0,21,0
723.4553697727885,826.1175403275342,0.8757293417180769,3046.0598730654187,0.23750530190489502,2,2537.7514532821806,2,3,0,0,0,4,1,10,0
2749.339822541347,1791.2782845102877,1.534847960987246,5188.441805594053,0.5298970144711028,3,7442.088407554321,3,1,0,0,0,1,1,16,0
939.4894293790999,1225.5488433051457,0.7665866884957593,1961.589648824416,0.47894289712536847,2,2075.076990115609,2,3,0,0,0,4,1,15,0
2763.6966262213627,2096.8756461592898,1.3180069267738626,5728.598670637282,0.4824385133465656,2,3488.0457544495007,3,0,1,0,0,5,0,2,0
2720.8585439899243,2117.523550547883,1.284924809117677,10515.49583044455,0.25874752725520295,3,11066.007939557436,3,1,0,1,0,4,1,22,0
890.6094666369075,1358.4704268257747,0.6555972430831055,5268.035970390846,0.169059108867632,2,4448.933536431395,0,1,0,0,0,2,1,18,0
187.7360877748004,889.5916937283849,0.21103624179310404,2532.024691271065,0.07414465128322179,4,6389.772068415188,1,3,0,0,0,3,1,10,0
5350.56932487422,6887.496623195755,0.776852551456002,31337.361127263648,0.17074090262881772,4,20891.84300328154,2,3,0,0,0,5,1,20,0
1056.0511290969746,1255.3695051803106,0.8412273236996404,2380.587132370499,0.4436095258758282,6,5486.297037597362,1,2,0,0,0,4,1,11,0
3487.751326637995,2521.3848991832774,1.3832681110161886,10477.044127786503,0.332894591651859,2,4388.916141246588,1,2,0,0,0,5,1,2,0
315.1130698339267,495.93052564982617,0.6353976082053605,1190.7169947789023,0.2646414481490107,2,1574.6013130482274,1,1,0,0,0,6,1,9,0
2434.646234381536,1966.2470950210911,1.2382198761012897,5850.9458632699425,0.416111564057589,4,13785.115273442034,1,2,0,0,0,8,1,1,0
1068.018056894946,824.8058049131313,1.2948721390332965,1670.9458520707349,0.6391697585959443,3,1965.504246361819,1,3,0,0,0,1,1,9,0
628.748366734688,1284.4251024050584,0.4895173455870414,2390.5333374322563,0.2630159374435019,3,6068.089155193597,1,0,1,0,0,2,0,20,0
503.1318369401413,1142.7477173515758,0.4402825131921472,4294.794694676898,0.11714921729873107,5,7308.799954228491,2,1,0,0,0,1,1,20,0
16171.534490989654,1151.0534029618832,14.049334678458155,15674.554581606013,1.0317061583342753,3,5767.540888214076,2,0,1,0,0,5,0,1,1
1632.8567057807954,766.4384550982253,2.1304472589016057,3676.1241757402768,0.44417887637105735,3,3584.759066299657,1,0,1,0,0,3,0,18,0
845.9088123282411,853.7692211944816,0.9907932862053246,2784.9472374239695,0.3037432095520391,3,4204.735277392083,0,2,0,0,0,4,1,17,0
1463.8124392539326,2381.1423381003415,0.6147521783270428,6182.581588386572,0.23676395019251728,2,8374.507634878684,2,3,0,0,0,4,1,14,0
228.31900803217388,661.7468314363699,0.3450247091271911,2523.6650590763784,0.09047120068926066,8,3418.7999573609777,1,2,0,1,0,4,1,10,1
3113.3383805904446,1695.2780001443812,1.836476601669633,3174.409249597317,0.9807615010526386,2,4009.2421178457266,2,2,0,0,0,2,1,1,0
126.33545087126255,729.760518263177,0.17311905441519324,2129.607223831112,0.05932335759266825,2,1837.5357864707723,2,2,0,0,0,4,1,20,0
1285.6563354213786,942.7277936848994,1.3637619936886052,3715.2232627515186,0.3460508950595914,0,1076.482066536687,1,1,0,0,0,4,1,21,0
564.7793790842305,1062.02450193436,0.5317950556277633,2217.595781543287,0.25468094040618383,1,1339.087173617878,2,1,0,0,0,6,1,23,0
4700.430019223713,1292.494353722508,3.636712226777643,2983.7827796893407,1.5753258083060264,4,9025.729859955478,0,2,0,0,0,2,1,1,0
343.4450793696036,1433.5661298723276,0.23957393538600874,4263.86044267046,0.0805479175473444,3,4730.349731046645,1,1,0,0,0,5,1,0,0
2277.9346562475093,1102.0003475291433,2.0670906877252757,2502.987868156974,0.9100861754974553,4,4786.782227622396,1,1,0,0,0,2,1,1,0
2361.4936690327654,1981.2695072020977,1.1919093593519297,4730.3817884364325,0.49921840871396705,4,5082.166279807259,0,0,1,0,0,2,0,0,0
646.379503128537,505.095062419501,1.279718514832152,1173.3061047156682,0.5509044063869221,1,569.1315178492799,0,2,0,1,0,5,1,9,0
374.9486459829706,1242.6776352947638,0.3017263973645366,5441.771333364013,0.06890194809989995,3,5238.05973011089,3,1,0,1,0,1,1,19,0
317.3830816650985,1003.7289079599559,0.3162039861043442,3124.4943415413572,0.10157902270628819,3,2135.536897198565,2,1,0,0,0,3,1,3,0
299.3808464886362,1417.8750266640727,0.21114755592600365,2729.2295535689373,0.10969427107996257,3,3608.9040518525408,4,1,0,0,1,7,1,19,0
332.2179361398572,1081.658107394328,0.30713765640804674,5226.361847222727,0.06356581228993871,1,1413.2659042725656,1,4,0,0,0,2,1,13,0
419.6754946235107,910.9632895953413,0.4606941897844584,3025.4588718990253,0.13871465863295246,1,1356.458072815234,0,0,1,0,0,3,0,23,0
2290.4151176517366,726.4580277460994,3.1528526496678038,2997.3729604908867,0.7641408486171938,3,1517.7029590819504,0,0,1,0,0,1,0,21,0
817.4721485246477,620.5704594011308,1.3172914310383592,3085.2729336876987,0.2649594269598564,6,2607.4224006333397,1,4,0,0,0,3,1,6,0
1003.4770766325565,1665.6969531598781,0.6024367606177881,3654.3708774388624,0.27459639710565875,3,5005.664908860022,1,5,0,0,0,6,1,10,0
172.39800018491343,401.28400606167054,0.42961592682669436,698.1231710196993,0.24694496235256572,2,1039.1710774592993,0,1,0,0,0,2,1,13,0
470.05457652859894,553.4623230508447,0.849298239377022,1694.6157169873077,0.2773812208966545,7,4086.941885246003,1,2,0,0,0,4,1,5,0
254.38769937337634,1098.7999574648236,0.23151411468954317,5168.962808679016,0.0492144572884609,1,1887.6237480366967,2,3,0,0,0,3,1,1,0
769.7241665578449,338.0657910218557,2.2768472498540464,914.7551345152706,0.8414537809243589,3,1086.9308741632735,1,2,0,0,0,1,1,20,0
194.81692822679173,1069.528366723806,0.18215218435351804,5320.727203151199,0.03661471840003589,1,693.9781709837991,0,2,0,0,0,3,1,0,0
4429.997031582088,2602.1038034536878,1.7024674517989242,10378.092324915988,0.42686043763037634,4,17222.521744301357,1,0,1,1,0,1,0,0,1
532.8724858716165,647.9359363139133,0.8224153901743912,2333.2221969171696,0.22838480045993395,3,1618.7859686391575,2,0,1,1,0,3,0,20,0
1302.6420298094758,1147.4263652736443,1.1352728760932864,3995.8336499587444,0.326000065048485,3,4685.530911444146,0,1,0,0,0,3,1,22,0
133.28300453123248,761.2154226753827,0.17509235961456668,3327.976279840097,0.04004926517614377,7,6590.784378073048,0,5,0,0,0,8,1,22,0
217.28275790702367,923.3629339380133,0.23531674265972882,2070.86473009807,0.10492368465647381,1,1402.0856651305212,0,4,0,0,0,3,1,8,0
662.5669790122156,925.1573497011335,0.716166800411037,2934.2587373415804,0.2258038701837511,4,4880.457027204636,2,2,0,0,0,5,1,5,0
310.9561229518745,739.2681400998979,0.4206269769854477,1581.0314029160227,0.19667928314286057,1,1078.8181675879764,1,4,0,1,0,6,1,5,0
594.0935754818007,748.1402416076627,0.794093864280266,1799.8551089241805,0.33007855606605224,2,1366.6138537404622,0,1,0,0,0,4,1,2,0
323.7834311736416,747.069876004884,0.43340448005365007,1446.8199696082454,0.22378971674085493,4,3217.1867152046416,1,3,0,0,0,1,1,11,0
17937.173046567907,1440.3519184150753,12.453326730251794,19268.15508156811,0.930923223870384,4,9402.264023651656,1,2,0,0,0,7,1,6,1
787.5236152048152,1604.8815786097439,0.4907051247276581,3552.4961821635184,0.22168176257552025,4,8844.312390203388,1,3,0,0,0,3,1,3,0
125.72272005019859,257.9214653502385,0.48744574197993296,753.9237901913066,0.16675786291117928,1,406.0990260738,4,2,0,0,1,4,1,17,0
1578.9689779066248,932.5213127295234,1.693225619996744,4551.550806759828,0.346907910060366,1,938.4982308326312,0,5,0,0,0,7,1,20,0
390.14500839970106,1670.5262846884493,0.23354616564591352,3382.1425725844047,0.11535439444871734,1,2653.7878228666136,1,2,0,0,0,4,1,6,0
714.9807336831768,2583.5449296529237,0.27674406799622725,4290.669584594586,0.1666361670566002,1,1556.3757492881107,1,0,1,0,0,3,0,15,0
12013.67236800959,1153.7387750925063,10.412818419010263,7897.848285952015,1.5211323303561595,1,1558.038629034716,1,1,0,0,0,4,1,1,1
2298.5294659882866,461.05891037898147,4.985327068289256,1920.7269263320136,1.1966976848592201,2,1302.5781706077717,2,4,0,0,0,4,1,6,0
1913.4970258780877,3058.4078225271724,0.6256513640149399,6095.4902195384075,0.31392012077135134,3,9703.924273655413,0,0,1,0,0,3,0,14,1
1704.4546036813836,1739.6013775065253,0.9797960761128393,7164.828802412262,0.23789188139534137,4,11358.30857636181,1,3,0,0,0,6,1,17,0
319.2615417682957,296.90437406420244,1.0753009037827739,817.228667271163,0.3906636594557471,0,292.6645103635833,2,2,0,0,0,5,1,15,0
165.13911740756572,223.06798998409093,0.7403084477487932,942.3622030811844,0.17523953832997588,1,146.2882726247985,1,2,0,1,0,6,1,7,0
542.4681030515927,993.0071630389142,0.5462882074198435,4784.738718185217,0.11337465533694661,2,2546.2039063974016,1,1,0,0,0,4,1,10,0
439.0771472506143,852.7622926038944,0.5148880890475352,3655.2348694373795,0.12012282737885947,1,1379.3809893102398,1,2,0,0,0,2,1,10,0
1210.7050239214284,855.917322920793,1.4145116490806993,1631.5812401889812,0.7420439718841068,5,3060.2949805807048,2,2,0,1,0,4,1,7,1
937.186237312031,996.0616209106195,0.9408918260049379,1925.353500859987,0.48676060624369666,3,3560.5368507421285,0,1,0,0,0,4,1,6,0
1143.1607298084593,478.4541402864187,2.389279626933785,2318.2147011303205,0.49312116313086723,3,1074.1394039514337,2,2,0,0,0,5,1,15,0
4642.672073099691,2482.3116954280313,1.870301816508641,12221.031074045219,0.37989201115441934,3,5464.014946986036,1,1,0,1,0,1,1,13,1
3526.24689572935,2595.643191485894,1.3585252808613981,8209.408116763347,0.4295372876552291,2,6208.90998446321,1,2,0,0,0,6,1,14,0
74.30017480826194,1387.057386295757,0.0535667633814966,4178.823504265585,0.017780165812798537,2,4671.933245943868,2,3,0,0,0,3,1,14,0
201.37198126307413,341.78704266022936,0.5891738308618625,1556.779030659387,0.12935167888135116,1,268.0389569947056,3,1,0,0,0,2,1,8,0
8781.308462181069,2385.7740163459916,3.6806958253449173,10526.409190493738,0.8342169018197918,6,18378.027208608964,1,2,0,0,0,2,1,22,0
2867.16149694913,2108.2374002617025,1.3599803782027677,7641.095629005989,0.3752291079914297,2,6997.260704790985,1,2,0,0,0,6,1,3,0
227.005749485932,755.3472587022425,0.3005316387537425,1772.6901976550866,0.1280572035577424,4,2584.975692067242,1,3,0,0,0,4,1,5,0
4678.750617285169,1359.927567400701,3.4404410421857277,3539.567673345679,1.3218423968887445,1,2156.734735494708,2,2,0,0,0,4,1,9,0
713.9162517115327,1441.1701123410178,0.49537264587860247,3562.0320605254096,0.20042387030234313,3,3633.281400130591,1,2,0,0,0,1,1,20,0
2886.8394088378436,2634.421643320363,1.0958152489209507,5742.633104507701,0.5027030904293378,3,12945.819991310644,3,1,0,0,0,4,1,18,0
10336.695013282731,1664.3109673453444,6.210795467970901,7607.1529422807025,1.3588125665031896,1,1105.414625890162,1,4,0,0,0,7,1,2,0
2378.306480150232,1106.075999990296,2.1502197680549058,4345.709363231282,0.547276930268946,5,3547.681512964094,1,1,0,0,0,4,1,6,0
540.0141013878574,551.090673624989,0.9799006356535276,2516.0908497994687,0.21462424595316035,2,1798.3993417160455,2,3,0,0,0,2,1,8,0
391.47908074905496,519.0346870524708,0.7542445437938123,2091.2421852515404,0.1871993036052717,10,8720.292393696065,2,2,0,0,0,3,1,7,0
2444.1300090878285,1934.7639333366678,1.2632704005768367,5939.4475339752225,0.41150797192950245,4,6664.327369004976,1,2,0,0,0,3,1,7,0
1487.4582959439383,1605.328083826167,0.9265758887109882,2813.8159746673045,0.528626715227818,5,10177.091810167934,0,0,1,0,0,5,0,4,0
456.336198927564,1874.040071001639,0.2435039709069086,3227.9982812385774,0.14136816663745824,2,5727.787048830933,1,1,0,0,0,3,1,13,0
508.7436234229082,604.1042117087205,0.8421454668953837,2051.8293576445467,0.24794636139085866,3,2937.171512285135,0,0,1,1,0,6,0,15,0
5298.515459458933,1263.3774388252386,4.193929143127487,6125.563357524411,0.8649841900582803,2,3776.2742564529844,1,5,0,0,0,5,1,13,0
3695.3235862369156,574.2877504441257,6.434620246347124,1879.9250751964662,1.9656759915555286,3,2447.7837097263523,1,4,0,0,0,2,1,22,0
4672.314694744045,4145.150617749217,1.127176096988503,7146.808569492763,0.6537623960838309,3,12323.43789486435,0,1,0,0,0,4,1,7,0
1822.5477811228648,1751.7311155048988,1.0404266756416864,4069.2753834020828,0.4478801775266287,2,4938.904585641481,2,3,0,0,0,4,1,22,0
6881.649088760041,1301.9770038883928,5.285538122568826,5465.848738791029,1.2590266247071755,2,1689.8681240471044,1,4,0,0,0,4,1,4,0
1682.8741807611414,720.2897924002568,2.3363848808036245,3550.9842608916624,0.4739176682068894,2,1500.4779314835785,0,1,0,0,0,3,1,2,1
767.6074652406276,1951.2919956138571,0.3933842125966113,5444.471279987461,0.14098843133991065,1,2762.2620625497175,1,0,1,0,0,5,0,5,0
1806.2000031719683,1508.4843544463606,1.1973607799431731,5099.387240631095,0.3541994200362856,3,4191.799327913708,4,2,0,0,1,5,1,23,0
900.4373049908182,2481.4029142087115,0.3628742836702747,8936.16513881534,0.10076327943847604,4,7171.109352827374,0,1,0,0,0,4,1,14,0
736.1997791921563,1030.07839553014,0.7147026696092037,2788.086085993929,0.2640520258289325,3,2700.356190076648,1,3,0,0,0,6,1,12,0
176.5994251097023,599.7148186972904,0.2944723385246912,1501.612235806103,0.11760654375255496,6,5555.115212489843,0,4,0,0,0,3,1,20,0
570.3492699133704,851.7539312691247,0.6696174199789633,2794.9932130921775,0.20406105719390188,1,663.688833108913,3,1,0,0,0,6,1,20,0
457.9951275846935,1662.9732284690513,0.27540739667007635,8064.953216299335,0.05678831796061528,4,8277.933579769135,0,1,0,0,0,2,1,10,0
632.5398107177962,923.4593585880122,0.6849676759840977,1437.0874388793188,0.4401540181932621,4,2694.556247559877,3,1,0,0,0,5,1,8,0
4132.002154221216,2850.5129197057013,1.4495644365112441,5840.283732619545,0.7075002420075723,4,19567.13168748271,0,0,1,0,0,6,0,18,0
754.397003221039,1966.4603159512105,0.38363194878719137,3179.7966345153795,0.2372469342952222,2,3010.702987863134,6,1,0,0,1,4,1,2,0
785.7356388396736,1815.6343343710726,0.4327609496941182,5979.5289994185605,0.13140426928543655,4,8549.056515432258,0,2,0,0,0,3,1,1,0
1237.528705111074,647.6881459983102,1.9106860496938949,3174.8766803823078,0.38978796019316725,5,3133.8133823071594,0,1,0,0,0,4,1,11,0
2580.3013168345706,733.2616180049897,3.518936834379639,3341.2175307221587,0.7722637910010228,4,4927.7227679831485,0,5,0,1,0,5,1,11,0
513.6426439839933,2047.73540801908,0.25083447889435884,8707.561916398534,0.05898811273643369,2,6164.0145761652275,1,2,0,1,0,6,1,11,0
37380.432510436796,1854.2932967415202,20.158856517533675,24844.309815544846,1.5045872792589399,4,6131.217484046635,2,1,0,0,0,3,1,2,1
447.4351664773196,1831.0209295590666,0.24436376409147206,3701.0695620239867,0.12089347659616342,2,6575.536763178717,1,4,0,0,0,2,1,4,0
1978.4397842843923,1454.9734623104946,1.359777229986473,6224.3661069761665,0.31785401923369994,4,3964.9556989148796,1,7,0,0,0,7,1,3,0
1420.7016417103016,1255.835153185146,1.1312803580207231,2839.1771507503527,0.5003920383533769,4,8216.637816516448,2,3,0,0,0,4,1,18,0
1267.2568859414116,687.5279657501679,1.8432077661869306,1642.1170844924932,0.7717213942348486,3,2342.0529344747847,0,0,1,0,0,9,0,23,0
338.89780883899425,1056.818391402003,0.3206774329403972,3985.8767780819644,0.08502465773718036,5,8697.027998064856,0,0,1,0,0,4,0,8,0
19786.38363392859,1866.61718816821,10.60012934593504,22588.539084056618,0.8759479114740166,3,6759.173334239015,1,2,0,0,0,3,1,1,1
1138.692248298838,502.6975203004919,2.265163845682339,1119.8372315225895,1.0168372833528783,3,2152.182103105173,1,1,0,0,0,4,1,15,0
2007.653720956107,777.6090095259749,2.5818292951363295,1720.8342301596672,1.1666746777636028,2,1744.5829496184097,0,4,0,0,0,5,1,15,0
813.6367792621845,1864.4665303206434,0.4363911961038306,8165.528601002267,0.09964287911040023,1,1451.1837243777566,3,2,0,0,0,3,1,17,0
617.2806538489327,1479.5081944281799,0.41722016557502584,3024.492661742847,0.20409394992323382,1,1333.8986794076131,0,2,0,0,0,3,1,11,0
1222.6983407623434,1207.7754877813873,1.012355651469934,2452.9512500057754,0.4984601062738057,2,1913.0271432617906,1,0,1,0,0,6,0,2,0
634.7806157255329,2027.0761935215348,0.3131508414702268,5298.177319101249,0.11981113078963791,1,1960.5257087583323,1,5,0,0,0,4,1,2,0
449.6949673862456,1345.034929469616,0.3343370179714014,2544.2851551291665,0.17674707824305008,2,2859.55262538869,3,5,0,0,0,7,1,9,0
1402.006200399944,703.177155237492,1.9938164798974853,1656.9810223903546,0.84612085561331,4,3837.509457816194,2,3,0,1,0,2,1,5,0
1017.1496310663362,956.3996158649649,1.063519489336504,4160.99554074065,0.2444486231978238,2,2241.2415606017944,1,2,0,0,0,3,1,15,0
582.2111783402148,754.8888956429786,0.7712541298469028,2089.430784534172,0.2786458315105259,5,2659.7817348208378,1,1,0,0,0,3,1,20,1
168.76674228712588,840.4188066668676,0.20081266738480197,2542.5987687931056,0.06637568788221915,2,1382.0744502702626,5,1,0,0,1,7,1,21,0
259.7484866692715,524.6405712775443,0.49509797924465104,1775.297294231595,0.14631266972200216,2,1615.14776664141,0,5,0,0,0,3,1,11,0
1145.4124960046126,1362.8196338425812,0.8404725523178945,3822.9087269489405,0.29961805991605905,3,4633.298486309543,2,2,0,0,0,3,1,0,0
1452.1403741117122,1448.9977230898642,1.0021688446929693,2781.22511841944,0.5221225583267269,1,1585.769936420029,2,6,0,1,0,4,1,7,0
1686.2802560246387,614.0320968439353,2.746241222066328,1973.621597707987,0.8544091015131551,4,4192.388751715726,1,2,0,0,0,4,1,10,0
1767.5846243267333,517.7528891174602,3.413954149709688,1744.284416433715,1.0133580324822582,3,2582.774456768728,0,0,1,0,0,3,0,20,0
5518.582527933745,839.9129244744116,6.570422203452915,6204.971524481937,0.8893807983098682,4,2291.4805803029526,4,0,1,0,1,4,0,21,1
542.3939430005912,1924.1982752666775,0.281880484964794,3560.594815332713,0.15233239700988224,3,10102.273415164138,0,0,1,0,0,4,0,14,0
1133.9919806502694,1188.1740837568952,0.9543988512732856,4452.37939281888,0.25469347524140773,3,2188.197974134957,1,3,0,0,0,5,1,9,0
1356.1775358038835,1464.552719924638,0.9260011724765147,5095.531237465825,0.26615037227764204,4,8586.163254368079,2,2,0,0,0,3,1,15,0
438.4923786466017,1452.8287288321078,0.30181973273552665,4461.003725427696,0.09829455558335395,5,11529.292107432891,2,0,1,0,0,4,0,1,0
339.8070632241144,1004.9355808474519,0.3381381550223932,2917.095155108547,0.11648816550568437,5,8689.280157738627,4,0,1,0,1,4,0,5,0
1520.8592888097417,870.5351401871901,1.7470395146630302,4194.3048427545245,0.3626010377946082,1,1057.4672105862783,2,3,0,0,0,3,1,17,0
4027.3656536408744,2239.7228895223398,1.7981535450127855,8601.157129994992,0.4682353307552259,3,7761.453857296596,1,2,0,0,0,3,1,22,0
253.80876511304118,555.7937349734904,0.45665999658155026,1230.8604489175027,0.20620433887225542,3,1161.6832805507102,0,0,1,0,0,2,0,4,1
11799.034057242518,6212.954458574058,1.8991019708762724,18641.415214078308,0.6329473337588495,4,37383.576024150876,1,3,0,1,0,6,1,10,0
1059.6786586526855,1245.0379906892763,0.8511215453482087,5706.274417509581,0.18570411815476034,1,1314.7358330406446,1,0,1,0,0,4,0,11,0
712.5369788024567,626.2719177520976,1.1377437796668157,976.8361601664953,0.7294334586068245,4,2262.8266276247664,0,3,0,0,0,3,1,1,0
1359.7386882577307,1671.264578876106,0.813598699717629,7021.185214964362,0.19366227305323017,3,3548.2659435446094,0,2,0,0,0,7,1,4,0
217.22635744123997,728.3617037868715,0.2982396744801994,1439.0926016591284,0.15094675435812813,1,917.2003573030553,1,2,0,0,0,3,1,5,0
6376.7980411021435,3433.05092987191,1.8574726012992961,16467.975056071882,0.3872241741555811,2,6300.460102665166,0,3,0,0,0,1,1,0,0
451.61819119709367,651.805409152471,0.6928727268224475,1939.8014368760653,0.23281671134567147,1,1096.6773733898892,1,0,1,0,0,6,0,4,0
406.6308186364294,389.56906569462416,1.043796477811664,1446.4281861713018,0.281127554429634,8,3771.399061392535,0,1,0,0,0,3,1,4,1
1441.978239708712,528.3044636699639,2.7294454975673412,1728.3794588476683,0.8342949416154809,1,690.6004924551052,3,3,0,0,0,3,1,16,0
421.6794392752306,468.4675913375089,0.9001251037906491,1027.1411415652603,0.41053699653451065,4,3050.79288082186,1,1,0,0,0,1,1,15,0
3315.0028161504515,1389.8246581199953,2.385194993327165,4253.382222444112,0.7793804184016075,4,6438.178848203655,2,1,0,0,0,3,1,18,0
345.33829909386066,443.4814606360677,0.7786983893273819,1205.8833938712562,0.2863778544832752,1,681.5778669795845,2,1,0,0,0,4,1,23,0
1046.9841275804743,843.4734495800474,1.241276922352152,2452.7991163104357,0.4268527824469274,3,1908.1840004257515,2,3,0,0,0,6,1,22,1
309.07604092583705,1029.970986682439,0.30008227894008777,2313.500286478842,0.1335967160809183,2,3236.1027744795438,0,2,0,0,0,6,1,1,0
91.06097490710786,814.2709493722213,0.11183129519395622,1922.370007826684,0.047369119647292006,6,7256.262901945873,0,0,1,0,0,6,0,9,1
1247.8282319579507,933.455049788522,1.336784489237753,1427.0653584760037,0.8744015994407821,1,876.5759113934788,1,1,0,0,0,4,1,7,0
1071.779213818157,791.0456001026558,1.354889292954881,2503.8877081966875,0.42804603829061394,5,6893.033433722469,2,0,1,1,0,3,0,1,0
75.95907806705117,324.6933972600897,0.23394093846080136,1387.3722932402134,0.054750320759000055,5,1715.6732878919709,0,1,0,0,0,4,1,16,0
500.11913614353296,2240.17009862575,0.22325051854336192,7933.182837741846,0.06304142314283157,4,12306.638275885081,0,3,0,0,0,2,1,8,0
532.93800250553,1042.9183812361266,0.5110064335752347,1968.955887776471,0.27067036179635967,5,8972.642107440786,0,0,1,1,0,1,0,14,0
1398.9186938131963,927.5523031551714,1.5081830847216056,3174.5831938671727,0.4406621620487695,1,1412.2614873028006,1,1,0,0,0,4,1,16,0
521.2910951719351,1139.475747702703,0.4574832735342635,4969.061602253586,0.10490735211161749,2,3093.7927899805295,0,2,0,0,0,6,1,19,0
614.1752905158122,4266.937134648205,0.14393820933723434,11494.932531387209,0.05343009094127267,2,12397.145532776709,2,0,1,0,0,6,0,21,0
13170.35701747702,1558.420837726805,8.451091450168233,11886.269188790571,1.1080311919822088,4,9226.12002737371,1,4,0,0,0,3,1,13,1
2744.7212844922096,1149.5337902474832,2.3876821262481536,3091.3343089340483,0.8878759170627012,3,5939.606614286529,0,2,0,0,0,5,1,9,0
416.2637997433083,1040.0816988778834,0.40022221349765535,3398.7258727003664,0.12247642655939682,4,7256.361558699343,2,2,0,0,0,6,1,14,0
3433.108188099457,2165.733331492683,1.5851943257174992,10503.595319361895,0.32685076716265016,4,14642.272815752116,0,0,1,1,0,6,0,23,0
616.7506229780829,855.3783513617991,0.7210266918682118,2543.843172236774,0.24244836698631098,0,1435.520683146552,0,2,0,0,0,6,1,13,0
3735.3201075521174,1327.144707978263,2.814553744664668,4182.836576679077,0.8930112470513345,2,4490.427049070523,2,1,0,0,0,3,1,23,0
2642.303052826454,1990.3862597467396,1.3275328041918182,8315.709262831127,0.31774836869740053,3,8689.425431372469,0,2,0,0,0,2,1,13,0
791.1878926089789,1081.015600064261,0.7318931313867688,4364.624844174255,0.18127282890419052,1,1289.6054103606446,0,0,1,0,0,7,0,2,1
2691.9865987214953,1051.9062050295665,2.5591507929605095,2939.8033288729125,0.9157029561408017,3,2086.01744472213,1,3,0,0,0,2,1,16,0
1493.0251404128649,1594.2666828005135,0.9364964823765832,7509.590136212484,0.1988157959797634,4,10871.465481301064,0,1,0,1,0,2,1,18,0
622.2017864624669,1363.182044815756,0.45643337867361805,3138.027644359572,0.19827798126024782,4,6779.76630982452,2,2,0,1,0,7,1,13,0
332.3044781103424,371.4374397837444,0.8946445417667489,770.6574890628032,0.43119606676950356,5,2515.683976462192,1,4,0,0,0,5,1,5,0
693.5255210220578,1127.5521339192705,0.6150718003711501,3632.129127634174,0.19094186815813816,1,1298.164180275549,0,1,0,0,0,6,1,4,0
217.202845065673,1015.9816097058066,0.2137861974967908,1611.6564660554352,0.13476993989747812,0,883.124335959783,1,1,0,0,0,4,1,9,0
7482.94118604496,2346.765431276286,3.18861914630103,5524.3439527954115,1.3545393353465012,4,5960.548915359865,2,1,0,1,0,3,1,9,0
1095.7526159272982,947.0485370270388,1.1570184347331014,3731.9637363070597,0.2936128787284501,2,1539.1069137457746,0,4,0,0,0,8,1,17,0
2800.8846349647156,1068.4331643805435,2.621487921136006,4745.068307887775,0.5902727744316719,0,828.6431385963068,4,0,1,0,1,4,0,0,1
1419.6253448835357,1779.2809740557207,0.7978646237348448,6330.074956951652,0.22426675111082395,7,8137.634547404261,0,1,0,0,0,2,1,20,0
2429.491561015271,804.3655552622114,3.0203823934545437,3691.0871568917605,0.6582048750810667,2,1571.4128574431295,2,5,0,0,0,3,1,20,0
595.0731413716122,885.010221365899,0.6723912639711591,1647.2764764705748,0.361246669804091,4,3089.8967928839616,0,2,0,0,0,2,1,5,0
2673.600335846743,1074.6622090655094,2.4878518229198896,2759.7608400051377,0.9687797207245559,3,3317.807757285438,1,2,0,0,0,4,1,7,1
808.7223220230471,1125.8096680088477,0.7183472881818345,3157.865643623548,0.256097761364877,3,2104.063795275806,0,2,0,0,0,7,1,15,0
4472.1823072421,2172.455345376709,2.0585842267181853,5032.983548571193,0.8885747914895733,3,6701.104806636562,1,1,0,1,0,5,1,23,0
7446.100809301895,1941.5293581660644,3.835172915610895,9194.101289433698,0.8098780484242991,4,8745.945232811177,0,1,0,0,0,3,1,13,0
1184.238382016911,1464.0033882301677,0.8089041265461383,3709.9006174518922,0.3192102711447546,6,9454.719473880743,1,3,0,0,0,3,1,15,0
844.6521250444845,1123.6305551139503,0.7517169421926463,3056.3421886733568,0.2763604573384226,5,4790.179763305388,2,2,0,0,0,4,1,11,0
4512.073085037365,2535.0998926407296,1.7798403519071146,8293.015784725103,0.5440810921098387,5,19719.325494639554,1,2,0,0,0,4,1,8,0
385.08668001218336,614.5074525205349,0.6266590884010719,1464.9900075516052,0.2628595949645878,3,2210.1708912027457,1,1,0,1,0,3,1,10,0
666.6467806971002,1053.2904078406123,0.6329183060385182,2802.543718694446,0.23787203612568622,2,2429.1609752381723,2,2,0,0,0,3,1,11,0
1026.5766424387382,1087.6870629581845,0.9438161741546837,3451.3472486276105,0.2974422938308931,3,3198.97904664227,2,2,0,0,0,4,1,13,0
1154.0864879754167,1796.3925836244716,0.6424467004015831,6679.261827822407,0.17278653206377978,1,2568.395343181964,2,2,0,0,0,1,1,1,0
1898.9669918744735,2591.819980624027,0.7326770400995456,5026.2285900637125,0.37781150575374095,0,1686.146310501172,0,0,1,0,0,6,0,2,0
71.64656893174543,320.29653621899234,0.2236882414574706,1177.7075230500966,0.060835621348661266,1,419.8054960554206,4,3,0,0,1,4,1,5,0
287.2333821240601,1678.4148230837648,0.17113372580702305,5240.0991037853455,0.05481449423667737,3,7798.385499152611,1,1,0,0,0,1,1,5,0
3933.451833897457,3530.101660570707,1.1142602146085339,16395.52542901759,0.2399100810112401,7,17698.984605677637,0,2,0,0,0,4,1,21,0
427.84437062127773,1125.5666741174934,0.3801146395496574,4744.0379014863975,0.09018569823972652,2,1658.7700381641455,1,1,0,0,0,2,1,22,0
2197.1440312562454,849.1577460204979,2.587439190836997,3707.3390506460673,0.5926471793491225,3,2544.916863936017,2,0,1,1,0,3,0,18,0
1967.293655000952,939.8730380221638,2.093148303456876,3464.238143771482,0.5678863788674697,0,863.5852293644863,2,1,0,0,0,2,1,4,0
271.2401579815314,1024.8770258566055,0.2646562964515917,2912.5083647415872,0.09312940050752343,4,5839.878974219847,0,2,0,0,0,5,1,15,0
5441.0378616825965,1751.2039457926987,3.107026954087669,7661.812696814402,0.7101502055701322,3,7752.490406934097,1,1,0,0,0,6,1,5,0
182.89475927196412,1245.0823511226395,0.14689370474736507,4163.493907229008,0.04392819188576375,2,3411.0188886938085,0,2,0,0,0,1,1,7,0
347.03729147169497,567.946374999461,0.6110388352633193,2324.9542870356568,0.14926628596821637,5,4036.438673067984,0,3,0,0,0,4,1,17,0
136.2097070139919,1449.245647900843,0.09398662484257557,6110.053237379022,0.022292720164975296,2,4987.518256182437,0,1,0,0,0,8,1,16,0
702.5011752052325,1278.6177764054094,0.549422343540523,5178.384163875898,0.13566030502445903,4,3789.3078247039502,2,0,1,0,0,1,0,22,0
6648.028447129549,3095.64182260234,2.1475444602763853,10850.766829477468,0.6126782145082453,6,17377.131308788837,1,1,0,1,0,4,1,14,0
601.2061681723554,674.2110408110369,0.8917180701299984,3352.5921258718154,0.17932577110495254,5,6037.391699408753,1,4,0,1,0,2,1,4,0
1339.8315542064122,940.3722478400521,1.424788489115753,3466.256459082766,0.3865356098206755,7,4934.163926033911,3,2,0,0,0,3,1,9,0
3503.324647160231,1042.1601496497885,3.361599124988133,1932.1297387888387,1.8131932741516108,2,1569.9697042921125,2,2,0,0,0,7,1,14,0
948.0672095200886,1445.7088633547523,0.6557801736928613,3306.4872960469047,0.2867294275267766,2,2744.258733870142,0,1,0,0,0,2,1,10,0
4762.948420519426,1659.7362798745457,2.8697019389607137,2817.2037261162595,1.6906652424052877,4,9117.983619257448,1,2,0,0,0,3,1,23,0
1245.803686187032,1647.8244667879421,0.7560293655643081,7438.8989614337215,0.16747151596570745,0,2836.0247124001103,1,2,0,0,0,6,1,22,0
1234.1580483889936,1207.1935758021007,1.0223364944341895,4073.687560439615,0.30295844491711793,3,4486.393670979749,2,2,0,0,0,3,1,4,0
139.33835747539192,511.1015809280984,0.2726236088379347,1964.4087290972589,0.07093144894516155,4,2260.999057008073,1,0,1,0,0,3,0,13,0
2749.8799153945056,1083.924300120676,2.5369667559702784,3066.7975367492886,0.896661707348733,1,1406.0537351756645,0,2,0,0,0,3,1,2,1
718.5042041236487,1242.3243021242108,0.5783547845720326,2861.4197188621797,0.2511005985550963,2,2094.262223413332,1,0,1,0,0,1,0,13,1
598.2436724997392,945.6615431748328,0.6326192249409646,1726.0319270442044,0.3466005831793736,2,1363.4811278279662,0,0,1,1,0,6,0,21,0
1768.3184949666709,1132.6477700585926,1.5612254239243277,3948.35300832084,0.4478623089779663,4,6239.555684825511,3,1,0,1,0,7,1,3,0
522.3227794377688,1097.7898575006627,0.47579486717698466,4587.337930016543,0.11386184916093267,5,4706.846072290437,1,1,0,1,0,5,1,9,0
2820.9780912795086,1297.3438768322135,2.1744258724738623,2573.9246868000632,1.095983152011563,5,6414.010820568232,1,2,0,0,0,2,1,3,0
268.8193768371525,950.9974547460328,0.2826709740342488,3680.5211160213503,0.07303840091202811,0,744.6198416851415,2,1,0,0,0,1,1,6,0
1826.9648284715838,1220.4542523216758,1.4969547813825386,4281.116019344964,0.4267496653246786,5,10343.496032283378,1,2,0,0,0,6,1,2,0
807.1512462557478,904.7263145661041,0.8921496294079253,4049.4379866769445,0.19932426398709055,5,4122.453148049239,1,1,0,0,0,7,1,8,0
1218.294341760822,754.9026561959315,1.613842966058685,1634.3020602157014,0.7454523685786866,3,1604.4758212212314,2,3,0,0,0,4,1,5,0
250.4486061436813,620.6419484153604,0.40353154791282375,3051.1273005798043,0.08208395831143744,2,831.3975625355172,1,1,0,0,0,5,1,19,0
1900.4793032082216,838.6897448141457,2.2660099458225393,1519.302372264879,1.250889446302324,3,1812.5074777754012,0,4,0,0,0,4,1,3,0
1527.4010740079386,1228.6938513845105,1.2431095608453158,4744.124671047485,0.3219563523128692,7,9605.348414723874,0,1,0,0,0,10,1,16,0
2009.4122026622142,1413.0363028094812,1.422052780007834,3975.019091903373,0.5055100758522495,0,2326.378990391502,0,5,0,0,0,3,1,9,0
3537.8916916856015,553.3611006475634,6.3934593298036875,2998.678102649524,1.1798170962597312,5,2988.7114615625346,1,0,1,0,0,6,0,0,0
839.0260943025645,645.9017854022876,1.2989994969281484,1543.6136896239211,0.543546678772317,10,5391.70118491545,2,1,0,1,0,3,1,6,0
541.630477489691,1805.5708036957262,0.29997742341704714,3349.7085316313114,0.16169480788405086,3,9655.327730982423,2,0,1,0,0,4,0,15,0
634.7682563441817,455.22869631093585,1.3943942055678638,1832.1572959373473,0.34645947580577624,6,3326.816687812206,2,4,0,0,0,1,1,14,0
2122.1698713892215,1212.706564228158,1.7499450683190643,5465.591537386885,0.3882781684055075,0,2063.9062158795464,0,2,0,1,0,3,1,11,0
164.07922575994996,646.5078228332702,0.2537931019007404,2438.5207206829273,0.0672863775026682,0,1087.979500787986,1,2,0,0,0,3,1,16,0
235.26432559519628,419.34480895858604,0.5610283484358827,1784.0548833551516,0.1318705650763112,3,1988.3547623913787,2,4,0,1,0,6,1,10,1
395.93270279462797,938.2426996266539,0.4219939072823884,1595.4505685327406,0.24816356620734936,1,1252.316539179969,0,2,0,1,0,2,1,4,0
904.2004896858826,1183.0849641844454,0.7642735027988369,5746.660279896364,0.15734364755283378,2,2048.942267407907,0,0,1,0,0,5,0,9,0
131.82481460514092,745.7944663623854,0.17675756599283557,1549.9877967053428,0.08504893708540674,3,1441.2957175261542,1,3,0,1,0,9,1,10,0
7122.983771535356,1786.949690826634,3.9861132118612135,5928.789182696469,1.201423014386178,0,2928.4987257685184,2,0,1,0,0,1,0,14,0
456.0108870111213,782.0960179602688,0.5830625352119964,3088.349609492086,0.14765520250996372,4,3077.162589438861,0,1,0,0,0,4,1,14,0
8194.652619719065,2867.228368991225,2.85803973912346,11042.370216832556,0.7421099328138318,2,3961.911403049033,1,2,0,0,0,4,1,13,0
2032.9531696152858,1160.6642639935908,1.7515428299828415,5423.858903187361,0.3748167505649178,2,2396.058269522737,0,1,0,1,0,3,1,15,0
6439.258992233397,1304.2267261203335,4.9372236155504785,5913.321769231977,1.0889410797393035,2,2634.2329772431813,4,3,0,0,1,4,1,0,0
4013.321195281841,1651.0235894645564,2.4308079066171318,6896.437306779061,0.5819412280217244,3,4303.350725349496,1,2,0,0,0,5,1,3,0
154.93048190104642,519.9755119696406,0.29795726593773175,1695.2937093644587,0.09138857830076397,5,3234.330058209711,0,2,0,0,0,3,1,21,0
341.5556341717351,384.5835873273181,0.888118072186575,1058.9293934137381,0.32254807194523183,5,2437.4929761583967,5,0,1,0,1,2,0,12,0
2002.7606963240637,1415.5358392822689,1.4148428042200192,4181.671180451389,0.4789378719413984,1,2115.461049947419,0,3,0,0,0,2,1,23,0
2293.1815599287684,1204.9612575250924,1.9031164243726855,2612.02718112352,0.8779317368904233,0,1034.1552350746285,0,2,0,0,0,2,1,2,0
234.9624573021554,765.4494629148996,0.30696011779457977,1465.246720216322,0.16035692423694126,3,3155.718202218854,0,0,1,0,0,4,0,6,0
699.7466207213184,970.5712177022186,0.7209637046294608,3217.0363039460663,0.21751281446932957,1,881.3765388604423,2,1,0,0,0,5,1,3,0
1302.19797640301,561.2225883253357,2.3202878919907937,2499.6115995315035,0.5209601270241656,5,3730.4411905020893,2,1,0,0,0,1,1,15,0
2092.136469631893,2385.7810471443536,0.8769188908328629,8980.753409791787,0.23295779030641459,3,10496.968186099333,0,3,0,0,0,3,1,18,0
204.8228432835077,610.2372748826562,0.3356445954942584,2404.0493451712573,0.08519910113114451,2,1266.6878281808915,0,4,0,0,0,4,1,20,0
407.1606485307511,462.15782461298113,0.8809991454146955,794.2709811802279,0.5126218358446641,3,837.8814014679423,0,2,0,0,0,2,1,21,0
1679.4112082933905,2805.7674110389585,0.5985568161088288,6042.991607258303,0.2779105644092293,1,4561.888861573224,0,4,0,0,0,6,1,15,0
2250.147933585265,3247.682779698336,0.6928472040592191,7006.839738027812,0.32113592114475925,3,9255.576218174025,0,1,0,0,0,5,1,14,0
299.7638535424556,528.1540953853342,0.5675689276322885,1602.057209784626,0.1871118282865533,3,2057.101647714322,1,0,1,0,0,4,0,15,0
496.1660211278854,1033.3493426774317,0.48015322663515514,4189.645646207155,0.11842672698992089,4,4051.3924713993597,1,1,0,0,0,5,1,0,0
3312.4717359857414,1588.791037735619,2.0849008191201475,3685.076570642036,0.89888817029618,3,3784.304982261327,1,2,0,1,0,1,1,2,0
221.06583290381178,915.1088519448948,0.24157326468209459,4543.664513112837,0.048653643389784715,2,2346.466553885441,0,0,1,1,0,2,0,5,0
1618.9430197881434,589.7177547400667,2.7452845141176634,1713.244739135592,0.944957239795741,3,1246.1180308645187,1,1,0,0,0,2,1,4,1
1672.041794251192,366.6454749499704,4.560377554037305,1841.7895958412084,0.9078353998886138,2,800.3744604202495,0,2,0,0,0,8,1,2,0
410.53278241046985,394.9036059343578,1.03957719362712,619.0220763745593,0.6631957050947949,2,663.092934140324,0,1,0,0,0,1,1,15,0
3344.1309465171294,679.6604171193968,4.920296757446243,3774.2846210188263,0.8860304090194497,7,5378.299650012231,1,1,0,0,0,4,1,21,0
1756.4690761912047,842.9178390948872,2.0837963022318706,4019.4747943929788,0.43698969791809994,2,2921.4841954443536,1,1,0,0,0,4,1,17,0
683.4939524819658,421.45951980495664,1.621730961963497,1227.6310847846974,0.5567584276361309,5,2318.8281795947855,1,2,0,0,0,2,1,17,1
899.8844528239295,1835.3876676767243,0.490296665206988,8980.508803004455,0.10020417245433472,2,2612.8635009262857,1,4,0,0,0,4,1,13,0
5356.7601879319,1349.7107894924327,3.9688207500707198,4992.706769038524,1.0729170439471822,5,10874.105621300509,0,1,0,1,0,3,1,14,0
434.05588138297867,977.3181995902731,0.44412953894130947,3781.4568696426672,0.11478535822200062,1,1342.819230641547,5,2,0,0,1,2,1,14,0
579.3819082135584,537.1541859979071,1.0786137822554656,1827.6674241815977,0.3170062017563163,1,813.2635247339441,0,3,0,0,0,5,1,21,0
1139.3854640786922,1321.3878951251675,0.8622641907664552,3635.227744665103,0.31342890847782595,1,995.0246453065902,1,5,0,0,0,1,1,22,0
405.71626709614765,760.7278051136767,0.5333264596993675,1488.9660168407397,0.2724818850849188,2,2468.027839517506,0,4,0,0,0,7,1,9,0
1661.555682941072,1776.4038101323486,0.9353479616874274,6648.507004497852,0.24991410580104606,1,2483.9240224738105,2,4,0,0,0,7,1,3,0
1380.707109227741,859.7178762320306,1.6060002326334086,2875.7090622816086,0.48012753700900396,2,3078.003871308853,1,2,0,0,0,5,1,17,0
287.1142440918956,855.9485866319525,0.33543398350788006,1882.1191102682735,0.15254839214239257,6,3897.842254566727,2,1,0,0,0,6,1,15,0
828.3315626658047,499.32071269913865,1.6589168876815823,1598.760844983251,0.5181084871230272,2,1630.5350300331356,2,2,0,0,0,4,1,1,0
1139.7447986632965,336.6959540498929,3.385086113907994,1177.8550520320218,0.967644360566287,3,1458.1852388606828,0,0,1,0,0,6,0,12,0
808.3929290147493,1297.7552062006614,0.6229163444324908,2450.805788666488,0.32984781281041664,7,9244.210968601363,0,0,1,0,0,2,0,9,1
1172.7179116176387,1211.5649584818134,0.967936472087429,5189.541332405442,0.225977179195924,4,5995.577726981557,1,1,0,1,0,3,1,1,1
416.6797715913045,646.3276942348789,0.6446880975517674,1350.1142052448713,0.3086255740237404,4,2671.9736647971768,0,1,0,0,0,2,1,23,0
306.4786175413912,1331.3233163922378,0.2302060016284547,2346.866983628336,0.13059053609743354,7,9360.7349989549,1,2,0,0,0,3,1,20,0
658.3893491288635,644.2242936149415,1.0219877698719455,1184.8221590930696,0.5556862218316648,1,1061.8223497126364,0,3,0,1,0,3,1,11,0
1164.2202906769007,1285.5929592428502,0.9055901265689633,4327.699503286223,0.2690159725260162,5,5276.577890410832,1,2,0,0,0,2,1,1,0
168.27385637834365,382.804411839487,0.43958181038128225,1244.4862888032183,0.13521551654873362,1,415.7260656509415,0,3,0,0,0,1,1,20,0
79.24033803934108,429.08786013469233,0.1846715915348135,998.7136693760935,0.07934239859642986,5,1462.42748511887,1,2,0,1,0,4,1,22,0
447.0474878890971,1362.0588039836591,0.32821452831669407,2685.9463236750516,0.16643947198372283,3,2524.4597940636854,2,2,0,0,0,4,1,10,0
1623.1837842951516,1324.8785996920872,1.2251566178760778,2226.671545043159,0.7289731563276837,1,1879.5750419922063,2,3,0,0,0,5,1,1,0
153.81620766503332,717.333265129893,0.2144278191771584,2448.758177989521,0.06281396384812464,0,743.091325787577,2,2,0,0,0,7,1,18,0
174.16490982171482,603.1187442027806,0.2887738301881679,1635.4913280984233,0.10649087942533782,2,1315.6205446449378,0,1,0,0,0,5,1,0,0
325.4582529019997,1056.0908111896722,0.3081726016869471,2552.8341723513895,0.12748899103078967,3,4563.920015377201,0,1,0,0,0,3,1,10,0
8418.27314719036,2952.715033092958,2.8510279701364376,13573.28530184984,0.6202089589941112,2,4635.445959027034,0,2,0,0,0,3,1,18,1
1269.0589123249279,1331.3633262349547,0.9532025460801739,5828.086442321744,0.21774881427794524,2,3024.742931456684,3,1,0,0,0,8,1,22,0
1109.5973666085597,1452.097450601003,0.7641342295238607,6980.678818230401,0.15895264565256736,5,4495.375734924676,0,1,0,0,0,7,1,16,0
1717.42847356023,2014.8702034192456,0.8523767291043088,6687.851178831309,0.25679824918896416,5,16567.54563943708,1,0,1,0,0,4,0,5,0
463.85971888819495,609.4609453591553,0.7610983483360734,1764.482548768363,0.26288711056506425,1,898.5121007324668,1,2,0,0,0,4,1,13,0
5638.477377247846,2970.236146583934,1.898326294268775,9938.091966466309,0.5673601528616887,2,3855.5062792888516,3,2,0,0,0,10,1,2,0
1000.6344905084155,789.4911452951096,1.267442322148377,3253.6325535268684,0.3075437911462218,0,1041.4281778480265,0,1,0,0,0,2,1,9,0
701.6318615883029,493.50903171192545,1.4217204073336278,946.898383111147,0.7409790470683961,3,1738.4438641821957,4,3,0,0,1,7,1,18,0
1407.0253834026996,898.2821007412888,1.5663513524777806,3521.175761148781,0.39958964813039,2,1600.7914567470643,1,4,0,0,0,2,1,23,0
736.9103975158413,500.1980779650271,1.4732371633930281,1727.185043286387,0.42665399424354156,2,865.8530869362105,1,3,0,0,0,3,1,18,0
697.5939664738501,541.1698163499582,1.289048179329235,1632.9657909076302,0.4271944766743187,3,1149.3709975440458,0,2,0,0,0,8,1,2,0
2073.5697317749696,1310.332840283637,1.5824755879018653,4275.092081800433,0.4850351038290844,6,4755.855988193837,0,3,0,0,0,6,1,13,0
1032.2806854263179,1381.2073364015282,0.7473756171290894,2493.697734225534,0.41395581800410647,2,4053.5438409251697,2,3,0,0,0,4,1,20,0
788.3775530681419,2341.539172868043,0.33669201959260614,6074.050995574211,0.12979435859899502,3,10686.835627145212,1,0,1,0,0,1,0,9,0
185.15305312766165,394.5870132774865,0.4692325061328259,1553.7437880320065,0.11916575599776272,2,914.7514712662144,1,0,1,0,0,4,0,6,0
298.72208036684157,557.1464167433136,0.5361644109872606,2407.935229159375,0.12405735700421115,3,1293.5923611441258,2,0,1,0,0,6,0,16,0
3401.418895781019,826.3013896408629,4.1164385518695354,3787.630194371128,0.8980335252464549,3,2060.2312756898805,2,0,1,0,0,4,0,5,0
1798.2509397972933,1671.0024164199913,1.0761510109901118,4411.629112843373,0.40761607419856033,5,11469.075627977418,0,1,0,0,0,1,1,16,0
335.661478502375,1540.9286005643166,0.21783064989477743,2397.5908193396126,0.1399994843969368,2,4108.268392837481,1,2,0,0,0,2,1,6,0
603.3925335060007,2273.5508551265107,0.265396541337724,7648.966381344683,0.07888549948103246,0,3295.0579898931087,2,5,0,0,0,4,1,14,0
6958.600476231462,1417.8298086091004,4.907923668961292,7257.900152182516,0.9587622218995323,2,3067.003002158324,0,1,0,0,0,2,1,19,0
9911.19125831071,4087.7277827580856,2.424621155086652,7899.671378629835,1.2546333617272272,2,12612.37344769117,1,3,0,0,0,4,1,18,0
1174.6254693565145,1379.923091936967,0.851225315541114,6096.296677901609,0.19267852786994438,1,1903.479265049663,0,2,0,1,0,6,1,6,0
1178.8971727192404,2064.324931286606,0.5710812066705429,9956.714585136318,0.11840222622019651,2,4004.956941451249,3,0,1,0,0,4,0,4,0
7335.813173069099,1052.3277043022242,6.971034919139869,4316.631511334917,1.6994300194042973,2,2755.939248102279,1,3,0,0,0,8,1,13,0
589.9934412652195,1734.1311042741695,0.34022424245262856,7340.32305439332,0.08037704020562113,3,7483.66502336051,1,3,0,0,0,5,1,2,0
1318.7181564724722,821.4378869848292,1.6053778105036771,2549.0318660198045,0.5173407888900148,2,2197.473292471428,2,1,0,0,0,3,1,8,0
12435.83646829068,1884.205353089209,6.600043062133205,7945.971065010739,1.5650493019098193,1,1671.9715639324122,2,0,1,0,0,4,0,8,1
1743.3172713540403,715.5763674966144,2.436242098733492,3440.462299818487,0.5067101800377277,3,2201.520070216719,1,4,0,0,0,2,1,7,0
890.7804366809376,296.25703385197494,3.0067824047884604,857.605015382643,1.038683800471354,3,1543.6605756300457,1,2,0,0,0,4,1,7,0
1741.8385648034598,970.5777313752716,1.7946409736140774,1801.30501976506,0.9669870153532597,3,2116.5243861112253,3,1,0,0,0,4,1,15,0
2008.4738479352447,1708.428725982989,1.1756263620418914,6965.465308866469,0.28834740521622026,3,6338.368368955864,1,0,1,0,0,3,0,20,0
5438.538288877612,2184.094427950495,2.490065548118729,5191.33831291782,1.0476177742730952,4,13120.804610821378,2,2,0,0,0,4,1,8,0
1196.1443327119355,1274.76362906733,0.938326373170126,5831.213528223981,0.20512785664980554,3,3602.041890372769,0,1,0,0,0,3,1,8,0
873.4248195777208,1441.6400073392795,0.6058550089697716,6505.165475585454,0.13426634923519973,3,2669.873358926259,0,5,0,0,0,3,1,1,0
887.8016654080363,1635.872661643483,0.5427082964490063,2671.4334971013977,0.3323315614524312,2,4810.088955307001,1,1,0,0,0,5,1,0,0
2039.9258612354101,3078.6013235886867,0.6626144949673102,6480.058320270536,0.3148005404294333,2,6463.457332742288,1,1,0,0,0,1,1,10,0
525.0509288251681,1252.6901204115898,0.41913871616761444,2859.3622746112364,0.18362518575809175,2,3610.9192507604944,0,1,0,0,0,8,1,13,0
9317.030468620074,6062.188549508962,1.5369087240572146,23261.37183368011,0.400536586373206,2,19681.19488922696,1,3,0,0,0,7,1,2,0
1072.8330220741723,936.4078523937565,1.1456899035304644,1535.0857983972344,0.698874957474237,3,3502.977930456946,1,2,0,0,0,2,1,4,0
1479.3388082247798,2431.841001323322,0.6083205305855834,10649.566284022565,0.13891070948534465,5,13922.817872151292,0,1,0,0,0,2,1,16,0
5036.921881544792,2014.9667981121179,2.4997542819385576,3488.7020393804232,1.4437810465577408,7,11743.707286223767,1,3,0,0,0,3,1,18,0
1995.4771946179633,1576.5330224955053,1.2657376446573305,5451.40368831954,0.3660483260290512,1,2234.8520446702546,2,2,0,0,0,3,1,8,0
3596.917328245075,479.6148920216549,7.499594754206823,3249.8320570007163,1.1068009869915203,2,1253.3332347553949,1,3,0,1,0,2,1,19,1
548.8600764363434,737.4149599698832,0.7443028772548356,2236.9189295970846,0.24536431301746126,4,1909.6817699735327,1,5,0,0,0,3,1,10,0
1143.6498955977029,374.2445499941859,3.0558892457230713,1335.4787582753627,0.8563594804567408,4,1604.7259004502826,0,0,1,0,0,2,0,23,0
321.08545839057535,332.7291995093175,0.9650053522927552,1304.738817748985,0.24609174956910654,2,1057.4351581712442,2,4,0,0,0,3,1,6,0
1038.9031953895544,905.7562887350635,1.147000808396746,2463.3933543519374,0.4217366234077814,2,2330.679481782318,0,3,0,0,0,1,1,8,0
3651.085213602171,1318.7799164987023,2.768532617099317,4036.986909095207,0.9044084847975079,2,2505.6907114033934,2,1,0,0,0,5,1,18,1
374.29293815458783,1285.7002847234435,0.2911198998723866,4530.451978901881,0.08261712957065957,3,4904.559085605591,0,2,0,0,0,7,1,22,0
815.6050460465351,671.3025331188701,1.2149589876523121,2490.8975618162317,0.32743419823809966,5,5026.421500680409,0,3,0,0,0,5,1,13,0
3508.4027589878133,1279.643374622342,2.741703531285222,3874.1528954732703,0.905592229745807,3,4957.4713473852735,1,2,0,0,0,6,1,8,0
1131.802300060402,2582.580609881129,0.4382447137293797,6206.334418704053,0.18236244193504708,4,10927.23402083102,0,2,0,0,0,7,1,11,0
590.8364525664714,553.1772120914961,1.0680780763411968,2572.8566839097466,0.22964219354364837,10,7624.531514108953,0,1,0,0,0,4,1,9,1
2212.7248741448634,2582.382623625545,0.8568539975064968,6736.472168668159,0.32846938556896504,3,9379.046409230545,1,3,0,0,0,2,1,19,0
726.8264696333578,2041.6121947513843,0.3560061364748394,5560.446092489172,0.13071369770406116,3,8916.722767856761,1,1,0,0,0,5,1,1,0
564.6390359299245,2444.6331549787183,0.23097086562046565,6740.519297299983,0.08376788360447232,2,3063.9923874883043,0,2,0,0,0,3,1,7,0
509.7249135604128,482.85265745575765,1.0556531183782858,1919.4403147562507,0.2655591370264319,3,1230.912659046447,1,3,0,0,0,4,1,20,0
3798.6287785349336,1916.644257410822,1.9819164478996576,5783.594726301048,0.6567937343985343,3,7921.651071767983,1,0,1,0,0,3,0,21,1
522.8115558159092,953.24027534599,0.5484572665859596,1857.1034124393416,0.2815198939994332,4,3269.727517635733,2,0,1,0,0,6,0,14,0
2914.803696095245,867.4426669684716,3.3602263378188053,2827.8149302812317,1.0307618312933096,3,2274.892728655627,1,2,0,0,0,2,1,12,0
3451.11394257787,1714.5177624935277,2.0128773338333366,5713.7804499981585,0.6039983462400944,5,11110.020233472098,1,1,0,0,0,3,1,9,1
325.3583991901223,1427.5089706680646,0.22792038850575963,6307.983006400833,0.05157883254599368,1,2144.2528810190215,1,2,0,0,0,7,1,7,0
560.3908366969652,1097.0638598523146,0.5108096777268775,4233.175917165254,0.1323807107624837,8,10537.814666090764,0,2,0,0,0,2,1,5,0
1813.8323067066467,682.2454848078536,2.658621195884486,2744.466125470131,0.6609053359680053,3,3589.3301310092984,0,1,0,0,0,1,1,20,0
447.1243312543703,1305.904510757786,0.3423866964016492,4616.7785906671315,0.09684768772716046,5,7315.016412439529,0,4,0,1,0,3,1,2,0
753.8338743614383,810.2439962460882,0.9303788461920095,1907.1950841908742,0.3952578740424196,2,2862.5368769455954,2,1,0,0,0,6,1,15,0
729.2295448029325,949.5379901133402,0.7679835376738208,2594.785116940878,0.28103658373941104,3,1811.206942346628,1,1,0,0,0,2,1,10,0
580.8291544955812,1228.3068155290987,0.4728697644206968,5801.762746619384,0.10011253128784406,0,1616.0790624522886,1,1,0,0,0,5,1,3,0
3884.2035219863487,881.6486945253331,4.405613648730629,3474.451160488979,1.117932974898891,3,2928.3914133753956,1,2,0,0,0,5,1,16,1
1467.0605030387253,369.3115139371498,3.972420159335711,1711.0572011335842,0.8574000343569989,3,737.3742171422147,0,0,1,0,0,5,0,23,0
332.00551537347826,1301.9863228927634,0.2549992342744629,4750.767915763978,0.06988459997631519,2,2624.437033211038,0,1,0,0,0,5,1,14,0
1768.0226600072858,2095.5421417146267,0.8437065639542062,8834.695284299802,0.20012265314336886,7,16725.036842657493,1,0,1,0,0,5,0,20,0
1364.6575180286345,2052.1698892759146,0.6649827215378055,5523.683075985641,0.24705572337441287,2,3002.151691287471,0,9,0,0,0,5,1,20,0
1136.720661619409,1528.7272913916067,0.74357321153379,5450.100352031605,0.20856875804051564,3,7547.112196339846,2,5,0,0,0,1,1,20,0
341.1793419722385,1249.5386058335089,0.2730442584002066,3862.5638004544317,0.08832976219890495,7,14673.39841129547,0,3,0,0,0,7,1,3,0
1307.0982603767172,2971.627044315812,0.4398594577596678,13728.256151905452,0.09521225754483717,3,9240.073638964663,2,0,1,0,0,3,0,20,0
302.13233636885303,649.0375821221859,0.46550823048021045,1378.8971388866694,0.2191115840684075,4,3780.3903869644187,1,2,0,0,0,6,1,21,0
803.3435504258841,890.5929538967226,0.9020322324704173,2036.7493492759297,0.3944243560021144,6,9184.015608310567,0,1,0,0,0,6,1,14,0
1846.5153791880748,813.5679413638035,2.2696511075555863,1823.3151084817005,1.0127242244626018,2,2382.100730741596,2,5,0,0,0,5,1,8,0
1079.851403923659,1208.635655319367,0.8934465892769989,3180.3648004266397,0.3395369624826684,3,2956.7039249589347,1,3,0,0,0,3,1,10,0
617.1271376708639,385.6840536999931,1.6000846593229918,1435.501558792828,0.4299034953259343,3,1667.8498325659273,0,6,0,0,0,1,1,13,0
2788.8292271565724,1108.2165837837997,2.516501979815744,3718.915886897733,0.7499038192775515,1,1410.7953405154262,2,3,0,0,0,4,1,12,0
826.1332514290974,1302.1690692730615,0.6344285630208434,3134.155065845058,0.26359042040772424,6,5286.261750560278,0,1,0,0,0,13,1,7,1
2699.378213226687,3624.18465154396,0.7448235873072055,15701.544494679016,0.171918005527511,2,8546.805928532862,1,0,1,1,0,6,0,17,0
2242.468181149524,2653.5992794028243,0.8450666227397292,7348.923174851409,0.3051424171671063,4,9678.660146930373,2,1,0,0,0,5,1,2,0
397.78923126280654,893.2181079100775,0.4453438950017939,2978.2557185124383,0.13356449843786147,1,807.4836562498779,0,2,0,0,0,8,1,22,0
304.3241588009253,1034.822528660872,0.29408343012665245,3176.1267224051617,0.0958161261810335,3,3926.7060840282984,3,0,1,1,0,1,0,19,0
870.3531626908476,884.5281408370384,0.9839745311745798,2418.36143850776,0.359893748234712,5,6571.228853054749,2,5,0,0,0,1,1,2,0
2288.651278771024,2554.6739895214337,0.895868235304559,9653.696382130656,0.2370751252346615,4,9855.906717230295,0,1,0,0,0,3,1,18,0
1109.4313119395015,712.1159775783515,1.5579362728417856,1128.1535967501,0.9834044895442143,3,1378.4766280655492,0,3,0,0,0,6,1,13,0
4859.298470026057,1704.4988175069661,2.8508664365830207,7782.876784058767,0.6243576257019882,2,3943.603866681149,1,0,1,0,0,5,0,21,0
1253.732872175356,1249.7321557843925,1.0032012590637491,6061.2232671736265,0.20684485901803398,3,6547.751099689992,2,4,0,0,0,4,1,6,0
5141.337259895316,1017.8422010677833,5.051212510644297,4165.249651259458,1.234340721531713,2,1329.3815524762008,0,1,0,0,0,4,1,8,0
5984.478961359446,4449.785322252412,1.3448916134071376,13187.60327495697,0.4537957987198377,4,10830.014514192599,1,4,0,0,0,3,1,4,0
2514.804305302291,2463.138354041509,1.0209756594370791,12127.94785323655,0.20735612782431057,2,3571.773278763383,1,2,0,0,0,5,1,6,0
358.55881111043993,390.22573862391965,0.918849721125139,600.4320397190124,0.5971680180128908,4,1967.2133809927948,1,2,0,0,0,6,1,21,0
317.72019338708867,554.9110948751518,0.5725605350503432,2646.8957470731184,0.12003502356993734,0,757.6542531630523,1,4,0,0,0,2,1,4,1
1039.9919005826296,476.740302001556,2.181464198047253,1862.5306741865522,0.558375716972736,0,704.1483662847464,0,3,0,0,0,8,1,7,0
499.20311988053516,1010.5119781233379,0.4940100965528634,3790.309843179964,0.1317050955026193,0,1152.5223419901804,1,1,0,0,0,4,1,11,0
2096.2361424219116,1594.9343680053194,1.3143087166925482,5207.618850058901,0.40253255907893526,5,11155.345065662426,1,0,1,0,0,6,0,2,1
635.503202641607,3488.7360584162775,0.18215857892387985,5824.378874268739,0.10911089686304026,0,3271.0016486920736,1,2,0,0,0,1,1,10,0
2051.4597534853533,2141.8506487208706,0.9577977599467548,3967.2131389050555,0.51710348843308,6,11468.671646171106,1,3,0,0,0,2,1,6,0
1828.803234809467,1142.025996880677,1.6013674292920208,5435.242726362851,0.3364713089884881,2,3166.8468837691257,2,2,0,0,0,10,1,23,0
442.8665780368663,1031.0631206045382,0.42952421552736997,3525.096004824946,0.12563248701048038,3,5242.744669379233,2,3,0,1,0,2,1,17,1
923.1537775994384,1513.3876595764232,0.6099916117049723,6917.141335297238,0.13345885718551237,4,5608.372364226545,0,2,0,0,0,4,1,7,0
230.97159278769712,511.5485898409403,0.45151447462598787,1816.4768400721816,0.12715361280274784,6,2899.5495785998446,0,2,0,0,0,2,1,19,0
303.0845530733732,835.5273460145095,0.36274641939500313,3195.488298384127,0.09484764917669544,4,4245.551945861752,0,0,1,0,0,2,0,19,0
1115.0881829605971,2094.441235150972,0.5324036617719757,5580.3881091359735,0.19982269353900714,5,10941.143131817571,1,0,1,0,0,3,0,0,0
219.26200820401752,541.6210316493288,0.4048255060116982,1281.1990538177424,0.17113812842013598,3,2604.9844749081753,2,7,0,0,0,6,1,9,0
330.99615845326394,699.5971411636301,0.47312394373527983,3212.067670740618,0.1030476915129702,3,3647.7661680346255,1,4,0,0,0,3,1,4,0
479.13379592523245,2270.380441646149,0.21103678799216333,9075.430623468837,0.05279460730890327,1,1387.8929563192023,2,1,0,0,0,3,1,18,0
750.4694733048937,1672.4562156075751,0.4487229419230331,3676.12657103515,0.20414679930173654,2,6003.4353293471995,0,0,1,0,0,5,0,15,0
1137.6334220446645,1226.8469595199383,0.9272822606087863,2678.2553268198076,0.4247666048313265,6,10319.899648128241,2,1,0,0,0,5,1,4,1
1171.4161610428016,1268.2012177160002,0.9236832015920107,2507.302650279669,0.4672017400500653,3,5488.594954840411,0,1,0,0,0,8,1,13,0
2911.575751773243,1391.6474110127513,2.0921791890191397,5287.52826582563,0.5506496807953443,6,13901.646071603489,3,3,0,1,0,7,1,1,0
832.7824848137889,2186.460854763484,0.3808814976035203,7801.597398232101,0.10674512440266444,4,13060.92482091335,0,2,0,0,0,2,1,8,0
856.9012517896635,1661.9688658709226,0.515594045945392,7498.699792245381,0.11427331077793107,6,16497.60094360236,1,4,0,0,0,5,1,9,0
1944.5074385636537,924.2429033041872,2.10389220367503,2305.0567287191548,0.8435833332588537,2,1614.2073635143604,1,5,0,0,0,7,1,8,0
4226.107512472551,886.4982318981422,4.767192263230737,4220.996064285018,1.001210957818886,4,2531.5056946669483,2,4,0,0,0,6,1,5,0
240.02287844056343,1437.3478770786894,0.1669901088443484,5682.841079430395,0.042236422783200805,1,2059.1163587485385,4,1,0,0,1,3,1,4,0
1179.4874787847864,1024.655690976426,1.1511061609981557,2206.2482832456117,0.5346123044001387,5,5884.291961252825,4,1,0,0,1,3,1,20,0
1202.9203834466505,1770.9127856399846,0.6792657397930135,7493.139064411551,0.16053624163468236,5,5736.290827164351,0,3,0,1,0,5,1,4,1
352.8115092049019,1426.3268678761017,0.24735670143426686,6147.304168898631,0.05739288304455457,4,7741.79552982957,0,0,1,0,0,4,0,15,0
542.0225496234217,695.7245637845302,0.7790763440563083,1178.3659337868557,0.4599781223151546,4,2875.535151210163,0,1,0,0,0,4,1,13,1
117.1512013929275,344.69843783429394,0.3398657740631982,1122.4490176891586,0.10437106678939635,1,236.2957280087046,0,3,0,0,0,5,1,15,1
2616.9031604158135,1268.0351909549306,2.0637464788694695,4699.343259888874,0.5568657183977864,5,6031.112683120298,1,2,0,0,0,4,1,22,0
4302.066701766923,3080.6860949222128,1.3964638295533807,5598.240904573575,0.7684675909985008,5,10169.58899161753,1,6,0,0,0,3,1,3,0
1704.751449682086,2013.7151610446624,0.8465703008352512,8913.649265205551,0.19125179810883822,1,3515.178198280223,1,5,0,0,0,1,1,3,0
335.43323722518045,1390.1970804919274,0.24128466526953568,3559.5383429102785,0.09423503974701682,1,1491.0266240667886,1,0,1,0,0,5,0,9,0
187.72256914099614,408.51628822598684,0.45952285025450446,867.0453885996268,0.21650835309116706,5,1940.5313641075936,2,2,0,0,0,9,1,16,0
925.1999363437923,1669.1507005698656,0.5542938310051448,5337.794167188298,0.17333001374070303,3,5223.484159719081,0,3,0,0,0,2,1,21,0
3459.1523434904316,1984.2958746979143,1.743264392976197,6086.873161135273,0.5682970963773556,3,7324.9343452797975,0,2,0,0,0,1,1,0,0
499.8428133949332,709.1393081668458,0.7048584215237587,2437.0750391079305,0.20509947595946665,2,1214.3566050867132,0,2,0,0,0,5,1,13,0
90.5645065027154,517.7200932577326,0.17492947962062266,2349.794303801302,0.03854146141907301,3,2179.0626172505167,5,3,0,0,1,3,1,15,0
3093.99078147473,1517.574704160197,2.0387732959656164,2990.8865421064297,1.0344728019323948,1,1585.566768513682,0,3,0,0,0,1,1,0,0
788.3829360533214,949.3804272200164,0.8304183585940051,2156.9114041961193,0.3655147515653994,2,3172.1665514004144,0,1,0,0,0,5,1,3,0
973.6645136400202,796.8929056856728,1.2218260530281009,1567.151714987538,0.6212956310026198,3,2822.4174072681803,0,3,0,0,0,5,1,3,0
1814.4763175198682,1832.4662355862501,0.9901826741922879,4177.68372232029,0.43432591793045217,2,3111.1360086134755,2,1,0,0,0,5,1,2,0
872.0181252663647,1820.9812755607518,0.4788726479341947,8028.923978103509,0.10860958799018816,5,15409.985827685745,2,3,0,0,0,2,1,15,0
3804.480865937203,2997.3123322921742,1.2692974385581473,12011.622826649787,0.31673329414709295,7,15670.392146943817,0,2,0,0,0,4,1,19,0
526.4053380641371,2047.0161499242156,0.2571573937429002,7475.3823368375715,0.07041851698609314,2,4819.916575007321,2,1,0,0,0,1,1,1,0
223.8297565872509,1860.8623572999918,0.12028281173467095,7725.955376313546,0.028971142814709302,3,5181.061630950922,2,0,1,0,0,5,0,10,0
1693.8257649130574,1390.2675360827889,1.2183451896500244,5177.073775688366,0.3271782165568693,1,913.5770548277417,0,1,0,0,0,5,1,18,0
2730.927554869246,1148.7009166269015,2.3774052195313535,3538.8917401388226,0.771690053101799,5,10030.122518353784,2,1,0,0,0,2,1,20,0
410.6708499605423,1177.6104031961845,0.34873235566357885,4377.2103166422485,0.09382022344212312,2,3116.0889429514637,0,5,0,0,0,6,1,23,0
212.96765404669048,678.0745174795593,0.31407706462455354,2252.7370696542885,0.09453728840151465,8,8043.550298980504,2,2,0,0,0,5,1,12,0
1185.985239512326,846.7678523335519,1.4006025810308542,2254.3832834202067,0.526079681407602,4,4175.3705106539,0,2,0,0,0,3,1,7,0
1136.4223907751261,809.1964069775851,1.4043838813122724,3190.8203622494543,0.35615367264798786,2,1109.0147288497187,5,0,1,0,1,5,0,2,1
527.9670597772923,509.89552846323295,1.0354416352081472,772.7301431574672,0.6832489510761883,2,917.4824989008216,2,0,1,0,0,5,0,12,0
327.5046414426087,601.7902678277181,0.5442172446968974,2831.1487593781862,0.11567906502890352,2,1319.2204110631283,0,3,0,0,0,3,1,20,0
2196.7251651345764,1342.2058008741926,1.6366530108153508,2874.170932963906,0.7642987200031512,2,2702.9007329270635,0,2,0,0,0,8,1,13,0
1219.627235218038,1112.288736211566,1.0965023698541307,1823.4947922768654,0.6688405365255682,2,2122.38253070907,0,1,0,0,0,6,1,21,0
582.7392460639369,1434.0553036781273,0.4063575822838226,5441.8891827775815,0.10708399720967901,3,4958.543692415896,1,1,0,0,0,2,1,3,0
678.3406347054379,1157.2004982391506,0.586191101488145,5163.419568995852,0.13137430062406436,2,2154.5978313784985,1,2,0,0,0,2,1,15,0
101.08086497296625,662.4914780341998,0.15257685317387307,2534.365612284493,0.039884089526392885,3,2959.5409602852937,4,2,0,0,1,7,1,8,0
2774.7096348443843,1470.2351845303012,1.8872556336834136,6174.970878179493,0.4493478090154856,2,3064.992325157641,0,3,0,0,0,4,1,13,0
1544.7582547619145,916.4708268562467,1.6855509302580538,3790.1046764927255,0.4075766731042895,2,1864.5192537874268,0,1,0,0,0,5,1,13,0
2863.7178336765032,2195.488396809606,1.3043648228056868,5517.607729456882,0.5190143942977239,5,7504.2307166543105,3,1,0,1,0,5,1,16,0
2443.5578480575364,1335.7476663420073,1.829355880328286,2536.7256043324887,0.9632724343082947,3,5175.270843074177,3,4,0,0,0,6,1,7,0
321.2244945971573,1069.6155740032555,0.300317705168511,5198.660212968809,0.06178986151005145,3,3045.228064743269,1,1,0,0,0,6,1,15,0
3883.5912357438365,3381.1341446036754,1.1486060799871214,9292.384729305351,0.41793267808813084,3,17253.625151747452,3,4,0,0,0,5,1,2,0
778.2047270877005,1362.9018435512796,0.5709910297427961,3626.3561860054433,0.2145968810484995,3,6086.566054191772,0,1,0,0,0,4,1,15,0
692.8099914496474,1833.789207976392,0.37780241504102396,4067.4340460759813,0.1703309712220237,3,7342.515999497424,2,1,0,0,0,6,1,21,0
6217.426722077613,3431.6827625897263,1.8117719941529848,9098.647365384326,0.6833352774756085,2,10372.87169492032,0,1,0,0,0,4,1,16,0
23860.79089621373,1050.1220716454109,22.7219211370606,23232.8024508012,1.0270302494390158,2,1485.6422069333457,1,3,0,0,0,6,1,17,1
805.2532368871863,949.2657254193448,0.8482906475228104,2872.788058962021,0.2803037399069863,4,6720.828947159654,0,2,0,1,0,3,1,3,0
437.65582727881684,1394.9822658369071,0.31373576424374766,6284.1113364134335,0.06964482388190828,4,8387.450975458252,0,2,0,0,0,5,1,14,0
352.0234369517649,533.4990551070606,0.6598389136436655,2579.3851495902727,0.13647571670624015,4,3066.0280124032906,3,1,0,0,0,4,1,8,0
1529.5579635826457,1215.381676792174,1.2585001014822728,5104.363469516249,0.29965694502699763,1,733.9381994959192,1,1,0,0,0,4,1,16,1
520.5679857463402,1155.1415309662832,0.4506529908165295,2478.724096552464,0.21001449353333548,3,6024.030988625734,3,0,1,0,0,7,0,14,1
347.5846053638771,669.0710528737586,0.5195032782705963,1428.9566569676304,0.24324363070709343,2,1678.6347664883785,0,3,0,0,0,5,1,12,0
425.90023582766855,1540.8216574449013,0.276411117256702,6330.760917850958,0.06727473069260129,4,10285.92165247494,3,1,0,0,0,2,1,22,0
261.4952811462754,491.87355798441115,0.5316311009232232,2191.3733733592467,0.11932940516906002,1,612.9797220174299,1,2,0,0,0,3,1,14,0
51.68481956280608,867.2623584139146,0.05959536818515843,3946.2947301349095,0.013097050042443019,5,6524.573559749681,3,6,0,0,0,1,1,8,0
101.87433984554245,478.245407499474,0.21301687010063863,1705.6381814184178,0.059727989766753,4,3151.3107881172245,1,4,0,0,0,2,1,5,0
796.263550864414,1126.04911644457,0.7071303899945027,2205.7848774882973,0.3609887614113623,4,5988.926054207129,1,5,0,1,0,5,1,19,0
2826.256392664079,1045.2445902931618,2.703918698944324,2831.5728407233314,0.9981224399447572,1,1519.3226334099832,1,2,0,0,0,5,1,13,0
408.78161337439775,2253.210277547729,0.18142186614703945,7729.827472166833,0.05288366588340007,1,1531.6797283218941,2,3,0,1,0,4,1,3,1
511.83410997666994,791.0678431811739,0.6470167058218386,1991.8709372765452,0.256961482994723,1,1216.2484412476908,0,3,0,0,0,2,1,14,0
572.4755952499896,697.791770849194,0.8204103561629884,2071.2226349569064,0.27639500727158695,3,3060.4108932926465,1,4,0,0,0,4,1,23,0
2113.571823823234,2403.0330003329873,0.8795434034948155,11163.919235832256,0.18932166913563933,2,3936.4757343755314,4,0,1,0,1,6,0,19,0
819.592297770534,2791.4702101671055,0.29360596247289733,6202.467737644033,0.13213971155323587,3,7451.987287890923,1,1,0,0,0,3,1,22,0
1420.4717992209135,896.8761011134168,1.5837993647701,1528.1683215100422,0.9295257461019021,6,5503.193206047252,0,2,0,0,0,3,1,12,0
225.91275964344078,855.4342542833487,0.2640913179618955,2452.202131194677,0.0921264836897354,2,1554.9231074989389,2,0,1,1,0,5,0,4,1
1793.772163967243,1726.061141541159,1.0392286349518456,8475.468040610796,0.2116428444272645,2,4020.8371450547597,0,0,1,1,0,3,0,0,0
1543.8714370336006,2493.177143594271,0.6192385651377701,12069.76082645127,0.12791234716516972,0,2150.2216704513917,0,2,0,0,0,7,1,0,0
9077.034149267049,1311.128799249918,6.923068240480964,4415.550594729509,2.05569700868145,1,1765.317907655631,1,1,0,0,0,1,1,20,1
2232.2940132024105,1915.667025834293,1.1652828926416494,8645.35810073136,0.2582072352808113,2,5531.256554884057,1,2,0,0,0,6,1,17,0
1821.85767984234,528.6282867452456,3.4463870464811546,2029.2509189871823,0.897798129741218,2,845.7215731397728,2,2,0,0,0,1,1,14,1
860.0568204736682,741.1699040694589,1.160404403567185,1488.9105254498838,0.5776417090031629,0,954.8242840693069,2,0,1,0,0,5,0,3,1
3996.3006459813173,963.650261755573,4.147044632874253,4548.592337709821,0.8785796460259224,2,1193.2052834020274,0,2,0,0,0,3,1,22,0
556.240751396326,1246.4130100354298,0.4462732231754502,3600.790814259743,0.15447738568803224,5,9052.038541698446,1,3,0,0,0,6,1,0,0
4723.529075429339,1787.0143785500723,2.6432518574707067,5631.62444631739,0.8387507228963272,3,4844.272070875749,2,0,1,0,0,2,0,6,1
5576.666421209752,4684.254426249415,1.1905131348031566,16104.452673732389,0.34628102762571544,2,7963.750534833247,1,3,0,0,0,4,1,12,0
435.82467416131703,1003.1118755015129,0.4344726493676723,4618.505939634231,0.0943648616798862,3,3393.468816133318,0,1,0,1,0,2,1,20,0
3756.2720369178187,3952.0978887445012,0.9504501514538922,15068.024548280986,0.24928762392720866,7,27002.384256780108,1,1,0,0,0,4,1,13,0
2031.9569544030394,1546.3866511099584,1.314003165343254,4072.383092181574,0.4989601686305305,4,9397.494894886802,0,1,0,0,0,3,1,19,0
525.7288344406371,1461.431035741661,0.3597356437512874,6777.887078962909,0.07756529849433245,3,5629.519949565218,2,3,0,0,0,1,1,1,0
3352.6300158479835,2168.9392405761278,1.5457463967305216,5426.143369465469,0.6178660952296681,6,19452.393772602085,2,1,0,0,0,5,1,18,0
431.9211702357517,1364.8868383810377,0.3164520003343834,4926.486597345205,0.08767326606927262,3,5274.602718970939,1,3,0,0,0,2,1,15,0
429.3632015401175,926.6032098859137,0.4633733155241088,1899.8870513269712,0.22599406698426092,3,4097.044859328392,0,1,0,1,0,2,1,0,0
154.3913219975991,1077.087810485003,0.14334144393304207,3300.483970795308,0.046778388673827095,4,5979.2114116560015,0,3,0,0,0,3,1,2,0
1028.1121419477058,1157.0916071609145,0.8885313276710409,3558.3002534312627,0.28893349878394864,2,3871.0141548835777,2,1,0,0,0,4,1,15,0
134.10400236604562,907.0103866729444,0.14785277471624114,4450.874763128982,0.030129808072103564,1,674.6180109232656,1,2,0,0,0,7,1,20,0
3067.5832450909065,997.300141407192,3.07588770694702,2907.784008581518,1.0549556762255332,1,1061.1608819412672,2,0,1,0,0,4,0,0,0
2844.980775325261,904.63535379847,3.1448923186336706,3749.9001147803338,0.7586817483782279,4,4195.202103081963,0,3,0,0,0,4,1,15,0
9771.146578808355,1834.3591961155694,5.326735679413111,5386.1894008158,1.814111211411987,0,3086.5699557852286,1,2,0,0,0,3,1,7,0
1349.9720388007415,789.1862255801577,1.7105874317666037,2547.19249430727,0.5299843030386588,3,4086.5115036617285,0,2,0,0,0,3,1,19,0
268.2906959772129,472.0906638588612,0.5683033292465672,1877.8485402961105,0.14287131801104003,1,849.6323115138118,0,1,0,0,0,5,1,14,0
3919.4664060011264,1071.5124348804354,3.657882333804628,2464.6452770113387,1.590276070377934,5,9442.309256274382,0,2,0,0,0,6,1,22,0
1131.5039375105866,1120.8281064573832,1.0095249494473748,2058.3945383920914,0.5497021666188725,3,3499.630202480676,1,0,1,0,0,6,0,21,0
2588.4457958902876,621.5687235191443,4.164375873411467,2708.6534650731196,0.9556208755631326,6,2320.422043186806,0,3,0,0,0,7,1,15,0
438.93182242732416,665.460034659945,0.6595915600726069,2274.672633358473,0.19296483194562244,4,3079.778103560716,0,1,0,0,0,5,1,19,0
1514.9110571403112,1119.5279919145764,1.3531694321904046,4628.098215195072,0.32732906405627316,2,2473.566176843134,1,4,0,0,0,2,1,2,0
440.83811478909297,939.8055729331292,0.46907373980901085,4319.590809067594,0.10205552661694132,6,5332.390664971242,1,1,0,0,0,9,1,6,0
2025.406781557346,2041.935506976724,0.991905363630289,7414.513703392879,0.27316785194294274,1,1254.6788335379792,1,4,0,0,0,5,1,13,0
472.84950751412646,993.5141205308138,0.47593637346743783,2173.4101818340246,0.21756109889717828,1,1448.339081251332,3,2,0,0,0,2,1,7,0
2832.4414430151137,980.8397865325214,2.8877717665067406,2322.619921498628,1.219502776497126,3,3241.0203553643328,1,1,0,1,0,4,1,0,0
417.17850462684913,1557.454466363591,0.2678591982216306,7431.788206654327,0.05613433712404679,2,2822.70204878167,0,1,0,0,0,2,1,21,0
649.2319363927834,922.3895150222555,0.7038587557850965,2726.461778182197,0.23812251526432296,1,1594.2475179250494,2,2,0,0,0,4,1,16,0
643.3575616136675,921.2013739223019,0.6983897113335515,2051.2150041259006,0.31364706299417217,2,1334.5283865645426,1,0,1,1,0,4,0,13,1
1555.0382440093724,1893.511114495742,0.821245902442718,4883.2914595849425,0.3184405962411147,4,6934.160637590255,0,3,0,0,0,3,1,17,0
282.8809501422945,700.3422545166553,0.4039181533285125,2426.3620631908307,0.11658645444294777,4,3554.333026419486,0,1,0,0,0,5,1,10,0
904.5131555779544,931.6978354727049,0.9708224288393263,2438.249985870092,0.3709681783326979,1,1592.7269069745466,2,1,0,0,0,4,1,17,0
1843.4689564245512,588.8603888680419,3.1305704905168197,1806.248465755058,1.0206065175279935,2,846.1673375518758,1,2,0,0,0,4,1,22,0
622.4135953720004,883.7832332327555,0.7042604701780758,3404.223662688869,0.18283569384520967,5,4152.966640509322,1,3,0,0,0,5,1,3,0
772.1353813754798,1607.8354954363367,0.4802328245439914,3738.221359047508,0.20655154074990853,4,6592.4057750594075,1,2,0,0,0,7,1,14,0
923.0613446449341,1085.7273190484784,0.8501778747299983,4551.908998747469,0.20278554446034167,5,7305.329624281327,2,4,0,0,0,3,1,3,0
1002.9818938507578,1918.8378156694926,0.5227027973183925,4225.916589245481,0.2373406745422384,4,5586.19675186077,1,3,0,0,0,4,1,19,0
1129.7862291517968,662.3538316290465,1.7057140386326586,1837.0792833863143,0.6149904576079296,2,1838.5471254141312,1,2,0,0,0,2,1,17,1
537.0063752754113,1060.1053575703972,0.5065594390600473,3213.6433978002638,0.16710204238684095,0,1102.7486056881746,1,2,0,1,0,3,1,20,0
251.1767033063659,637.7430642901159,0.3938525048264626,1686.0048996787982,0.14897744564930845,7,6867.726184814111,2,4,0,0,0,2,1,11,0
7254.734463982524,1675.0469140962518,4.331063448391065,5796.607902033123,1.2515482479741251,2,2569.543811939685,0,1,0,0,0,3,1,14,0
1667.0462582576683,2095.4173128134003,0.7955676647624038,9796.485564918792,0.17016778590756668,3,8889.93472616503,0,4,0,0,0,3,1,3,0
813.6278913156195,578.6387208389326,1.4061068884847363,1898.3967455988418,0.42858685530403384,0,639.194036214731,1,2,0,0,0,4,1,4,0
565.4422638006863,1334.062316117576,0.42384996335572356,5566.613308862598,0.10157742821841897,2,1868.8159557675224,3,0,1,0,0,4,0,13,0
48.31237579637556,717.1647935441247,0.06736579407031791,2900.2371748436863,0.0166580775584257,4,2454.529055155579,0,2,0,1,0,5,1,15,0
5453.974154112625,1806.9061608006336,3.018404758604613,8423.11904724137,0.6475005426759153,5,14374.440137300995,3,2,0,0,0,2,1,2,0
2464.293514608254,2881.6066907770464,0.8551803833935919,10961.043670721181,0.22482288992158683,4,11460.293642301282,1,3,0,0,0,1,1,13,0
830.3564313698583,2121.5393691320346,0.3913933643897328,7340.395645566418,0.11312148165629078,3,6344.311390899106,1,3,0,0,0,6,1,4,0
142.5730365078547,1260.1969139398443,0.11313552265583508,3534.9675784240276,0.04033220484908016,3,6683.265977823728,2,3,0,0,0,1,1,7,0
610.3143080524878,790.4787560703195,0.7720818597156524,3707.7948315809435,0.16460304190894504,4,5608.620289058838,0,3,0,0,0,4,1,13,0
1288.8985880085693,996.5813581137209,1.2933199858846767,2244.6427959579637,0.5742110015587117,8,12516.710928066663,2,3,0,0,0,7,1,16,0
1891.883968063706,697.9447662875169,2.710649981841612,3112.6842912550205,0.6077982188488852,3,3757.6878323193237,2,2,0,0,0,4,1,0,0
973.3443483678477,1808.1975333581195,0.5382953634275718,7819.563174159206,0.12447553996166877,4,8486.10120624408,1,2,0,0,0,6,1,22,0
7796.801319857645,4696.731210201285,1.6600484402690572,17416.71558624011,0.4476619762923283,3,11131.95604546819,1,0,1,0,0,2,0,2,0
2621.158482225591,935.8931014932732,2.8007028559601266,2397.517352915074,1.0932802964026926,1,1121.2709010457002,1,1,0,0,0,4,1,5,0
285.13437289190034,639.0757528777214,0.4461667832145981,1546.8216048713434,0.18433565447620984,5,4904.779960917609,1,0,1,0,0,4,0,1,0
4299.188905303058,650.0220927621408,6.613911978029089,3258.0756924258603,1.3195485038292705,5,2235.906258521981,1,3,0,0,0,2,1,18,1
2758.84537737672,1602.5849364763565,1.7214971353984285,7291.087153438679,0.3783860101131245,2,4265.219474195712,1,5,0,0,0,1,1,22,0
158.58920780451615,436.58008169746176,0.36325342005505007,1919.8100903156585,0.08260671646873188,3,1057.0488424611024,0,4,0,0,0,6,1,9,0
1820.560265343689,1329.7208725701473,1.3691296443477075,2106.3084028176627,0.8643369902091635,1,1213.7021247046457,0,1,0,0,0,6,1,22,0
905.7651562381926,1249.4109828563085,0.7249537331323126,3020.6194711008284,0.29986072886833953,4,3978.7238434153155,0,0,1,0,0,2,0,23,0
1574.1724173434322,2776.8075827035777,0.5669000715601524,7125.14235114455,0.22093206560154752,2,6223.948168606014,1,0,1,0,0,2,0,8,0
1326.0016464932257,1035.2942268771048,1.2807969097760934,4662.50095306467,0.2843970778433069,6,4050.9084329271286,0,2,0,0,0,5,1,4,0
1019.0241553220367,1337.865250553856,0.761679216124476,2444.759199810275,0.4168198468794464,5,8507.025413782201,0,4,0,0,0,7,1,6,0
6768.39955250754,1966.236800595561,3.4423115010650975,9038.223537853059,0.748863924880896,4,10116.827067735268,1,0,1,0,0,4,0,19,0
1715.5374141954321,1133.8161356182852,1.5130649144095365,3076.7638861279597,0.5575785070574261,3,3651.0899989933496,1,2,0,0,0,3,1,20,0
1037.918322868485,385.6801673083256,2.69113740048432,1384.4801439194987,0.7496809018366356,5,3229.8135510307584,2,1,0,0,0,4,1,9,1
7465.049787723487,2080.188986870044,3.5886401835805177,8654.13078638917,0.8625996038174258,2,7094.995429450913,2,3,0,0,0,3,1,12,0
4795.218053353795,926.116636205968,5.177769047534246,5689.335515227033,0.8428432530512205,2,1879.1141485446,0,3,0,0,0,4,1,4,0
8589.039832254708,2699.1735449444645,3.1820998869605575,11014.199536830964,0.7798151652812684,2,8305.396609613768,1,1,0,0,0,5,1,6,1
485.16843588354163,648.3368355706859,0.7483277353144396,2354.8314356189353,0.20603106810319174,4,2126.223295615837,0,3,0,0,0,1,1,16,0
616.0780941255308,893.9928913258369,0.6891308645775199,3901.797828803061,0.15789595493073577,3,3043.532539528849,0,1,0,0,0,1,1,0,1
2766.2275466864257,1850.5144688503085,1.4948424307133537,9124.841668698355,0.3031534844243521,4,12553.355962768741,2,2,0,0,0,4,1,18,0
640.311562588371,1882.1069904981216,0.34020996990128866,3150.008229130456,0.20327298089793427,3,7094.01968920171,0,2,0,0,0,3,1,9,0
432.9714521791628,1259.0127486595811,0.3438975916964539,2578.0038110360756,0.16794833674243315,2,4510.857679071316,4,1,0,0,1,5,1,3,0
6513.819933662092,1934.2467013003882,3.3676262336561673,7286.844268353572,0.8939150740398434,3,4930.516156871167,1,3,0,0,0,3,1,8,0
1416.6221666960864,986.2647265108284,1.4363508382863504,1730.9176458848817,0.8184226269019744,0,1374.2136197270268,2,4,0,0,0,6,1,1,0
693.9258433110479,760.5529504706145,0.9123964911077668,3533.9234214046514,0.19636131306864274,3,3309.4557114692543,1,3,0,0,0,6,1,14,0
16539.87729697891,2209.5084115275886,7.485772496129005,13831.18650519717,1.1958393656801554,4,12876.771984655335,0,2,0,0,0,3,1,14,1
439.4925914091562,820.0057591115972,0.5359628106579484,1592.590370051014,0.2759608494901789,2,1485.349107582995,2,1,0,0,0,3,1,23,0
539.6550519486035,1024.477607002651,0.5267611983511193,3513.6684500949227,0.15358735737688187,4,6326.4502520710175,1,2,0,0,0,4,1,20,0
633.1829880222344,910.9891737075117,0.6950499592056936,1590.7221421485697,0.39804751014969947,3,3837.1711154508725,0,3,0,0,0,5,1,7,0
113.8383235880233,359.08057569276184,0.3170272392718512,1164.4399328644545,0.09776229788683702,3,819.9441356231564,1,4,0,0,0,6,1,22,0
906.7086989943884,1147.604332149296,0.790088250448005,3210.9095157150155,0.2823837590429513,4,3278.1437478880925,3,4,0,0,0,1,1,12,0
1232.6895807842002,750.8843381953214,1.6416504088324062,2381.0351473974974,0.51771162728595,2,1149.7529936944086,1,2,0,0,0,4,1,10,0
138.3935367909362,407.9143836871563,0.339271039035179,618.1804780474191,0.2238723830750287,4,1265.0789637353191,0,4,0,0,0,2,1,11,0
5328.4717570298435,2042.6283279691547,2.608635004258253,5786.121875117096,0.9209055516000532,2,4819.985641531363,0,0,1,0,0,5,0,13,0
703.8834875263741,658.6966699673328,1.0686003431006905,2819.963934002203,0.24960726590832497,0,1076.223704741071,1,2,0,1,0,2,1,1,0
1819.6648822132108,907.1802305614425,2.0058471524308272,4254.956177720833,0.42765772576955524,6,5107.9915937847545,2,3,0,0,0,4,1,6,0
2217.2251899177973,1206.2533858660781,1.8381089876285415,2759.0270958765377,0.8036257393889019,3,6071.035006436953,0,2,0,0,0,3,1,16,0
4886.567355251204,1855.7382803020473,2.6332201082018134,8220.216434037187,0.5944572621004905,3,5245.071459005728,3,3,0,0,0,4,1,12,0
1592.965768602176,2820.4067980508516,0.5648000032133857,5562.9497124557065,0.2863527177021663,7,13425.136666211396,0,1,0,0,0,7,1,20,0
2155.2714937494256,1265.59636941892,1.7029690870075638,2439.7866635240853,0.8833852262460935,4,5364.82122644923,1,2,0,0,0,6,1,15,0
3738.4450970220782,1441.7274484751215,2.5930317834873273,6150.567440492773,0.6078211698663303,0,2135.6211191539314,0,4,0,0,0,9,1,5,0
579.275039669017,1432.423648433941,0.40440203587977236,4235.838728381772,0.13675568802647,4,9832.852339244335,2,1,0,0,0,3,1,22,0
1515.466836330361,1929.436792558675,0.7854451838873986,4417.721849591108,0.3430426106321357,2,4997.854140875176,2,2,0,0,0,4,1,16,0
478.2081799112138,765.1146171688691,0.6250150881716432,2659.286211142563,0.17982576599220268,4,4856.816492113558,1,1,0,1,0,5,1,6,0
9386.781567596878,4097.045774589969,2.2911097615296483,18689.779198540215,0.5022414373054789,5,36633.07633888719,2,3,0,1,0,5,1,5,0
1622.519034396314,638.3373913482988,2.541789117145751,1546.6094425614713,1.0490812934059957,2,1321.922321859049,1,1,0,0,0,3,1,3,0
255.42389017327895,449.3234853139776,0.5684632531388699,1133.36438288671,0.22536784641379617,3,1935.6706575664252,2,1,0,0,0,7,1,3,0
687.6194047061622,1616.2797876253808,0.4254333995702591,5268.255337958095,0.1305212751841816,5,5418.950567455001,1,4,0,0,0,7,1,16,0
2109.2911674658176,1405.483994808831,1.5007578707808165,2673.860468227525,0.7888561099315872,3,5589.958071560328,3,1,0,0,0,3,1,11,0
5303.112325322565,854.4540849166691,6.20643334608173,2674.720430275513,1.9826791111683815,4,2984.5627157700455,1,4,0,0,0,2,1,4,1
475.1520976788745,1582.1692311056704,0.30031686139340674,7142.948968427951,0.06652043851622923,2,2399.7839550143376,0,5,0,0,0,4,1,1,0
10420.163313023882,1369.02943089932,7.611350843041294,5618.871033829521,1.854494123514712,0,1981.2733496710212,1,4,0,0,0,8,1,9,1
75.81385609796442,354.3403618492231,0.21395772048746822,888.8597780444873,0.0852933814428601,2,829.1282980824332,2,2,0,0,0,4,1,15,1
771.0161522543657,838.6089570979796,0.919398899485262,1729.0616628401733,0.4459159374269436,3,4106.671694550272,0,4,0,0,0,3,1,2,0
758.958949233747,1189.5351630333219,0.638029856383898,4129.534634979432,0.18378800913907997,4,7809.768042914322,1,0,1,0,0,4,0,18,1
1527.1093149655742,1145.3244844290368,1.3333420665732676,5312.2350598800185,0.28747020750246416,1,1038.9064332996504,0,2,0,0,0,2,1,10,0
716.5609103398626,1170.9528075564854,0.6119468741316431,4931.201711702943,0.1453116202160802,2,3431.3337381281,3,1,0,0,0,2,1,23,0
803.1153230891139,1029.150718602934,0.7803670624447877,5129.616692087565,0.1565643928771363,4,6199.610121702591,1,1,0,0,0,8,1,4,0
243.72294944780572,680.0643055707967,0.35838221099288886,2183.135519367618,0.11163894649948444,5,2949.796220453581,3,1,0,0,0,1,1,14,0
2240.151049232883,679.815065699936,3.2952359579239814,2130.058258416137,1.0516853425871124,2,1103.6867053318176,0,0,1,0,0,4,0,23,0
2180.9809844773954,1808.8783859373561,1.2057090191539972,8938.202614021273,0.2440066620392014,5,16241.467816206947,0,3,0,0,0,8,1,21,0
569.3366897668087,634.8954438128063,0.8967408654686659,1867.7239716824404,0.3048291387800478,2,2207.4097885994133,2,3,0,0,0,3,1,12,0
2663.5318594188334,572.5535423791954,4.652022321529552,2368.2098181217557,1.124702650515696,3,3053.3545829897957,0,3,0,1,0,2,1,21,0
2621.666399018819,2747.9452068434257,0.954046096876268,12399.51548588055,0.21143297107085646,2,6822.715809465435,2,2,0,0,0,5,1,20,0
675.3605488254423,765.4199174804039,0.8823399200906379,1657.3841989365837,0.40748581364463915,3,2331.0075677283535,1,3,0,0,0,6,1,0,0
381.6347210691164,594.8511514635679,0.6415633896482251,2836.1463916389957,0.13456100933089404,1,806.6270913779339,0,1,0,0,0,4,1,22,0
215.40720395538324,825.1207713640785,0.2610614244982283,1968.4149867257738,0.10943180447619316,5,5909.578635908024,1,5,0,0,0,3,1,20,0
263.6117928914718,605.7403862236914,0.43518939612872976,1441.669310002194,0.18285177541240066,9,9110.487227550606,0,0,1,0,0,2,0,19,0
205.60101857931065,1002.0454830480361,0.20518132365999053,4384.604119032497,0.04689158085831439,2,3512.9791845790787,3,3,0,0,0,4,1,18,0
587.6747836791817,830.494176872084,0.7076205951167044,4057.6128382845027,0.14483264103818286,2,1008.7004899995075,0,2,0,0,0,4,1,16,0
3336.3352413320736,2043.602036618768,1.632575805635911,9307.040949934306,0.35847432704759113,1,2861.2294800420577,1,0,1,0,0,6,0,17,0
2138.9935901075432,1268.4332055490995,1.686327337340228,3236.6944328603886,0.6608574378821526,1,2232.7107056928094,1,2,0,1,0,4,1,6,1
1548.6581312463625,1388.5003019147416,1.115345908899525,4176.54792443101,0.3707986019237031,1,1463.9784712154456,0,3,0,0,0,4,1,18,0
4549.361484670002,2123.5246319138305,2.1423634161332434,7808.201211020551,0.5826388641533725,2,2997.1209521521178,0,1,0,0,0,3,1,19,0
41102.49865100996,2118.645574796833,19.400365563717035,36471.52305188552,1.126975108567204,2,4482.166265613233,1,2,0,0,0,9,1,15,1
2835.953513028441,893.6140696847451,3.1735775087213285,2633.698932298658,1.0767948751656509,1,1587.4132972155867,0,1,0,1,0,8,1,13,0
4735.221285288015,1000.7639397252674,4.731606623024348,3619.3763336685342,1.3082975763640694,3,2531.4259965256765,3,0,1,1,0,1,0,16,1
2779.536816995084,2736.2986746610436,1.0158016896088276,10517.228130983678,0.2642841614138414,2,6629.271494698689,0,2,0,0,0,4,1,3,0
254.71493434938964,891.4003659419699,0.2857469483762491,3586.468271185891,0.07102110351729568,4,4639.1965250500325,0,1,0,0,0,4,1,9,0
326.1008026888604,664.7959119341212,0.4905276895282349,2087.186583581174,0.1562394111068594,4,1723.9496557861512,2,1,0,0,0,4,1,2,0
3306.23959073598,981.5597979111799,3.3683526951407985,1870.4070119590497,1.7676578250597181,1,1466.4988410263002,0,3,0,0,0,4,1,21,0
1723.8803028159334,842.0581077818396,2.0472224979306968,3681.5903911382015,0.4682433730176534,1,596.9863248977435,2,3,0,0,0,4,1,10,0
432.32345404514814,456.50270036785975,0.9470337277233466,1752.6172667994083,0.2466730542000467,3,2407.9892959925364,1,3,0,0,0,5,1,9,0
2003.9149693567974,1153.6317284354457,1.7370491119159015,5550.124312503036,0.36105767304031017,3,3205.81467939386,1,2,0,0,0,5,1,13,0
2822.8403922902503,1457.2405550658664,1.9371135276719358,5216.679576078887,0.5411182249403241,1,1478.5567329758344,0,4,0,0,0,1,1,3,1
259.5335376748726,541.0696299283725,0.47966753874030965,2367.3539702477374,0.10963022046412142,2,1912.1025567440631,1,3,0,0,0,1,1,19,0
1478.3670015447262,976.3821025702136,1.5141275097659974,1474.0292684358972,1.0029427727126694,3,2908.2741584649484,1,3,0,0,0,5,1,16,0
1171.8058162816617,584.4625802968242,2.0049287256107147,1992.8299889442046,0.5880109305774152,5,5212.310565195953,3,4,0,1,0,5,1,1,0
8897.5464409591,1663.5040981445577,5.348677199463027,7331.491019904291,1.2136066752046917,5,14890.235236149956,1,1,0,0,0,6,1,2,0
8153.295156311247,1909.0452183941647,4.270875869126646,7201.667648544593,1.132139881234171,6,12203.696982407295,2,3,0,0,0,7,1,7,0
6488.347007452664,1923.0198950591855,3.3740404995929434,7989.457552601898,0.8121135840241904,4,4624.728699930319,2,0,1,1,0,3,0,17,0
779.1615754950273,624.1730648405347,1.2483101552837583,2630.7438430504503,0.2961753868790049,1,905.5554692532163,3,1,0,0,0,3,1,7,0
1201.1095726255237,1113.1102039218094,1.0790571934330195,2348.580249310425,0.5114194300910883,1,812.6804905993424,3,2,0,0,0,4,1,4,0
1376.7226179783818,1942.355052770195,0.7087904016389249,7599.045489228669,0.1811704667289897,5,14449.229655865358,1,0,1,0,0,5,0,2,0
1224.7708020288273,1174.818165885519,1.0425194618144644,2989.940339810024,0.40963051527196936,4,5556.76567405971,0,1,0,0,0,2,1,4,0
1866.4963998272083,1596.1119720998543,1.169401916941726,6312.979872605126,0.29566012208066433,1,1133.627558384604,0,5,0,0,0,3,1,7,0
677.002467930851,1504.2514821210025,0.4500593657227274,6973.067723008621,0.09708818196286634,2,4780.131872425915,0,5,0,0,0,3,1,17,0
2072.4371259795444,1426.2349173266075,1.453082588851635,6589.61805739735,0.3145003409800171,2,5131.282730478373,0,1,0,1,0,1,1,14,0
1510.7079885570529,915.4605629536168,1.6502163497714704,3044.4284141949274,0.4962205652506848,3,3968.74729700676,1,0,1,0,0,2,0,20,0
446.23519331967276,515.3641218819029,0.8658639093660634,1713.1297414774197,0.26047950865346325,3,2105.141822797658,2,2,0,1,0,4,1,15,0
2461.9664015513886,1552.745366093754,1.5855570754301875,3589.8331670193356,0.6858163839395292,2,4877.029174524328,2,1,0,0,0,2,1,21,0
291.69409297361136,403.7155096136933,0.7225238714577182,1705.3528706866664,0.1710461793494737,2,997.7265035625704,2,1,0,0,0,3,1,20,0
607.9565044063723,1265.3420346257744,0.480468116738235,6249.7358116847745,0.09727715262294939,6,10572.288039311792,1,3,0,0,0,2,1,9,0
266.04160022857803,401.48926112109916,0.6626369021320679,1198.0393212382667,0.22206416393211817,7,4728.016918465242,1,2,0,0,0,2,1,18,0
1775.7757170591033,1059.0010604930376,1.6768403576785447,2712.7740287441925,0.6545977284665881,1,1096.038160830923,1,3,0,1,0,1,1,22,0
1236.0590217882143,836.6180747695325,1.477447187748983,3933.6008656410486,0.31423092072834824,2,1626.164214601858,1,5,0,0,0,2,1,17,0
260.3124660971311,628.7407525267621,0.4140219399665063,3104.9070175187812,0.0838390536748357,4,3650.9205435788735,2,2,0,0,0,2,1,6,0
184.79215820408632,311.51025011848884,0.5932137325619209,706.1536284916971,0.26168832212728493,3,1482.6964606450103,1,2,0,0,0,7,1,10,0
527.3764930672695,1852.3841664096574,0.2847014688586144,8147.023910823772,0.06473241012176491,5,14340.695790186212,1,0,1,0,0,3,0,20,0
1720.9358746267178,1325.5718404879442,1.298259228253702,2546.7809988186523,0.6757298234221905,6,6153.025392116558,0,1,0,0,0,1,1,14,0
3638.9465874036646,2411.3646980277863,1.5090818035031766,9795.883309284269,0.37147712692277285,5,20936.64092626986,2,1,0,0,0,4,1,10,0
5997.309765663963,2281.6303931548864,2.6285194059723596,10242.161986036073,0.5855511535397073,3,11883.359760159385,0,3,0,0,0,8,1,19,0
549.144277861603,1368.9753231003933,0.40113526416088047,6049.449312120096,0.09077591191009572,4,4882.534076209688,2,5,0,0,0,6,1,4,0
6101.13298455764,1231.8062249652369,4.952997363469097,4899.362550360829,1.245291182647486,1,1895.5829538706812,0,3,0,1,0,2,1,15,1
1948.0289363975548,521.3876554991567,3.7362390840124244,1949.3107235831433,0.9993424408073679,1,836.010204208147,1,3,0,1,0,3,1,5,0
195.8843163312318,383.30418197912536,0.5110414275153919,959.0208654282135,0.20425448850246575,1,576.5047738781136,3,1,0,0,0,2,1,22,0
1821.063949622516,1808.405910554932,1.0069995563461192,3590.7684876067265,0.5071515905043125,4,6361.008593332884,1,3,0,0,0,3,1,2,0
641.5039124236268,983.8782260956265,0.6520155598618531,4066.843024712078,0.15774002304134757,6,3839.4256938560256,0,0,1,0,0,5,0,2,0
4883.406392422347,2007.5925044047628,2.432468930675871,7382.920386451988,0.661446438103766,7,16374.86625378737,0,1,0,0,0,2,1,21,0
2249.2440297898643,1176.583684189496,1.911673653148848,3749.5926335099616,0.5998635717620253,1,1600.4266645744337,1,1,0,0,0,7,1,12,0
822.6683844314007,524.3318969639912,1.5689840522669898,2047.636065839358,0.40176494161044973,2,1726.2195215944491,4,1,0,0,1,3,1,5,0
244.70704545432827,683.8596436548145,0.3578322653264312,3323.1092081035886,0.07363797881140842,1,726.4118171439254,2,1,0,0,0,3,1,0,0
716.9508083587914,1605.6462077405106,0.4465185449338154,7676.0776109260805,0.09340067215296105,2,4083.3539017328694,1,1,0,0,0,2,1,6,0
946.5609666052188,1983.3091023303211,0.47726346109794066,8658.108336074274,0.10932653298658132,6,14770.331120313542,0,2,0,0,0,7,1,0,0
430.24233741371376,611.2168497734285,0.7039111202075007,2635.9155757833464,0.16322310978637983,3,2475.4594855246924,3,1,0,0,0,9,1,22,0
631.4115463766101,738.5284627541004,0.8549589869860496,2491.4618346477114,0.2534301499608926,3,1663.146956270618,1,0,1,1,0,6,0,19,0
360.8488929774461,635.3451585902492,0.5679572561442419,2073.276561708709,0.1740476401662735,6,2586.6823609390444,1,3,0,0,0,7,1,7,0
646.8570123269716,1079.9849475780118,0.5989500259032512,3778.748172119038,0.17118288461234732,3,5199.845663791053,2,1,0,0,0,3,1,11,1
767.0692546458415,1171.2273512099077,0.6549277165133135,3041.8935147380726,0.2521683454497556,4,8416.738745807228,0,0,1,0,0,10,0,22,0
5927.26172425828,2517.3465385553845,2.3545672530488093,6467.516934198053,0.9164663632988598,3,4639.981983970896,2,4,0,0,0,5,1,6,0
1684.7494461470676,1287.9506849885092,1.308085368316799,1986.1565508289543,0.8482460486027198,3,4581.873115474905,4,1,0,0,1,3,1,3,0
676.936920486745,776.163914959705,0.8721571660824872,2627.6254488733443,0.25762306449612044,1,1220.0814277554737,4,1,0,0,1,2,1,15,0
498.31397291439924,956.8948385952689,0.5207614805885348,1638.1526738498228,0.304192631657043,2,3122.190485961108,2,2,0,0,0,2,1,23,0
445.0886163616151,718.3120319203206,0.6196312975180499,3003.5790372407673,0.1481860842824682,2,2530.650422611428,0,2,0,0,0,6,1,18,0
3944.988818039233,2285.137050508343,1.7263685857098356,9747.53190595107,0.404716686860059,1,3827.4570693348314,1,1,0,0,0,5,1,23,0
2135.0820077639614,855.1603978607066,2.4967035577245427,3921.046772000641,0.5445183727493706,5,5825.410558184435,0,2,0,0,0,3,1,18,0
804.6191488813362,831.1007677668179,0.968136693031053,1807.2496693789833,0.44521748296007363,2,1924.8479797701964,2,4,0,0,0,2,1,23,0
1365.9006012393318,355.54918167843704,3.841664308693779,931.4813660705515,1.466374584605353,1,565.351936590874,1,0,1,0,0,3,0,21,1
1287.5868020554346,3720.7429693137697,0.3460563690302179,18417.820523456943,0.06990983544527235,2,11106.099034421864,1,1,0,0,0,7,1,21,0
404.6276252990456,567.1237008380599,0.7134733122617027,1987.501926734598,0.20358602920392424,1,435.23912011871164,0,1,0,0,0,2,1,17,0
1645.3011774003976,1600.586997987346,1.0279361131068023,4345.1965501324885,0.378648274805942,3,8176.410623056944,0,4,0,1,0,3,1,13,0
59.943623483968175,394.4160544366727,0.1519806884371962,1243.102709747529,0.04822097403049067,6,2137.1023188410977,1,4,0,0,0,7,1,1,0
873.9792624046011,1813.782677625496,0.4818544543322943,5575.268750656267,0.15676002386462978,4,10862.563547325435,1,0,1,0,0,5,0,13,0
718.9662476643527,530.4313388843683,1.3554369716851973,1612.6763775451418,0.445821776566717,6,5633.71163707059,2,1,0,0,0,5,1,14,0
597.7856973157808,903.1787671136901,0.6618686345186554,3377.7928093742717,0.1769752412453383,2,1258.265605547766,3,2,0,0,0,4,1,1,0
612.2661694774167,838.7300699821517,0.7299919144313567,4127.473768314191,0.1483392030683912,3,3953.491426263688,0,1,0,0,0,5,1,8,0
961.6789056575165,693.3591608040736,1.3869852163520537,2200.222566465797,0.43708255715341326,0,474.5544481278183,1,2,0,0,0,2,1,10,1
411.80193057324453,956.3046079775811,0.43061795074284376,2765.9108357482905,0.14888474539774363,3,3527.5124537887614,0,2,0,0,0,1,1,2,0
667.1659088747851,617.5471395317157,1.0803481486137159,1948.9023965371714,0.3423290515010972,7,4804.426900637609,1,2,0,0,0,6,1,23,1
486.9210077987927,923.5668202503587,0.5272179523153496,3508.4109847154014,0.1387867641277184,1,1219.5241247918023,3,1,0,0,0,2,1,2,0
1127.904921620193,2088.237588443845,0.5401228901643839,9206.266419320893,0.12251491215299781,4,9266.14815858542,0,0,1,0,0,5,0,10,0
1333.8417767356143,869.3396654938888,1.5343160213192766,3329.4849583660734,0.40061504809746606,2,2226.664218736836,1,1,0,0,0,6,1,3,1
204.48493469944046,415.5616204432484,0.49206886449555115,1789.9248944580993,0.11424218710659834,4,1265.8717932241943,1,5,0,0,0,6,1,0,0
2091.2530948286576,718.6360854631142,2.9100307334010105,3022.7325935071713,0.6918419112959805,1,801.5869673915001,1,1,0,0,0,1,1,10,0
191.40990745415604,950.1761548644762,0.20144675960791383,1782.5917936925455,0.10737730765474941,5,7368.552884881902,0,3,0,0,0,5,1,15,0
1789.776690255636,1005.6489019157343,1.7797232084141483,4457.452068260724,0.40152460707311605,4,6042.40669134416,0,3,0,0,0,3,1,1,0
141.3462202248739,1286.4920365249206,0.10986948711060744,5022.555116668741,0.028142293502320618,2,2410.366556641908,1,1,0,0,0,6,1,7,0
938.9946587793834,868.9075463183941,1.080661185137535,1860.5123231277316,0.5046968230776495,6,7105.755311382341,2,1,0,0,0,8,1,19,0
1636.4597188244502,1779.7881393031766,0.9194688304109935,5068.724485211309,0.3228543440463263,5,15146.161644168582,1,1,0,1,0,7,1,14,0
420.4326778353535,1218.533405073278,0.34503172098927426,4529.958142746939,0.09281160323931949,3,2962.478119043566,0,2,0,1,0,1,1,1,0
2260.011607945238,714.3590848673068,3.1636912805064115,1691.512977960536,1.3360888372669437,4,1791.037547580601,2,4,0,0,0,3,1,22,0
4979.386908293297,1152.3788791795762,4.320963355245038,4504.5605815129975,1.1054101322843823,1,1868.1547146136263,0,2,0,0,0,4,1,14,1
1840.3978410929456,1152.0856775865225,1.5974487634881047,2115.104697701012,0.8701213907251704,2,2258.087254803968,0,3,0,0,0,9,1,13,1
226.13472698177682,422.99527139870344,0.534603439499513,2045.510453259092,0.11055173373544905,2,1261.7099727602263,0,1,0,0,0,3,1,17,0
11059.519049082368,4126.519968605384,2.680107968269469,10940.178302593424,1.0109084827676578,0,4162.373276105166,0,1,0,0,0,2,1,12,0
1713.800342504466,2775.6305415318634,0.6174454117220601,11158.581210598768,0.15358586456104698,5,18839.36363909048,1,4,0,0,0,5,1,7,0
4137.964107056313,1741.6686070127546,2.375861912188677,4242.149580862966,0.975440405431093,3,6523.194173534399,2,1,0,0,0,2,1,19,1
389.9798920425725,1058.2215448354666,0.3685238634063219,2666.120506991293,0.14627241755199705,0,1864.2904744762247,2,5,0,0,0,2,1,13,0
1776.764632587858,898.6545117057382,1.9771387217712588,2439.2490133993106,0.7284064164124754,6,7895.8184628541585,2,4,0,0,0,4,1,10,0
425.4335357796206,2286.2482693083425,0.18608369943493794,10707.736552934373,0.03973141603516887,3,5793.671839722225,0,2,0,0,0,3,1,0,0
3775.268439171584,643.5198447727779,5.866592102539749,3089.848432202344,1.221829653463194,3,2535.772926109207,2,1,0,0,0,5,1,6,1
105.18898300849317,740.1665665482702,0.14211528561609682,1519.742522581843,0.06921500283468471,0,743.6635269054597,0,0,1,1,0,4,0,22,1
576.4503338600454,961.4885152012697,0.5995394898080256,3280.650759675815,0.17571219129615875,4,6034.632207289044,0,1,0,0,0,2,1,6,0
224.40181585995413,1335.704620898789,0.16800257508202318,6662.552546944488,0.033681057564471595,3,4006.4789465324016,2,1,0,0,0,8,1,16,0
3808.6456024528056,1810.5077728272784,2.103633941601503,4294.882504056982,0.8867869141600794,0,2030.5315323424668,0,2,0,0,0,4,1,23,0
745.5421721320984,1977.4298862795383,0.3770258441551162,5215.885622909218,0.14293683298144563,3,6717.676349103223,1,4,0,0,0,6,1,4,0
750.3791754985535,450.053935406384,1.6673094410806242,2109.666319778222,0.3556861900214803,2,1092.6488858327846,1,3,0,1,0,3,1,9,0
396.2632249918253,773.5800879187615,0.512245895648544,3846.981955353753,0.10300626038558752,4,4202.6071253418695,2,1,0,0,0,3,1,20,0
2253.9191037995356,1870.693516671716,1.2048574946737634,4255.1774481301645,0.5296886278596833,1,2073.1413252170355,1,1,0,0,0,4,1,17,0
353.7328936764345,699.8159640725664,0.5054655964375152,1193.6116906858124,0.2963550846868721,4,2487.5636977853155,2,3,0,0,0,3,1,9,0
6574.061781812306,2066.5894658146194,3.1811164677648773,5550.454466549283,1.1844186492172775,4,11624.347463470409,2,3,0,0,0,3,1,0,0
1214.1008319686832,1011.3432700803847,1.2004834242602738,4923.822728798793,0.24657687712182788,2,2013.4250785779027,1,2,0,0,0,4,1,4,1
876.1737466994146,837.3378668899458,1.0463801785935152,2715.332353555957,0.32267642874434543,3,3079.76231359253,1,2,0,0,0,8,1,17,0
898.2225884606876,2212.603308468372,0.4059573557640856,8325.29353382311,0.10789080106442916,2,6354.25905082567,1,1,0,0,0,3,1,6,0
1631.1093392244259,1990.541346933253,0.819430021756348,4737.166309951089,0.3443217384616727,2,5819.118018144246,0,7,0,0,0,5,1,6,0
6372.437233827703,591.0046586159589,10.782380715493785,4652.281700537717,1.3697444918460477,1,1026.13996712034,2,1,0,0,0,3,1,21,1
14959.19213140985,1720.1437521741007,8.696477903374548,13110.969635247015,1.1409676437045624,7,16367.714267072924,2,2,0,0,0,1,1,14,0
540.782947212594,984.8665150572208,0.5490926322956309,3530.9925667336574,0.1531532386410105,2,2908.2207868316586,2,1,0,0,0,7,1,18,0
1410.3017774656478,1786.7384274412889,0.7893163071918032,7866.928958215799,0.179269672442231,2,6191.3327266995075,2,5,0,0,0,4,1,9,0
176.7696549732079,741.8489703339247,0.23828253733861687,2186.2953492267256,0.0808535109566646,4,3173.299697797936,0,2,0,0,0,4,1,14,0
3252.732881919384,4095.5296856558907,0.7942154328197637,8202.83687597089,0.39653755537280383,1,6700.358348759162,2,2,0,0,0,4,1,15,0
4311.824667458912,1127.5387815635577,3.8241032042194645,3727.0149407778476,1.1569110228892754,2,3066.2848993852836,0,1,0,1,0,6,1,7,0
941.0724847456453,1186.494864329154,0.7931534413153394,3339.201664301795,0.2818255916695038,1,1769.2705815690383,0,1,0,0,0,3,1,6,0
451.89582745970404,923.4279669076088,0.48936770777369937,3379.614992358594,0.13371222120905885,2,1200.7750143822816,0,1,0,0,0,5,1,10,0
583.806099275288,1985.7218288620059,0.2940019547500571,6087.249175494984,0.09590639095660412,4,9082.515984840147,3,2,0,0,0,3,1,12,0
604.4214071893738,1195.247084012922,0.505687414153808,4102.947295952687,0.14731395837952865,2,3048.7546738635656,0,0,1,0,0,6,0,11,1
2469.889838805408,1041.107473791872,2.3723677919722284,3461.410619945615,0.7135500840533662,0,1242.2660130081115,1,0,1,0,0,5,0,17,1
206.23013107342274,269.8355428536618,0.7642808241361525,667.9947859035427,0.30873015093145056,3,680.4491928384331,3,4,0,0,0,1,1,6,0
2485.9680488863105,812.3935054792146,3.06005406508006,1705.0402081859834,1.4580113928991547,7,4771.738900460953,1,2,0,0,0,6,1,11,1
2075.285587753708,1407.2897729358644,1.474668279173437,2318.8724092197663,0.8949546251455818,4,7961.372162324745,1,3,0,1,0,3,1,6,0
143.62932779400566,903.6597472146735,0.15894182322130707,4189.925243646786,0.034279687450698995,3,3342.4362611296533,0,3,0,0,0,4,1,8,0
2874.512434175419,1099.861041058617,2.6135232787304647,4532.055977297614,0.6342623411040569,6,6168.131033194677,0,2,0,0,0,6,1,17,0
3331.27163990788,1675.207980928348,1.9885719730524405,5607.149834852182,0.594111400270027,3,5266.150874435837,0,4,0,0,0,5,1,5,0
2369.1936990036056,1341.0275516718145,1.7667002412068347,2768.7880974920135,0.855678952517037,4,4446.458428362298,0,0,1,0,0,6,0,0,0
1331.4447518884724,1311.5692277693854,1.0151540030814001,5625.149423837377,0.23669500160231913,4,7159.664597723606,2,1,0,0,0,2,1,20,0
891.7363399619271,1309.9236887130533,0.6807544192425604,6480.87107628824,0.13759513643537055,4,5075.59899669777,1,0,1,1,0,2,0,6,0
1270.6793922663546,1513.767838452429,0.8394149749973608,3725.6847221479306,0.34105929165519483,1,1434.5496064268439,1,2,0,0,0,1,1,11,0
6805.688635829361,1083.161413020064,6.283171237474,5876.293653169464,1.158160064407029,2,2165.231019995522,1,1,0,0,0,2,1,19,0
671.0363027185382,711.7025271773298,0.9428606434487775,3152.376855954585,0.21286677747649518,2,1430.005812069791,0,0,1,0,0,1,0,2,0
477.79606203552146,1053.348301081225,0.4535974107947776,2673.5591181210925,0.17871161284486728,4,3263.9451593545846,0,3,0,0,0,3,1,4,0
5606.056209955547,1336.864587603204,4.19343609064128,5629.40459679602,0.995852423388832,5,9020.60985244881,2,2,0,0,0,2,1,12,0
939.829550787229,730.8705331316667,1.2859042856197873,3251.7241509552323,0.2890249932520085,4,3051.1467008549075,1,3,0,0,0,4,1,13,0
546.4301706137387,2398.0286997486305,0.22786640154515972,6901.99628310989,0.07916987320768726,3,9172.200167215768,0,3,0,0,0,6,1,1,0
1777.7516799580455,1225.0755024640453,1.4511364208837576,4216.908580213341,0.4215770027122821,4,4120.182041858947,3,3,0,0,0,2,1,17,0
2646.7706295996104,2875.4470276076513,0.9204727488239288,9651.749616051322,0.27422702980171637,1,3347.4494305358558,1,2,0,0,0,4,1,7,0
933.6183531989485,609.352000609542,1.5321494838205818,2572.0155836983436,0.36299093952474554,1,392.4642152182777,0,4,0,0,0,5,1,4,0
92.71950448244365,1199.6278505915311,0.0772902233277796,3580.2685090850546,0.025897360560294493,1,1841.2157018310165,1,1,0,0,0,1,1,15,0
1547.224827418516,904.0566623984887,1.7114246172509624,3881.588871826671,0.39860605502261603,3,1957.9224259159605,2,1,0,1,0,3,1,15,0
241.39406727628153,384.18602833902133,0.6283259917595587,787.321913280996,0.306601484353869,0,374.26599243642755,2,4,0,0,0,5,1,5,0
326.87370572674797,1396.634718623741,0.23404380642123293,5058.875430760493,0.06461390682585152,2,2936.914304610497,1,2,0,0,0,5,1,20,0
2833.629475403492,2049.284383129709,1.382740969838415,4294.16936373201,0.659878368872908,2,5202.594111986422,1,3,0,0,0,9,1,16,0
947.2045527111845,504.4488374020498,1.8777019243207314,2103.023593935341,0.45040129623020625,3,2207.0222487313936,0,1,0,0,0,2,1,11,0
150.58390383031036,638.1527791250207,0.23596842128741935,3151.421265354849,0.04778285451258281,1,529.3225013194464,2,2,0,0,0,7,1,15,0
1301.6100085677099,1117.420407786991,1.1648346490695471,1760.4075024490571,0.7393799485385777,6,6646.062733815768,2,2,0,0,0,2,1,20,0
3110.741246379936,1628.1751987580813,1.9105691136633869,6488.062079158727,0.4794561470631442,1,1469.8500212377387,2,1,0,0,0,6,1,1,0
8044.718355503222,1216.0087036538428,6.615674979406467,9005.35384494942,0.8933261806269874,7,8283.262240011829,1,1,0,0,0,4,1,14,0
1939.2798905654693,1123.634349240579,1.725899436837396,4227.417720883248,0.45873864817889093,1,1540.161965296439,2,4,0,0,0,2,1,9,0
482.8150047878355,2764.428167652198,0.17465275836698102,4799.0207591912795,0.10060698401087943,1,1942.6541361421007,1,2,0,0,0,4,1,5,0
965.695455546891,426.33493381625067,2.265109844278216,1493.6076943502705,0.6465522768794888,3,1405.8886184728701,1,4,0,0,0,5,1,17,0
438.9631790657261,1622.136111551479,0.27060810491783166,3814.9960374967723,0.11506255176971399,4,8602.91925235915,0,3,0,0,0,3,1,9,0
2344.9987982386324,954.1366938423355,2.457717865136552,3150.600106620347,0.74430226587979,3,2953.5098554305996,0,2,0,0,0,1,1,18,0
522.1027394872732,888.3288090780121,0.5877359083166047,4255.686559461334,0.12268355110094356,6,5046.0392001680175,0,2,0,0,0,4,1,10,0
532.2947449807566,554.4975938096327,0.9599586200612105,2293.620765541952,0.23207617971447098,2,1784.0369920985083,2,1,0,0,0,5,1,13,0
2051.3359772422036,1287.117204078852,1.5937445096231764,2562.8473426979626,0.8004128623138043,5,6646.81895949996,1,2,0,0,0,7,1,8,0
370.9728117174254,758.9873709686192,0.4887733655488761,1360.9179476297022,0.2725901384161662,1,1235.3582047301406,1,2,0,0,0,3,1,7,0
429.82945678907186,647.3106155466788,0.6640234942324625,1692.599854562807,0.2539462919309392,3,1377.2576489112205,2,2,0,1,0,3,1,2,0
1298.5179382071026,1206.2420923507163,1.0764986120460776,3217.9294904573644,0.4035259138081811,2,1479.8110488685477,1,3,0,0,0,11,1,17,0
1239.2825166236116,1315.8196281499443,0.9418331282731018,2381.054044224545,0.5204764333802502,2,3828.1417426149037,1,2,0,0,0,6,1,7,0
3589.5661409977715,856.9581260972482,4.188729917697781,3100.9628943425896,1.157565009096559,3,2430.9618910838326,2,2,0,1,0,8,1,1,0
829.4709768786187,461.37879008051425,1.797809077296053,2181.823908918104,0.38017319981149467,1,775.2388978407,0,2,0,0,0,7,1,21,0
4866.143949230338,2083.2347603651006,2.3358596168861516,7889.126601689647,0.6168165622019725,3,5278.253539926677,2,3,0,0,0,4,1,21,0
4031.9292006521814,2867.2744621055576,1.4061887879723136,13377.83063473911,0.30138886570907847,2,8082.5158735589475,1,2,0,0,0,8,1,19,0
1111.735346280306,707.354308670518,1.5716810269662846,3531.694634061349,0.3147880724336129,4,5079.116595103519,2,1,0,0,0,5,1,22,0
5492.518834306317,1373.4826083109117,3.998972248407961,6853.2713837668425,0.801444817626265,2,3862.921426557864,1,2,0,0,0,6,1,0,0
4097.795580084707,1450.6095826498286,2.8248783332861094,4557.823660101364,0.8990684777816905,3,4698.911858349429,0,2,0,0,0,5,1,11,0
2868.963495476922,2711.1066420453017,1.0582259845420654,4862.40292148832,0.5900299793746357,1,2994.1525102858964,1,2,0,0,0,5,1,12,0
2195.137947729897,1612.3832941289027,1.3614243931470589,2892.7321727146395,0.7588458995392939,6,15154.402077450488,1,1,0,0,0,2,1,0,0
1803.1089924333114,1101.6449269410973,1.6367424279254361,3036.086259666733,0.5938925439592867,3,5111.226460224132,0,1,0,0,0,2,1,4,0
2217.454145822777,840.905984095763,2.636982240300304,2381.1994898320354,0.9312340924359895,3,3404.4139201678045,2,2,0,0,0,1,1,23,0
1398.6080925897297,2613.265785429357,0.5351955015015588,11279.776274580661,0.12399253837521033,3,9552.529541203901,1,1,0,0,0,5,1,16,0
4262.589202117992,2931.859778421288,1.4538857668060983,9170.430036278929,0.4648189000139426,5,24507.353869247887,1,3,0,0,0,5,1,14,0
1752.6186570903483,827.2944136073164,2.1184944903087986,3540.293774735539,0.4950489333957235,2,1688.573423520854,1,2,0,0,0,4,1,2,0
1230.3658893781892,719.0201842363522,1.7111701678930205,2538.6199088618328,0.4846593556929176,4,2887.6484231793393,0,0,1,0,0,6,0,22,0
2834.863886104546,1800.032636013928,1.5748958265457866,4527.541253875488,0.6261376157926682,4,7667.121732491042,0,1,0,0,0,1,1,17,0
2542.5538476859797,958.2413829505973,2.6533542517825723,4107.927282275195,0.6189383776720055,1,813.3685102955382,2,4,0,0,0,3,1,4,0
1464.87259392692,1084.6744427029303,1.3505182165780207,3096.319759689167,0.47310120001106587,5,3521.900331424265,1,2,0,0,0,4,1,15,0
564.1158742232415,829.5565390538275,0.6800210084133128,2688.80172599832,0.20980196076517765,1,905.79772959432,1,4,0,0,0,3,1,10,0
1095.727407980626,963.5039664772271,1.1372318600688647,1458.8326288250626,0.751098780168579,0,918.386091384681,4,6,0,0,1,6,1,12,0
1662.7438967822404,2021.3451407258992,0.822592769181972,6498.098582203376,0.25588160532622095,2,5940.589211955056,0,4,0,0,0,4,1,9,0
6364.692939969606,894.5797612246764,7.114729413569971,3352.3591091649123,1.8985713441526495,2,3073.7750258346036,0,4,0,1,0,4,1,1,0
789.0356308343678,1067.5373524936635,0.7391175859010995,2942.5618239034025,0.2681458124090276,3,4481.4084767877,0,1,0,0,0,7,1,10,0
327.2879140036704,1046.401269720401,0.3127747676482865,3881.680563773257,0.08431603493037673,4,2877.9399447007686,2,2,0,0,0,2,1,19,0
3060.0651696344744,1991.2356193260744,1.5367669902721715,8056.457218723676,0.379827644652876,1,3374.79496275209,1,2,0,0,0,3,1,12,0
972.2055227184352,1139.3016333028575,0.8533346168389073,4628.151351821838,0.21006346785433747,7,13591.488764412576,2,2,0,0,0,3,1,17,0
5726.571895363032,1981.7566822974927,2.889644297161696,6475.575849086135,0.8843340003763825,1,3044.6332673906913,1,1,0,0,0,4,1,10,0
1146.1733097717404,2138.4406030894543,0.5359855719704524,10105.46725583825,0.11342110965819611,3,5770.287020617018,0,4,0,0,0,3,1,9,0
1942.8166343960122,1517.0073995476296,1.2806902820483002,6995.988290161389,0.27770438625922766,2,2119.8506915765615,0,1,0,1,0,4,1,17,0
1584.6177603316967,1044.1889154917126,1.5175584961898336,2425.273968854737,0.653376806365503,7,6294.270083203296,1,2,0,0,0,5,1,19,0
2898.5907309878603,1643.0094454975451,1.764196023906663,6525.585169457683,0.4441886291752669,0,2912.9571391773247,0,2,0,0,0,2,1,2,0
5881.948346524574,1354.6858580318035,4.341927917569274,6463.489806814811,0.9100267072940865,5,4385.590846842163,2,2,0,0,0,7,1,6,0
873.2012606593795,570.0881314291586,1.531695210827042,1382.277096543258,0.6317121674395426,1,672.0127188539867,1,1,0,0,0,1,1,2,0
486.1042924505008,885.4270991385507,0.549005438080042,2778.528957218187,0.1749502344352674,5,5491.9378520113205,0,2,0,0,0,3,1,0,0
3035.3562700588636,2386.4914167670295,1.2718907131754318,9756.891769405738,0.31109869226762343,0,2445.1080416646487,1,3,0,0,0,4,1,13,0
1035.4048290401067,1827.2935634493817,0.5666329974290355,3068.2391037218667,0.33745897696960103,2,4499.6303661026495,0,2,0,0,0,3,1,4,0
1818.6883126793687,1335.0948897372723,1.362216518585627,4530.862327547044,0.4014000384920072,2,2599.121798145474,0,4,0,0,0,3,1,2,0
1200.1219273946265,721.5287705594924,1.6633043287574247,1802.6132506577578,0.6657678384183143,3,2602.5906062609183,0,3,0,0,0,5,1,6,0
6933.484098012465,2290.5789053488415,3.026957107577369,6076.034384696225,1.14111995736494,2,7168.470609621284,1,3,0,0,0,3,1,13,0
598.9385709847455,654.580127633631,0.91499656909837,2903.3052372146417,0.20629541920275396,2,2267.4476085599053,1,1,0,0,0,5,1,5,0
684.7078161380601,844.9838389773089,0.8103206056186445,2901.735253116826,0.23596495076613158,4,5747.390371651487,1,2,0,0,0,2,1,18,0
530.5291062399641,668.900943595742,0.7931355327263456,1787.194073660213,0.29685030521247685,4,2018.4874286089728,0,3,0,0,0,5,1,14,0
2628.1113384793616,1041.4981221270516,2.523395177239465,2616.374054179855,1.0044860880196986,3,5157.1242561566905,1,2,0,1,0,2,1,4,0
921.294218046107,982.8283134958572,0.9373907989780256,2063.7334759518644,0.4464211240364624,4,4274.751925911893,0,1,0,0,0,6,1,19,0
232.3713995621174,343.6892497456126,0.6761090134012369,772.7286942107065,0.3007153756590728,4,1127.3516319578855,1,3,0,0,0,5,1,18,0
789.4915848325318,1861.5260985737696,0.42410986632817566,5392.2517680361425,0.1464122260597013,2,2686.665200061635,2,1,0,0,0,4,1,18,0
478.21222547316154,1343.047866916377,0.35606491566911275,4292.35737952538,0.11141016070894802,3,2596.8002659919757,2,1,0,1,0,5,1,20,0
340.41400679530267,215.2477718510167,1.5814984000434602,923.3783159998883,0.36866146940724115,2,487.94763097656465,0,2,0,0,0,4,1,22,0
418.6708521128896,1301.1582539339277,0.3217678179015337,2037.1528032120793,0.2055176476957205,4,4783.239058478087,2,1,0,0,0,3,1,12,0
237.7403518753971,839.0067092018207,0.2833592976885353,3519.208152474794,0.06755506965628395,3,4421.3081756929505,2,1,0,0,0,5,1,5,0
4482.087583947315,1849.5839817301885,2.4232949832072816,7701.282738910138,0.5819923428212695,4,11899.114630349926,2,1,0,0,0,3,1,19,0
1540.863821425798,1554.7085170531489,0.991094989526659,7432.4308503036755,0.20731626737742756,3,6544.773107594385,2,1,0,0,0,2,1,21,0
2268.620903210945,899.5697179890533,2.5218955883512204,2903.548009479957,0.7813271541589798,1,1420.0170693667055,0,1,0,0,0,4,1,12,0
118.83068825545098,1494.5107496557853,0.07951143093672627,2566.125274022259,0.04630743847871093,5,8084.720433030327,0,0,1,1,0,6,0,5,0
714.1739629156608,2223.724407125513,0.32116118374526204,11084.10350966608,0.06443227116138471,1,1495.3467229264893,1,1,0,0,0,4,1,9,0
303.6706883331481,888.454148593275,0.34179669126871887,3645.3652132326633,0.08330322767958188,2,1705.0909497607422,2,2,0,1,0,3,1,23,0
570.8612266322717,2984.1871724041625,0.1912953825119376,9805.670813722178,0.05821745778304136,2,3978.9214348964806,4,2,0,0,1,5,1,15,0
603.6714051126559,817.7198301353187,0.738237453545377,3526.3485055210294,0.17118881022891452,4,4053.7205510381004,0,1,0,0,0,4,1,3,0
224.1386523877279,436.4554784239134,0.5135429922820905,1318.2067827301346,0.17003299886191978,1,520.9989661544735,1,2,0,1,0,4,1,3,0
8339.927612392028,2062.086560574755,4.0444119911569,9127.048209007164,0.9137595662266412,4,13975.101215450053,1,3,0,0,0,3,1,13,0
968.0752290383333,1088.6368604316826,0.8892545018680128,4291.540502742882,0.22557755855259914,5,4442.6005925852,1,4,0,0,0,5,1,16,1
4557.965754879134,984.7470356570487,4.6285650932048155,4913.614175344143,0.9276197911000815,3,3404.7316503470574,1,0,1,1,0,5,0,20,0
1438.1404099987817,864.7040285737602,1.663159141713316,2021.91495000971,0.7112764114988492,2,1632.9581809084505,3,2,0,0,0,6,1,12,0
729.4215861570606,1169.3927792189672,0.6237609801594964,2367.519305506944,0.3080953065347332,5,8719.236471906826,0,1,0,0,0,6,1,6,0
631.1788206967972,796.8871157969501,0.7920554971773743,3095.810669750167,0.2038815961402877,1,940.7794271885018,0,1,0,1,0,4,1,3,0
409.8559786949696,399.73583189839457,1.0253170869084045,1226.0616461315608,0.33428659968945035,4,2201.306344297815,3,2,0,0,0,5,1,21,0
304.36117930263305,982.6507517393891,0.30973484604157037,3807.936494745067,0.0799281132242226,1,784.3370801461729,3,3,0,0,0,7,1,2,0
2350.467381670937,618.4451159322259,3.800607881150313,2465.3796037748066,0.9533896435551245,8,6262.768226384,2,1,0,0,0,6,1,22,0
927.7340438667511,3161.286541782905,0.29346724240426714,8844.334969030342,0.10489585108607258,2,5686.694396353189,2,2,0,0,0,4,1,8,0
1631.1872170373229,1397.4483825792327,1.1672611578158505,4922.583434174476,0.33136811977893377,2,3162.9407268280124,0,3,0,0,0,2,1,0,0
877.8093953894306,1008.1108872082724,0.8707468657741796,2117.8843568673965,0.41447465842177306,4,4810.525885406727,2,0,1,0,0,3,0,3,0
2273.4396766365053,1149.6985470166178,1.9774224143675854,3158.952505361028,0.7196814997307723,3,4651.396755471056,1,4,0,0,0,5,1,2,0
3752.998626125397,410.54151853776045,9.141581196202953,2043.3288684181305,1.8367080718782336,5,1406.9294081022638,0,2,0,1,0,3,1,8,1
187.50087105361442,907.7137955070114,0.20656386625575543,1924.43628461842,0.09743158168044642,6,7905.334761005079,0,0,1,0,0,2,0,6,0
25221.54661921571,6291.606246862676,4.008761138189869,25358.80446021503,0.9945873694000575,2,17611.272690383263,1,2,0,0,0,4,1,17,1
626.4202053406995,884.826275828307,0.7079584122366761,3226.3335384860648,0.19415853874632036,1,1155.424087279478,2,1,0,0,0,1,1,20,0
2257.1932704794685,4659.4951500216785,0.4844287198086185,9923.2099589912,0.2274660396996111,3,19623.55890426604,0,1,0,0,0,3,1,22,0
5231.352429713868,1622.0133725345,3.2252215168482516,3195.7299795536155,1.6369819925914366,2,5761.198498550279,0,3,0,1,0,3,1,22,1
997.4419737688746,536.3655477171208,1.859630951343142,2171.136941376068,0.45940997767588776,3,2489.0242035287897,2,0,1,1,0,4,0,0,1
389.89993764269553,315.56904204386717,1.235545588114108,1000.8344300814771,0.38957486465663865,1,343.45969622202944,1,1,0,0,0,4,1,6,0
2065.2671741699523,2892.4099112997133,0.7140299049943161,7253.003174667104,0.28474648699774535,4,15590.85539304549,0,2,0,0,0,8,1,7,0
302.6641239629806,1565.0785552983327,0.19338589934566403,3147.614849952906,0.0961566577840707,6,10861.074769489438,2,5,0,1,0,9,1,0,0
2384.237146598235,1708.4749640285893,1.3955353147090879,6259.66565276652,0.3808888970842234,0,1721.472624302133,1,3,0,0,0,8,1,6,0
319.92351852789704,942.1697040531138,0.3395603967646382,1996.9916219858428,0.1602027344560212,5,7179.959398125564,1,1,0,1,0,1,1,3,0
1884.168064425635,1038.510940890307,1.814297750980219,1858.8983423021657,1.0135939236419858,3,5449.502391866004,2,2,0,0,0,6,1,5,0
127.92199845522049,1080.3844219823873,0.11840414934944879,2183.9826337201266,0.05857280936218903,2,2877.394845313026,0,3,0,1,0,3,1,16,0
504.747284955809,2432.835713840716,0.20747281951026805,4442.939608576727,0.11360660495619526,2,5102.128957701055,1,1,0,0,0,3,1,17,0
663.5623479495515,692.9628659864767,0.9575727366067853,1608.3762843897168,0.4125666079448156,4,4564.848461233616,1,1,0,0,0,2,1,17,0
1944.9733240608862,338.47362779240035,5.746306844484255,944.1666199907293,2.059989500666719,1,386.46296063739254,0,2,0,0,0,4,1,7,1
1514.331160800842,1366.0803030593572,1.1085227987033228,2957.1512112363307,0.512091216386506,4,9434.645556572972,1,0,1,0,0,5,0,5,1
282.94927554464465,843.0625373154311,0.335620743445251,3119.684891783179,0.09069803052542073,3,3891.961958688004,1,6,0,0,0,2,1,0,0
1316.0479024794306,1199.2678200491212,1.097376149412169,2498.888561136763,0.526653298168987,3,2888.812957660698,0,3,0,0,0,3,1,2,0
98.85804243149217,738.5672649811154,0.13385110215251672,3446.655087575893,0.028682313698241608,3,2089.0899796272583,0,0,1,0,0,3,0,19,0
531.7082318244582,2119.930489004502,0.250813993469259,10474.869141960346,0.05076036985460138,2,3221.6275836619184,1,4,0,1,0,4,1,6,0
2473.4082140787036,1028.9218397926384,2.403883481156525,3437.2606643964846,0.7195870361821936,10,14901.266626111788,0,4,0,0,0,2,1,15,0
699.5803084124677,1649.2827361654647,0.4241724557421682,4316.191418269325,0.1620827810025581,3,6310.021854822085,2,1,0,1,0,5,1,17,0
442.39173017834935,1230.7074018261712,0.35946133867555474,4979.585145952187,0.08884108157844463,3,5937.4564207160765,2,3,0,0,0,6,1,18,0
3859.597943199441,1230.4872922069405,3.1366418553393256,4550.376731889624,0.848193055346579,0,1655.249214863759,3,2,0,0,0,5,1,19,0
940.5177687307297,1757.7266034192123,0.5350762552613076,5781.335926951323,0.16268173664606508,1,2713.5087154817625,0,1,0,0,0,3,1,12,0
871.8318835649225,2249.729883060741,0.3875273605641943,8954.355074710771,0.09736400626184494,2,6498.063456620593,1,1,0,0,0,2,1,22,0
1110.9588577935497,1000.5653935431704,1.1103310837680058,4620.549579982211,0.24043868344289615,5,3458.8927013883554,1,3,0,0,0,5,1,22,0
1842.472578763965,726.0009902803721,2.5378375559135615,3614.277238414333,0.5097762172700122,4,2601.9535262449504,1,2,0,0,0,5,1,15,1
3036.1022198466817,1353.9829452095653,2.2423489384327238,3024.2625677444685,1.003914888947967,1,2276.3623487029718,0,3,0,1,0,3,1,18,0
564.3332008715788,937.5455253366871,0.6019261845113261,2019.0007210736974,0.27951114379566366,5,4363.848635844198,1,1,0,0,0,3,1,23,0
1186.0022763273046,610.3881542892125,1.943029641046009,2983.0309398365293,0.3975829618422589,4,3343.7440748148556,2,0,1,0,0,3,0,0,1
609.3771230189401,550.1616131467969,1.1076329363174655,2671.0149903695005,0.22814440398727998,2,800.4659645637875,2,1,0,0,0,2,1,3,0
227.54315842950362,572.8224545390603,0.397231562112214,2296.6586232819113,0.09907574252561133,2,1597.9720226512095,0,1,0,0,0,4,1,7,0
953.4947839353131,879.8922527807179,1.0836494819928117,1943.6803617333728,0.4905615155184194,3,2726.273667910855,0,4,0,1,0,2,1,11,0
2800.3522784280594,681.9720651976555,4.1062565775570805,2446.968285677981,1.1444170710419186,3,1920.332398205141,3,3,0,0,0,5,1,12,0
24020.5933530686,1812.2762995320672,13.254377028089348,26592.871962523463,0.9032718762727133,4,6480.527071063877,1,0,1,1,0,2,0,23,1
189.41078348289756,977.4782763915896,0.1937749288732196,2184.5314503140203,0.08670545047802827,3,3923.581535844904,0,0,1,0,0,5,0,23,0
1360.0705881242307,567.7720350764429,2.3954518787476307,2832.523391443254,0.480162173499734,4,2843.1918832969,3,2,0,0,0,4,1,10,0
590.6177658344013,1361.2021680890532,0.4338942294395182,3785.0139833479675,0.15604110537842208,2,3780.6437727633997,0,2,0,0,0,4,1,16,0
3424.736168501,754.1690537506769,4.541072258890637,2280.3279601226063,1.501861235923653,3,3719.44699628472,1,4,0,0,0,4,1,9,0
3443.4883972230127,1641.435411235168,2.0978519006311758,5278.542063707118,0.652355964139964,1,1710.2016415201008,0,2,0,0,0,4,1,23,0
285.3881774002272,400.59418026974026,0.7124121903320237,1162.8854935983272,0.24541382532612732,1,297.41846840752663,2,3,0,0,0,7,1,17,0
1415.831967609204,2101.294991916222,0.6737901975001008,4710.181571447876,0.30058967921569685,4,8568.836296162373,1,3,0,0,0,4,1,7,0
5848.497639288229,2119.5464675374296,2.759315603060705,8512.234331110696,0.6870696237664669,2,5977.226434176834,0,2,0,0,0,2,1,7,0
12805.730790302365,2550.8334034691543,5.020214480838485,12418.190508958201,1.031207467872602,2,8754.491320397798,2,3,0,0,0,2,1,10,1
266.4648829995935,2036.7286211405785,0.13082984165576844,3508.53912951725,0.07594753062829805,5,9194.137603158744,1,1,0,0,0,5,1,2,0
720.0523072646863,628.4845988667173,1.1456960259059392,1496.462552217186,0.4811696130971295,3,2893.583821407466,1,2,0,1,0,4,1,6,1
284.1515555822565,639.9258954188334,0.4440382200759018,1654.1014473939194,0.17178605098855623,2,2242.7196753524927,1,4,0,0,0,4,1,6,0
208.9960784434584,258.46086723625035,0.8086178796746903,799.9944216388565,0.2612469197164053,5,997.7910617542781,2,4,0,0,0,6,1,17,0
3250.97070757128,1712.0539460325501,1.8988716536093726,3747.3502471571232,0.8675385253987361,5,15071.25275203478,3,4,0,0,0,5,1,7,0
4594.220439427462,1692.9394278196776,2.7137535838150573,5886.042112853582,0.7805279594236817,6,6759.4982887861925,0,1,0,0,0,3,1,14,0
903.3901994900006,1162.338812954007,0.7772176145388231,5007.968107692162,0.18039056560731828,3,5730.622089249052,0,3,0,0,0,3,1,7,0
413.57696554162897,1484.2659690209812,0.2786407383674123,3180.4555149095318,0.13003702255945346,3,7974.985298932324,2,4,0,0,0,2,1,9,0
650.1102869792207,934.716102490062,0.6955163019523704,3524.7857957545507,0.18443965808142157,3,4438.8272585006625,0,1,0,0,0,5,1,20,0
939.774461636108,1461.4471629553177,0.6430437483184198,6984.291581866995,0.13455544497540775,3,3496.344118426094,0,4,0,0,0,4,1,15,0
1894.9167843293496,716.3097205550094,2.645387504808862,2954.174820364769,0.6414369154007525,3,2619.1420455724083,3,1,0,0,0,2,1,12,0
611.3614324205828,2084.8822314076124,0.293235475467514,9452.419614378556,0.06467777112757561,1,2258.373227629007,0,2,0,0,0,4,1,13,0
558.9220798941288,691.1746768769042,0.8086553205618541,1246.9935766853646,0.4482156847830768,2,1753.4837835041078,1,2,0,0,0,7,1,4,0
4939.545272953448,1958.541108144608,2.52205340618704,6436.668924719805,0.7674070751073269,2,2597.758514646866,0,2,0,0,0,3,1,0,0
1830.2660610592304,597.8360076658394,3.061485152433739,2066.3181310394075,0.8857619906468918,3,2198.5277127639692,2,2,0,0,0,2,1,2,0
728.1060459707983,1362.8615850483227,0.5342479779008387,4997.719122012307,0.14568766835332475,5,10392.416058467308,1,2,0,0,0,1,1,19,0
8566.39597119919,914.1922950051693,9.370453041447643,4440.638860367182,1.929090889974075,3,2628.6193156412824,2,4,0,0,0,5,1,5,1
2015.0800401288811,1084.181443551714,1.8586188244724045,4345.479823599957,0.46371865062751894,5,4517.681142289369,0,3,0,0,0,4,1,14,0
979.2927014602019,1127.5764840595791,0.8684933707862409,3622.3483406198197,0.27034746782321745,0,1309.5451015328902,0,2,0,0,0,5,1,15,0
175.74744841852234,695.8653427694258,0.25255956521570305,3108.192301173394,0.05654329957389534,5,5202.407695790425,0,1,0,0,0,3,1,15,0
58.62080667014851,321.47057189377693,0.18235201537986656,1509.4120001473825,0.03883684949134142,0,443.6299198394604,0,5,0,0,0,3,1,0,1
923.3047491114787,1162.0768364441578,0.7945298625318972,3040.1915446114804,0.30369953194165333,3,4492.880642474409,1,0,1,0,0,4,0,23,0
7963.2640135211905,2119.400446834552,3.7573192104468927,8874.123727482849,0.8973577851815658,5,18044.63399588289,0,4,0,0,0,6,1,13,0
808.0429779270062,1306.9124817086445,0.6182839243149463,1981.918489146627,0.40770747250808115,4,3754.444103152472,0,1,0,0,0,5,1,11,0
4561.244235287095,2014.316014120534,2.2644134303219396,6463.576387708068,0.705684277818905,4,11041.947894306704,0,2,0,0,0,5,1,18,1
1891.0513539992967,838.051087169138,2.2564869647590338,2387.6321924042627,0.7920195413746175,3,1795.1475365431509,3,1,0,0,0,3,1,3,0
442.954153528866,832.2101336305683,0.532262388582618,3257.181805693722,0.13599307006890413,4,4009.4232635951275,0,6,0,0,0,4,1,6,0
1421.9031250586736,986.9747482742213,1.4406681908984482,2919.7551580768973,0.4869939594507688,4,4095.062923084111,0,3,0,0,0,4,1,23,0
181.95090350919838,661.6845483288695,0.27498133962585053,2260.358190931487,0.08049649132565885,0,558.8153583924543,0,1,0,0,0,4,1,20,0
7581.797161594574,3899.618254455172,1.9442408633031314,15887.845817394615,0.47720737277634806,3,18115.102134803543,0,1,0,0,0,3,1,20,0
1033.3865922506072,1933.3496071557563,0.5345058071369058,6537.6592658868985,0.1580667560395438,1,1200.9681211986815,3,3,0,0,0,6,1,7,0
22582.17407686565,3305.1490366766843,6.8324223283958005,14848.375924962596,1.5208514514305398,2,9573.053144809299,2,1,0,1,0,2,1,11,0
226.4801618827526,798.9530400951487,0.28347118105437175,3531.2689268994836,0.06413563129036626,2,1378.9680688299816,2,1,0,0,0,2,1,22,0
327.8515866793196,1539.530363665643,0.21295558334991227,7655.7655202313435,0.04282414159797994,6,12400.676734593453,2,2,0,0,0,4,1,19,0
1493.8195833955185,791.6434296291649,1.8869853869630155,1592.680593887441,0.937927911678373,0,1320.4112156141102,0,4,0,0,0,4,1,8,0
6120.660011229657,2183.8245429638,2.802725168993174,9983.328667453912,0.6130881006836203,1,1854.9283632938748,2,2,0,0,0,7,1,21,0
1720.756275768841,1582.819094921072,1.0871465231183903,6532.514248958405,0.26341408685686557,4,9559.635563588825,0,3,0,1,0,2,1,2,0
3075.967006269044,934.6437223047405,3.291058328283646,1409.7230229249096,2.1819655040370924,6,4913.175981537279,1,2,0,0,0,1,1,12,0
5003.95860322805,1714.3081471433356,2.918937655150549,6059.234649227536,0.8258400429938759,4,12246.166090129433,0,3,0,0,0,4,1,2,0
442.73254890245437,1339.844581494962,0.330435749800522,4183.378197127113,0.10583134683029516,7,15472.327146856924,0,3,0,0,0,2,1,13,0
2311.505108746823,4464.5286823188735,0.5177489659549525,7564.939801253988,0.30555499045262213,4,16275.361833844663,0,3,0,0,0,2,1,22,0
2420.008707651986,669.0409281776537,3.617131038968948,2206.7437240228114,1.0966423881973935,1,1081.6177643817896,0,2,0,0,0,9,1,21,0
1457.9511351994436,1364.996323363375,1.0680989466748352,2551.4048032020346,0.5714307401827035,2,4544.230227431647,0,1,0,0,0,14,1,23,0
8618.413983385044,676.3006208367166,12.743466023618868,9306.286992035597,0.9260851283396654,1,1051.1860377139917,1,4,0,0,0,2,1,23,1
2023.1966481397963,865.7428485704522,2.336948727304622,1927.413335349701,1.0496952630934853,5,6613.003381151085,1,3,0,1,0,7,1,18,0
3225.6012865113544,1882.149547729759,1.7137858627663574,8499.887638367982,0.37948752074688424,3,4836.505410792397,1,2,0,0,0,4,1,4,0
2792.187506836695,1375.53670348926,2.0298894967716112,6686.500973387634,0.4175857474559025,4,7582.431299427835,0,4,0,0,0,2,1,23,0
3448.9136593983303,2135.979980696752,1.6146750861744041,4738.1545003625615,0.7279023212802412,2,3690.7194743125006,2,4,0,0,0,3,1,5,0
297.9754231854422,331.2568158659117,0.8995299384452776,1306.0851852505257,0.22814394233274018,6,1787.858006134381,2,0,1,1,0,4,0,2,0
2208.8356182023817,1044.191351977329,2.115355211494166,3384.930917360493,0.652549689234069,1,1596.8164084667953,1,3,0,0,0,3,1,13,0
3428.136365892976,1530.9372031280109,2.239240354789607,3797.8477489768693,0.902652394850875,2,4366.542260521784,2,1,0,0,0,6,1,5,0
5421.916868667399,2066.546679241413,2.6236604878713283,5089.104902963058,1.0653969552701825,2,4103.700503375112,1,0,1,0,0,2,0,4,0
2187.984518967954,1005.1084285379258,2.176864163949646,4425.516979537717,0.49440201655186233,4,3820.1612762861123,2,3,0,0,0,3,1,3,0
1842.8944409850212,1653.622789997238,1.114458782336992,6254.406054018393,0.2946553877487664,5,14454.089050842065,2,3,0,0,0,3,1,5,0
299.8113305239946,1016.3721011559743,0.29498185771038304,3043.2445327431233,0.09851700292179622,3,3217.796852988323,1,0,1,0,0,2,0,6,0
427.8845094601367,1452.308090904311,0.29462378688099516,3366.6486930841083,0.1270950872715388,1,1850.636540027907,1,2,0,0,0,9,1,13,0
5033.006366325606,2500.9981762147686,2.0123990549817203,11686.85349044073,0.43065538302866185,2,3542.8839390755206,3,4,0,0,0,7,1,3,0
1584.1382780801123,742.7617842628746,2.1327676135791362,3494.3814038079045,0.45333868717188164,2,1070.6298437502314,1,1,0,0,0,3,1,9,0
1080.6307091063168,1649.9904022656626,0.6549315120999873,6113.7545315484895,0.17675402300337614,4,7849.204186923654,1,3,0,0,0,5,1,2,0
453.1625168744902,852.1000198070365,0.5318184559802167,4022.073887494599,0.11266886923272583,6,5567.849948512488,2,0,1,0,0,3,0,15,0
2329.0031451077148,3324.52163895774,0.7005528608434244,7226.344508308262,0.3222934005471254,2,6759.104294845147,1,0,1,0,0,5,0,0,1
171.63525468793816,589.9979582407759,0.29090821805504363,2599.61534450216,0.06602332727836979,3,2510.1030709708143,1,0,1,0,0,4,0,0,0
613.2481400170818,1266.4027947084721,0.484244146159084,5423.946000672003,0.11306309833119708,4,6136.116524588839,1,0,1,0,0,1,0,1,0
1098.303325520233,732.0266039896551,1.5003598496752917,2952.096082413153,0.3720418627507676,2,2235.9235119917676,1,3,0,0,0,3,1,0,0
705.8226266952986,1080.8297679723921,0.653037737866346,3816.0073488395687,0.18496364450396988,3,5806.6327543997095,2,2,0,0,0,3,1,8,0
2219.8193382379854,1280.2885147389034,1.7338430460658205,2066.2205526257835,1.0743380397687974,5,10248.486364358945,0,1,0,0,0,1,1,10,0
223.86159723456453,877.8088645465208,0.2550231676575882,3854.9150794935304,0.058071732481322545,1,863.1114786649459,2,1,0,0,0,3,1,21,0
554.7500722938662,1030.0716893898432,0.5385548190558165,3723.084158665734,0.1490028290127816,2,2887.5383554410364,2,4,0,0,0,4,1,7,0
2093.485032991175,1486.4320032854102,1.4083960977454846,2567.050401575583,0.815521593072833,3,5081.1276564432665,2,1,0,0,0,5,1,12,0
1667.0933387013265,1244.5731445940419,1.3394900459989463,5094.50114941779,0.32723387232758705,3,5463.4783659053555,2,3,0,0,0,5,1,10,0
1557.3599361887948,1464.7604230931572,1.0632181970755967,2749.499844840273,0.5664157207032927,2,4257.502002963591,0,1,0,1,0,2,1,22,0
261.75217841926764,1057.1630357207748,0.2475986858931411,4576.405833180345,0.057196015379904486,4,5233.998822305088,3,2,0,0,0,5,1,4,1
537.4886418816095,1478.3828353143074,0.3635652613399954,5703.839805811981,0.09423277304070328,2,2212.8380737103867,2,1,0,0,0,10,1,16,0
889.0390149845384,1124.8921550585076,0.7903326652129581,4608.6481193632035,0.19290668151670054,0,1678.7432901381885,1,1,0,0,0,3,1,7,0
3257.392405127169,697.8609888336807,4.667680895261355,2614.3709572337702,1.24595646846298,3,2276.5936339041573,1,0,1,0,0,4,0,21,0
1549.0208578550253,1374.8745615828589,1.1266634070759707,5766.803443427498,0.26860996270307513,2,4398.319932321885,0,2,0,0,0,6,1,21,0
1506.234654480494,3514.343820027099,0.42859627048923166,13554.14246892552,0.11112725559242982,3,12044.886474965455,3,0,1,0,0,2,0,10,1
1811.0064016758563,880.5249522829271,2.056734902265382,1444.3338215013719,1.2538696904523994,2,2958.320903011132,0,3,0,0,0,3,1,1,0
194.81740627006386,1191.8895969473099,0.16345256034538255,3855.7128917393225,0.05052694838545958,3,3369.659119397841,0,1,0,0,0,5,1,21,0
777.4974385657823,803.3714206912309,0.967793250470391,3403.3338989614517,0.22845170695800388,5,4879.475213080606,2,0,1,0,0,6,0,12,0
937.766311700403,1806.2007298775884,0.5191927431919254,8519.154088234649,0.1100773975899206,3,3583.3998140096255,0,2,0,0,0,5,1,11,0
802.4905807010667,1082.9131851733937,0.741047935964113,4101.997165152568,0.19563411391855975,3,3665.2734380077623,2,2,0,0,0,5,1,15,0
1404.1017607517585,1047.7685710879402,1.340087686819832,2663.285433422644,0.5272066385116363,3,2647.4004503982806,0,1,0,0,0,6,1,3,0
2130.6381748744725,970.0995923046561,2.1963087004425352,2753.9103743972314,0.7736773842325282,0,1107.2083683226833,3,1,0,0,0,1,1,6,0
725.1204665130565,719.780887317023,1.0074183397893999,2122.598947910683,0.3416191585446734,6,5947.84216862057,1,2,0,0,0,4,1,18,0
1481.2382895186843,471.5450825594434,3.141244271870777,1238.4619463552901,1.1960305230837884,4,3065.347045838154,2,1,0,0,0,4,1,1,0
383.61252976247056,1037.232803088925,0.3698422655165316,3611.6246259630125,0.10621605772781084,2,1789.1353938528816,1,2,0,0,0,1,1,9,0
965.3494656038297,430.33933421534033,2.2432285149206743,1444.0795061441638,0.6684877539612822,4,1147.5788021119738,1,2,0,0,0,3,1,14,0
1169.1550172915647,753.0460516826807,1.5525677542284284,2796.793538554334,0.4180340812342917,2,2309.500805856159,3,1,0,0,0,6,1,3,0
1019.393421894835,1123.2402500112069,0.9075470914478574,4138.081899266035,0.24634442882235924,5,8289.235170899787,1,2,0,0,0,6,1,7,0
859.3318750108547,1162.4900921054427,0.7392165153463602,3102.205208952811,0.27700677973554594,5,8900.952261633649,0,1,0,0,0,4,1,21,0
452.6569846247854,992.8417602138148,0.4559205734127288,2804.825699376182,0.1613850674305574,3,4418.066806053774,1,1,0,1,0,1,1,22,1
575.0727040030869,1527.9695259118225,0.37636398779609803,4009.9939887773585,0.14340986685080437,5,6143.816764618229,0,4,0,0,0,6,1,10,0
1070.3758888202276,1273.115128339188,0.8407534126285664,3916.4742243446594,0.2733008893986358,3,3519.415849957025,3,6,0,0,0,3,1,7,0
1109.7325318265232,1134.9057577188282,0.977819104607502,2203.6915708659026,0.5035788794120917,2,2403.7920539098277,2,0,1,0,0,1,0,21,1
699.514611443304,961.1820578626292,0.7277649491281678,4527.526427478073,0.15450260150838,4,5027.821681058091,2,3,0,0,0,2,1,17,0
241.27016435641832,373.1989280021056,0.6464921152052641,919.1475610282428,0.2624933956050663,2,675.3883290464314,0,2,0,0,0,3,1,22,0
1371.7974807672006,1016.5520388485537,1.34946114743032,1576.5448412369863,0.8701290600087612,1,995.8043673297803,2,2,0,0,0,2,1,18,0
154.1951366160264,391.1895737481069,0.3941698525823059,598.2019520381976,0.2577643487966759,0,422.7048492248004,1,1,0,0,0,2,1,20,0
2514.994448812717,625.3558991522078,4.0217010061347205,1396.7017886288713,1.8006667345086333,1,692.2795906275676,0,4,0,0,0,4,1,23,0
2056.266381958849,954.2359231629108,2.154882594592695,2634.037429075986,0.7806519221255646,3,3393.2883802555916,1,3,0,0,0,6,1,20,0
378.7638599331821,878.3102303270881,0.43124154410922455,4375.727699333336,0.08656019888780754,3,3713.0611044522484,1,1,0,0,0,6,1,13,0
2074.907133992499,1341.5407466154295,1.5466597933959725,3721.923736827788,0.5574824420666263,3,4919.177881699396,1,1,0,0,0,6,1,3,0
1255.1103615785166,901.8552473054144,1.3916982412960024,2511.2960269674177,0.4997859065998518,2,1121.1933340623184,2,2,0,1,0,3,1,10,0
1608.539032291808,690.7575477037575,2.328659364836439,2777.836112219183,0.5790618910943467,1,962.0953426278548,0,2,0,0,0,3,1,23,0
3536.565031446812,1296.6413693354223,2.7274812566403273,3595.383987437499,0.9836404244452877,4,7215.109359748905,1,3,0,0,0,5,1,4,0
598.2027215808331,742.4609899386553,0.8057025617335918,1152.7045746252998,0.518955797304167,2,2576.658335087102,1,2,0,0,0,5,1,18,0
1066.4232262226735,921.7485897044686,1.1569567213165908,3003.771564155307,0.35502807169111855,1,1520.610934851571,1,1,0,0,0,2,1,18,0
136.60682792121867,601.3321757340817,0.22717365448548407,2886.558897392106,0.04732514830881769,4,3020.5274023429456,1,2,0,0,0,7,1,13,0
470.7533094466453,578.0489589655971,0.8143831108857035,1398.4354649103216,0.3366285547376572,1,513.8524782105993,2,2,0,0,0,6,1,21,0
1277.7097086710444,994.4911923134354,1.2847873551285778,3126.701064129141,0.40864466492479234,3,3510.947072569615,2,2,0,0,0,5,1,21,0
915.8925318104522,463.21017663730873,1.9772720419473673,2221.0227698795425,0.4123742197654848,3,1357.0280724432234,1,2,0,0,0,4,1,12,1
4451.26848164684,760.3617165016092,5.854145974269891,4450.591856666084,1.0001520303372107,4,3268.0669203605576,2,1,0,0,0,5,1,10,1
645.9777064639034,670.9484446334395,0.9627829256193022,1844.4276687262409,0.3502320624532892,3,2770.0860926292485,2,3,0,0,0,8,1,7,0
1156.3241436522446,785.7557310153503,1.4716076485475293,1658.2577603923824,0.6973126683143829,2,1473.3544835760026,0,6,0,0,0,3,1,19,0
577.3614405593438,559.7186602344171,1.0315208006778578,880.2890375337166,0.6558771221063058,1,409.3338535068964,1,3,0,0,0,5,1,22,0
14513.547593429981,2695.7693680571156,5.383823915133411,13889.91270057888,1.0448984026245975,2,7602.558965515517,0,1,0,0,0,2,1,16,0
769.4066247639922,883.7353779867985,0.8706301048134409,4218.239577342461,0.18239993501002782,3,2364.4992162113795,2,4,0,0,0,8,1,22,0
154.09265115175631,667.1453959248604,0.23097311634465892,1613.5995248937297,0.09549621747806646,3,2820.2855486165126,1,0,1,0,0,3,0,6,0
1067.5090260808606,1250.3822693348534,0.8537461320918498,4938.990194721487,0.21613912641935468,6,7486.218154525197,1,2,0,0,0,2,1,12,0
8492.710517074162,5636.845169266945,1.5066425033949644,22992.053811533213,0.36937589772054513,1,4167.47234080487,1,0,1,0,0,5,0,4,0
3726.8775856408733,854.1318550365006,4.363351587538681,2321.8415729461635,1.6051386231799927,2,1613.287686175206,0,5,0,0,0,2,1,23,0
1365.3328100430379,1405.1336366477449,0.9716747036960409,5963.631969967667,0.228943170356376,6,6265.10711328597,1,1,0,0,0,5,1,23,0
359.6096624765229,780.5514256176646,0.4607123255100805,1602.8170358489367,0.2243610184028613,8,6670.704782667069,1,1,0,0,0,2,1,5,0
1616.611953367553,1028.1498785937542,1.5723504782966704,4455.526287983785,0.36283299634600574,6,6035.845643583446,0,2,0,0,0,3,1,9,0
652.5742005343177,1144.3073348560035,0.5702787884484161,2428.4282942949426,0.2687228616415799,2,3954.7262278887792,0,3,0,0,0,5,1,5,0
8702.401065170669,1173.9861416064011,7.412694883487217,8110.55825508991,1.0729718955793626,2,2437.3477196554068,1,3,0,0,0,3,1,10,0
972.3479943373937,1484.2701525581658,0.655101763423279,2721.537637943202,0.35727890762232645,4,6807.015565880315,3,1,0,0,0,4,1,11,0
1655.5005748208307,881.519805735058,1.8780072371038636,2812.3275584166563,0.5886585187654597,9,13618.218166931538,0,2,0,0,0,3,1,16,0
384.85521814299693,1295.0333402788458,0.29717784567625893,5145.337223979171,0.07479688918141839,3,6737.802012002952,2,1,0,0,0,2,1,6,0
918.2420971863252,669.844887477494,1.3708279548781015,2902.9299868730386,0.3163156195080791,4,3675.3525073793935,0,2,0,0,0,5,1,3,0
1031.144585701206,1634.0113023191382,0.6310510730480943,6615.787370539771,0.1558612041089641,3,8188.395941470137,1,2,0,0,0,4,1,18,0
366.15311079669743,2167.099263139965,0.1689600089043309,5414.6042393037205,0.06762324532213311,2,6573.976029490787,1,2,0,1,0,5,1,22,0
1776.6558661132592,1248.3118013004382,1.4232468717049815,4317.366186781561,0.41151382330107406,2,4090.4730860288587,0,3,0,0,0,4,1,18,0
1083.2212894475012,1215.1852552041616,0.8914042404715573,2713.847851380395,0.39914591707730496,2,2958.483669203554,0,0,1,0,0,7,0,9,0
827.3266014584631,857.6525209479039,0.9646407854594496,2532.8232670720463,0.32664205679650754,2,1061.3977963567884,2,2,0,0,0,3,1,23,0
1585.3761231124563,1108.551214166896,1.4301334055223656,5315.743082101081,0.2982416754584434,3,4200.897892454173,0,4,0,0,0,4,1,11,0
2631.997735762774,1855.3662603012478,1.4185866112146654,6297.8989992635,0.417916790356684,3,7681.727415655499,1,4,0,0,0,4,1,21,0
473.2304227571139,1866.710334252625,0.25351036744893857,7579.44372564235,0.06243603619037466,3,9917.540571162544,3,1,0,0,0,4,1,12,0
4133.112167980376,1178.0249497590114,3.508509873942727,4363.359566482296,0.9472316239370703,0,1747.147638362781,1,3,0,0,0,5,1,5,0
2913.165444131651,868.1129493350428,3.35574471773872,2638.3694224436767,1.1041537319794497,3,3143.0067520824805,1,2,0,1,0,8,1,15,1
1125.4359950721937,1120.3040172587198,1.0045808795955506,1833.8167376022675,0.6137123584899283,6,11590.69798707179,1,2,0,1,0,1,1,16,0
2529.393289135586,2639.659812866779,0.9582269945567574,11751.044648259396,0.21524837704622699,0,1917.4031395409907,1,2,0,0,0,2,1,4,0
4039.7450846306238,1318.640986276878,3.0635670562892616,6544.081316944414,0.6173127883008759,3,2798.5097953672757,1,1,0,0,0,6,1,1,1
1103.6066314495472,787.4098693694851,1.4015656577091866,2944.462240321227,0.37480753406745976,8,7410.6949977476215,2,1,0,0,0,1,1,9,0
2089.016997857538,2129.5601373495756,0.9809617306499281,5041.571262519185,0.4143583198730177,2,2929.9827476795763,1,3,0,0,0,5,1,20,0
681.2453335554457,512.147254589329,1.3301747250440887,869.7274079202674,0.7832860357758199,1,427.5074067827262,0,0,1,0,0,4,0,21,0
690.940261178685,596.8986230700193,1.1575504356585424,2296.781981438804,0.30082971164108924,3,2728.7543561539824,2,3,0,0,0,3,1,20,0
1442.2361480130694,1283.8884739403666,1.1233344463220547,5017.381349954278,0.2874479828060532,2,1989.3270419649718,2,1,0,0,0,4,1,14,0
2890.2999847412107,528.0926801598636,5.47309230619569,1742.9917039629515,1.6582408155871784,2,756.7515006407372,0,0,1,0,0,2,0,2,1
2962.918003821547,1322.7435206558225,2.2399792231471434,4023.750343625423,0.7363573161330731,2,3398.1351573694196,1,2,0,0,0,3,1,16,1
2162.442187115791,889.9197412167294,2.4299294497717563,3000.7056342433216,0.7206445585460058,5,3368.780675100987,1,2,0,0,0,5,1,18,0
1169.5499609387764,1326.9228054542273,0.8814001508839999,4819.63034965834,0.24266383022957042,4,8821.102748264531,0,3,0,0,0,3,1,3,0
1834.3825515433734,523.8807516224741,3.501526914020484,2127.807423627229,0.8620998926755973,4,3441.5796700332135,0,3,0,0,0,5,1,15,0
415.84233454711483,1059.993919578478,0.3923063395613445,3486.0734431682113,0.11928673945813065,2,3399.1571052800837,1,2,0,0,0,6,1,9,0
4371.613394637958,989.3534908981605,4.41865666301869,4383.892636469638,0.9971990094534868,6,3712.5656553202957,2,4,0,1,0,4,1,2,0
2119.2557878756434,2709.335921872846,0.7822048830366868,7185.975719304624,0.29491552304893126,1,4069.809679740415,2,2,0,0,0,5,1,17,0
1451.7344236878307,898.8475131026856,1.615106458576787,2335.9974766274795,0.6214623252862949,2,3045.595218655802,0,1,0,0,0,3,1,0,0
460.1464987535739,1375.749501845338,0.3344696822614613,2417.4194107682606,0.19034615867808327,7,7499.151934511103,1,0,1,0,0,6,0,16,0
1349.7201990691644,1288.656772297029,1.047385330279443,5761.262709184186,0.234275065588927,3,3840.451317681387,1,2,0,0,0,6,1,18,0
849.5098253355455,631.2825964370913,1.3456886505823402,1150.5347229094216,0.7383608755304164,4,4386.1263247987,0,0,1,0,0,3,0,20,1
386.09115753614566,914.7839684330701,0.4220571969549048,1926.311641944602,0.20043026742359746,3,4331.757034456092,2,2,0,0,0,6,1,21,0
2505.6580047548996,3245.272901244846,0.7720946992759101,8644.74364150328,0.2898475777494747,2,6277.51563746561,1,4,0,0,0,7,1,19,0
1756.9390915168538,2071.659287835312,0.8480830326847272,6200.388974126313,0.2833594954846234,3,8038.876391775089,1,0,1,1,0,4,0,14,0
421.4655115745097,849.4620851112408,0.49615576605672396,4062.5868553624714,0.10374313868962336,2,1732.7036834801681,0,3,0,0,0,2,1,4,0
11835.722078722525,3219.9408378961134,3.6757576224462256,8511.49737624595,1.3905569790521095,3,14263.31138687882,2,1,0,0,0,2,1,2,0
41379.083549322226,4132.579369089118,10.012895059881885,38736.369043558945,1.06822308262273,3,9337.734338068725,0,1,0,0,0,6,1,1,1
3541.7715291951035,4317.443229225258,0.8203400348661112,7480.647258436035,0.473457898339077,1,2833.11778017506,0,4,0,0,0,3,1,9,0
1478.2691242711808,1073.8931243781924,1.3765514376741457,1784.9690290733,0.8281763437871255,6,7183.921490405332,0,3,0,0,0,2,1,13,0
998.6998624270553,1042.3390061844477,0.9581334445909911,3734.193242631445,0.2674472898256552,5,6521.598092333162,0,6,0,0,0,2,1,7,0
483.5965848815319,979.564504609318,0.4936852883153477,2224.2893624549292,0.21741621977987183,3,3585.9254767443617,0,0,1,0,0,7,0,16,0
713.1446461309572,1473.0696151041975,0.4841214826636099,2287.5690133753674,0.311747816988784,1,2454.659974837711,1,3,0,0,0,8,1,17,0
14523.42609044416,2537.1691402833676,5.724264046827438,14701.830371351369,0.9878651653296956,5,8259.716717158442,2,3,0,0,0,6,1,22,0
2676.511534483179,990.4711124946458,2.7022610762892363,2488.0309199734284,1.0757549325439104,2,1637.3439885837995,3,0,1,0,0,5,0,11,0
521.0282514613253,426.1041752682921,1.2227719926312979,699.1127663451307,0.7452706867093735,0,702.2906131822247,0,1,0,0,0,6,1,22,0
1533.9195925649933,1139.1656748655057,1.3465289785404513,2542.2044104195274,0.6033816896383474,2,3247.088048030219,0,5,0,0,0,3,1,7,0
879.3066120803352,1672.9532153994644,0.5256014358239995,6652.3973315830635,0.13217890758053796,1,1763.686848793288,1,1,0,0,0,1,1,6,0
2628.8331988558384,1721.6505662039006,1.5269261082707404,7297.875334526763,0.36021897858663643,2,5458.71488332215,0,1,0,0,0,2,1,6,0
2071.06101069555,1801.3969780221819,1.1496971716747533,6072.92107957248,0.34103209700221365,3,6500.338836076031,2,0,1,0,0,4,0,23,0
8183.161045596979,1797.859212236104,4.551613936120781,6675.039811855024,1.2259344178087894,4,11828.333346528983,2,1,0,1,0,4,1,8,1
8238.001419018652,635.1838798901155,12.969474950220395,4039.1503775562755,2.039538182285434,1,696.0610138933253,1,4,0,0,0,6,1,5,1
719.3393793842366,877.6365981095435,0.8196323864954083,2643.7016982252017,0.2720955166262333,1,1578.4214286787362,1,2,0,1,0,5,1,8,0
473.76253938876096,540.392800563754,0.876700316685414,2389.488570932512,0.19826943102049335,4,3110.6154203678775,0,1,0,0,0,4,1,4,0
802.5243307008875,833.6170071989014,0.96270148493912,1903.474914576331,0.42161014287887827,2,1590.945275194242,3,6,0,1,0,8,1,23,0
100.34085240848538,688.7879209370128,0.1456774274902843,2297.6128996416564,0.043671783190342844,5,2566.682893782074,0,4,0,0,0,1,1,20,0
289.0682233169948,604.4292759788567,0.4782498710851765,1556.8030421980054,0.18568066446534412,7,7007.543509674103,0,2,0,0,0,6,1,21,0
5897.872244364396,4665.022650178514,1.264275157193225,12192.657555712014,0.4837232750460839,6,32666.070433164594,3,1,0,0,0,3,1,5,0
1542.2104931314946,1148.8690295938823,1.3423727626086812,4940.331418258695,0.3121674160222784,2,2874.511514908734,0,3,0,0,0,6,1,13,0
125.0696804229645,456.2596375292091,0.27411953663106503,1396.1535656823505,0.08958160727959638,6,3195.9977882076223,2,2,0,0,0,5,1,7,0
2712.400316459148,1959.2625519620715,1.384398591063183,8181.654341631206,0.3315222329373508,4,8101.173349021058,0,1,0,0,0,2,1,3,0
1545.6124692973603,2384.9690185730637,0.6480639611084367,4177.494959454924,0.36998547797147563,4,15668.634982558366,1,1,0,0,0,5,1,10,0
7974.486879003447,1534.3250594822243,5.19739075479516,5409.2005411906775,1.4742450050202975,1,2546.2707212269456,0,2,0,0,0,5,1,10,0
2718.358089115135,2495.5196856569833,1.0892953899498037,4258.344063775529,0.6383603692898847,5,19291.592986076106,2,2,0,0,0,2,1,7,0
317.981214418075,809.9445693627908,0.3925962670115079,2389.9235668562383,0.13305078824606723,1,752.62809981382,0,2,0,1,0,4,1,7,0
3700.7255055349433,1015.5598578914012,3.6440249944683027,3844.6545360832756,0.9625638586776748,1,1446.9420351340148,1,2,0,1,0,2,1,3,1
512.1431119710666,490.5024537425313,1.0441193679326517,956.5247097645267,0.5354206814972337,5,1831.9539566988763,1,2,0,0,0,1,1,9,0
3744.1191366535713,824.8887590502568,4.538938245399776,3672.7009679695166,1.0194456802519207,1,908.3281771669883,1,1,0,0,0,5,1,3,0
313.05397019030136,356.8574999298978,0.8772520410858639,1424.7416610910911,0.2197268310035655,4,1402.7079754252736,1,3,0,0,0,6,1,9,0
862.3084699697602,564.7408527693334,1.526910025618365,2359.589917318143,0.3654484466308623,0,646.3759827091798,0,2,0,0,0,5,1,1,0
2166.0209818456215,1234.2873300819144,1.754875812993942,5380.647692954835,0.4025576669295235,3,3142.297408862219,0,1,0,0,0,4,1,12,1
1925.367967554569,925.3812581139783,2.0806213122131583,3894.1798719623043,0.49442194014124025,3,3221.9614928881156,1,3,0,0,0,5,1,21,0
1237.797294050568,2760.383192887358,0.4484150234068892,9733.66913854058,0.12716656755359548,6,15321.756203928653,1,0,1,0,0,4,0,19,0
951.0650616522729,918.0618104686356,1.0359488335178548,2170.072028635577,0.4382642829833859,5,4583.003318653805,1,3,0,0,0,3,1,18,1
373.8315931220825,594.5045941468574,0.6288119499876175,2692.2863959811793,0.1388528329230156,2,864.6102793884766,1,0,1,1,0,4,0,16,0
1144.4118601209477,1507.5380536666282,0.7591263499700811,5042.947827659164,0.22693311516017822,7,9372.098995356411,0,1,0,0,0,4,1,4,0
1061.3198259286132,1294.8533122256476,0.8196448322817144,5470.1975859776285,0.19401855403709978,3,4780.323485642278,3,1,0,0,0,4,1,1,0
1737.7931599958274,1400.6257597169863,1.240726259630531,5945.038370443984,0.292309830771714,5,6752.201479403695,0,1,0,0,0,3,1,11,0
2295.769489283345,1090.9668769903835,2.1043438968711987,4573.670336238148,0.5019534248223976,3,5577.959215102545,1,4,0,0,0,3,1,19,0
1006.8747147154843,876.0380472562157,1.1493504395945517,1341.6826358359062,0.7504566935743138,2,2847.9274258135265,1,3,0,0,0,5,1,14,0
912.4989963404805,1868.0106620928464,0.48848703856869435,8836.426758447587,0.10326560965020563,2,2745.62136607238,4,1,0,0,1,6,1,16,0
760.3954306324107,678.3605578094011,1.1209310769599004,2683.331851868938,0.28337733556987965,0,702.7885691444509,1,2,0,0,0,5,1,16,0
3679.26806636874,1601.9850849814002,2.296693084637213,4559.050441889989,0.8070250841189358,2,5278.774556057489,0,1,0,0,0,3,1,7,0
266.5398964056663,748.9996329072436,0.35586118429870406,1813.8559182262259,0.1469465648993313,1,494.1122018048207,0,3,0,0,0,5,1,9,0
1204.028384920278,1963.6107560305227,0.6131705997344631,6745.661531667433,0.17848929704936722,1,2748.2301883001965,3,2,0,0,0,5,1,2,0
550.3200432487347,439.9207229503732,1.2509527615747609,935.325597367393,0.5883726958801179,3,1064.1542661392987,2,1,0,1,0,6,1,7,0
1269.148903616153,591.0799911548099,2.147169456940304,1385.4199624681648,0.9160752248402197,2,1750.3505611427302,2,2,0,0,0,5,1,1,0
2739.005600848228,2178.6471112586332,1.2572047977360905,4044.0371016623944,0.67729487440219,2,7145.517641961081,1,3,0,0,0,9,1,15,0
446.84887064115196,775.0883222704341,0.5765134860143629,3489.6831161544437,0.12804855219449549,1,760.8714886106841,1,2,0,1,0,4,1,13,0
2188.5097454567626,1467.5010035532773,1.4913173757003904,5856.28976554546,0.37370243500116884,1,1100.7589530098028,2,1,0,0,0,6,1,4,0
5070.748235321325,1027.993491967329,4.932665697734282,3281.7527296909675,1.5451341563441992,3,3215.5636790339618,1,1,0,0,0,5,1,21,0
7475.2307091967905,2870.787252419872,2.6038957442407815,7977.296108501416,0.9370632113342798,0,3675.9729495026218,0,4,0,0,0,3,1,12,1
3397.6244388588884,1022.2744421964269,3.323593253059187,3781.546592331853,0.8984748318977547,2,3423.13120150114,2,2,0,0,0,4,1,23,1
601.1794996967886,1259.982223800327,0.4771333185031183,2275.6944578733373,0.2641740843621853,1,957.7037548448756,2,4,0,0,0,5,1,17,0
78.74830936973257,385.8021498465956,0.20411578681208703,1903.3206240968193,0.04137416910884414,2,766.8294516238841,2,2,0,0,0,7,1,23,0
1368.3528393150195,1157.4687368287148,1.1821942103283882,3955.102989258108,0.34597148115520826,4,7576.242687233201,2,2,0,0,0,6,1,16,0
324.8029470036806,443.6062140428358,0.7321875499523925,1773.336091388524,0.18315927171445517,2,759.9739224035083,2,6,0,1,0,4,1,14,0
886.2297289728857,775.9783158513964,1.1420805335269226,3570.405799933979,0.24821540705240652,7,8957.81145482413,2,0,1,0,0,2,0,16,0
3341.2188439477654,832.4212898914006,4.013855585533699,3478.1109218297047,0.9606418308792966,4,4485.976711512748,6,0,1,0,1,2,0,11,0
716.8834762883135,795.2472412386943,0.901459871991106,3478.9247818577383,0.20606466688408806,5,6236.379425807846,0,3,0,0,0,3,1,1,0
1284.0519919268716,708.6401069980083,1.8119945219675246,1324.498700565731,0.9694626286748461,4,2695.847392454905,1,1,0,0,0,3,1,11,0
1194.0752227605183,1104.8404190972788,1.0807671425853063,4507.457076729276,0.2649110579278038,2,2112.637238637622,1,3,0,0,0,5,1,21,0
4959.236384605395,3399.082748254865,1.4589925435476774,10011.284997880126,0.4953646195923406,4,11192.618124135692,2,3,0,0,0,7,1,3,0
2285.7331409923,1647.8210799966103,1.3871245906121081,4123.372980855585,0.5543357711283295,2,2036.8737659472217,0,0,1,0,0,4,0,8,0
5500.006735437621,1106.6602521897723,4.969914410998895,3604.559887053766,1.525846957125499,5,5669.44679476794,0,2,0,0,0,5,1,18,0
278.3030627977781,1247.8922928311745,0.22301849638511176,4927.272596738827,0.05648217291285574,2,3936.6468614956157,2,3,0,0,0,2,1,20,0
1326.2210264601795,1016.8762256760817,1.3042108694973436,3886.6932234132228,0.34122091717223735,2,3107.9881242759857,2,1,0,0,0,6,1,14,0
97.32298587371199,393.8903824989003,0.24708139674871016,919.5735149530312,0.10583491617707468,3,1461.9913780868544,1,3,0,0,0,8,1,1,0
217.93539019297944,539.9212560492132,0.4036429159831316,2429.0426824468373,0.08972069192849567,3,1700.4354944716622,0,2,0,0,0,4,1,10,0
928.0931322533997,2507.843756032646,0.3700761381249774,8196.815549404146,0.11322606037180695,8,28921.561144095453,0,3,0,1,0,2,1,11,0
998.3723784216129,684.0148200988398,1.4595771160007156,2963.8990208827945,0.3368442620303065,3,3057.9990997908667,2,5,0,0,0,5,1,11,1
1722.765526627826,657.6620316710238,2.6195301593594036,2994.941389181881,0.5752251222179773,1,505.73345127801247,1,3,0,0,0,3,1,6,0
820.9791763433697,1377.5656560995592,0.5959637369792529,3685.0778609493677,0.22278475715350693,2,4731.505601575024,0,0,1,0,0,2,0,4,0
1320.9962538024931,918.9616975818527,1.4374878270536742,2153.6796243189674,0.613367113142567,1,1062.1540803611947,0,4,0,0,0,3,1,0,0
216.62730617885515,1309.4170820225584,0.16543797171505292,5182.792789963636,0.04179740826188327,4,6432.375477557843,1,0,1,0,0,3,0,7,0
905.242174665848,1716.1263689575164,0.5274915595031322,3154.525907630808,0.2869661563013524,3,7383.102559812544,2,0,1,0,0,4,0,11,0
336.50773894118714,1022.7638808587446,0.32901801211306436,2700.9656415212958,0.12458793765019982,5,6627.610039893217,1,1,0,0,0,4,1,8,0
6078.772429353002,1846.4800153307729,3.292086769898817,5671.482541929214,1.071813654439152,2,4253.866990721333,0,1,0,0,0,1,1,14,0
505.6137272291016,1213.1333080591405,0.41678331958259346,2173.3404256301574,0.2326435938274601,2,2518.638613972135,0,2,0,0,0,5,1,13,1
944.5448384936481,1372.4215930925602,0.6882322773465319,5536.160670832535,0.17061369686577504,4,8501.966473545526,2,1,0,0,0,7,1,22,0
444.8819126799445,646.0371117650699,0.688632130535753,2429.2390273117126,0.18313632692303136,6,4429.917337194291,3,3,0,0,0,5,1,1,0
94.84837265196317,256.9626351238874,0.3691134806670809,677.8131172041739,0.1399329258235534,2,829.3169294697007,1,1,0,0,0,3,1,10,0
1889.4857107516475,708.2323417374585,2.667889616727048,1894.133306798216,0.9975463205098143,2,2182.240016251877,1,0,1,0,0,2,0,6,0
1551.2241953245775,716.748387801709,2.164252088633549,3148.2403449778535,0.49272737318137944,1,1099.8134612101917,0,1,0,0,0,8,1,8,1
4853.80675132533,3133.928240827786,1.548793200843444,9209.441791195295,0.5270467919093448,3,16433.883795450354,0,2,0,0,0,5,1,15,0
1238.3668097266373,877.7457232838196,1.4108491524101798,1645.5595802812368,0.7525505758442319,2,1547.018978064496,1,1,0,0,0,6,1,10,0
417.37996566068483,458.16131839127763,0.9109890968670453,1383.1923535659982,0.30175120950071804,2,789.547310473559,0,1,0,0,0,8,1,12,0
4143.50324248167,3166.1628474138965,1.30868292067354,13569.914036474958,0.3053448408990823,5,26506.12875567066,3,3,0,0,0,3,1,12,1
1932.1192707630655,2913.0633314038187,0.6632603040016876,5917.8149427257995,0.3264920058269199,4,14991.928352424602,1,4,0,0,0,3,1,0,0
311.7125733151174,724.3399356627048,0.4303401731259356,2597.698144019592,0.11999568696337587,2,2392.363125499122,0,3,0,0,0,3,1,0,0
295.83971879957153,438.25018448633296,0.67504756249292,1104.8527940120505,0.26776392330537463,2,527.9245354869532,2,1,0,0,0,4,1,21,0
265.77113913847245,772.92210275923,0.3438524247006322,2550.787724468739,0.10419179008469845,2,1807.2774758104206,2,2,0,0,0,5,1,19,0
1012.2863059061119,582.1268838221603,1.738944436408069,1064.6046357110251,0.9508565639769444,2,1761.6395776815295,1,2,0,0,0,3,1,9,0
1474.5307512919248,1261.316734292284,1.1690408215500872,4956.989045493206,0.29746500098331635,7,13799.231025711097,1,2,0,1,0,4,1,13,0
198.80381050953136,1951.7630014801503,0.10185858137425771,6278.794779178363,0.03166273425097462,1,2721.5307272182417,2,1,0,0,0,9,1,16,0
1164.5799351360347,587.0527017607683,1.9837740830475155,1121.4874258174027,1.0384244248545398,2,985.9626232711269,1,3,0,0,0,3,1,3,0
338.91206207891975,767.4729989650159,0.4415947695045471,2132.963610703958,0.15889256637016236,4,2985.6529943806727,1,2,0,0,0,1,1,7,0
2313.536667544025,769.3305829869444,3.0072074589335362,2505.4561016145763,0.9233994026289769,3,3366.5833324746677,2,4,0,0,0,5,1,15,0
4304.352693171989,1610.3883314644306,2.6728662950865782,6073.761139350175,0.7086799422001154,3,5871.853913122622,1,2,0,0,0,3,1,22,0
1903.5199672484237,939.9030394472239,2.0252301432793773,4181.521286140812,0.4552218766785737,1,969.6211493170889,1,3,0,0,0,6,1,6,0
771.4348423787474,1619.6774854849389,0.4762891682400439,4618.016823184868,0.16704894588208072,1,2163.064150204289,2,0,1,0,0,3,0,20,0
941.323951924172,652.6216589710093,1.4423731406774953,1762.7165076787385,0.5340189121867188,2,972.104715226082,1,4,0,0,0,5,1,12,1
2015.5021228538537,1627.191122609022,1.2386388389473375,7518.194755112494,0.2680832551568686,4,8588.426277959383,1,2,0,0,0,2,1,4,0
808.41223749851,2327.472136083764,0.34733487244180516,8359.734208793107,0.0967031029106391,0,3551.1787115840634,0,2,0,0,0,3,1,2,0
554.7434120968262,2027.835965754738,0.27356424359026343,7717.713236471022,0.07187924649432641,4,6503.414643634776,2,2,0,0,0,1,1,16,0
1252.941697383297,1315.774845606446,0.9522462764560687,4309.444868048545,0.29074317823925877,5,4356.505623342485,0,2,0,0,0,2,1,7,0
494.3593083660228,1099.135297980605,0.4497711148702879,2947.699915698349,0.16771018845346156,1,1378.161623203945,1,2,0,0,0,4,1,1,0
1761.9555831520752,915.8394770541197,1.9238694414217263,4167.032847123851,0.422832180065056,2,2352.5081508809794,0,3,0,0,0,3,1,9,0
669.6891987438628,1430.7779053484496,0.4680595054204221,5634.062163617954,0.11886436097002824,1,2128.097766713264,0,5,0,0,0,6,1,11,0
6375.193859570595,1806.8445396926318,3.528357708436333,7062.699983070093,0.9026567566019355,1,1148.5137883947377,0,2,0,0,0,8,1,1,1
157.80397281185446,2875.923601788455,0.054870711000014276,10446.1212176877,0.015106465789871923,4,16021.737808886575,2,3,0,1,0,4,1,21,0
2516.897527377982,2599.8689580200767,0.9680863028168615,4509.543208409857,0.5581269346048652,2,6333.796349906209,2,2,0,0,0,5,1,15,0
146.08981958706445,795.9034383499733,0.18355219056463742,2417.4988043568223,0.060430151743521454,2,1018.9089308603168,0,2,0,0,0,5,1,13,0
1568.8130919678258,1250.7091597838903,1.2543388522387575,2719.845570844914,0.5768022672994914,2,2069.729570894598,1,4,0,0,0,3,1,11,0
1156.7746832014723,903.9529838421402,1.2796845675366266,2299.3388456257985,0.5030901319316593,3,3354.886532367395,0,3,0,1,0,4,1,21,1
265.6844068621097,1069.216514233224,0.24848513217422774,3901.131715529913,0.06810444410386186,3,3249.794113671797,1,1,0,0,0,1,1,4,0
309.7090832676931,1657.0927524984618,0.18689906331479206,5092.746343390312,0.06081376577289248,5,8968.193228852026,0,0,1,0,0,3,0,11,0
1585.4858184690993,677.0450597591782,2.341772967124299,2802.5938672756465,0.5657208620135613,5,3415.170622719969,0,2,0,0,0,3,1,19,0
149.4500219953925,811.7159446033897,0.18411615909357903,3191.9546523757226,0.0468208474967397,3,3135.529766596818,0,2,0,0,0,5,1,6,0
788.626142137282,575.2405484370895,1.3709501951487155,1998.951977822967,0.39451980382048235,3,2284.2001688453806,1,0,1,1,0,1,0,3,1
374.4615342289844,1214.840080454684,0.30823936438517313,5819.011837863938,0.06435139584910056,4,8489.848587131697,4,2,0,0,1,7,1,3,1
203.2217162249774,905.0839800175108,0.22453354684395765,3845.8108196711632,0.05284235906392138,4,3677.1125677124396,1,0,1,0,0,2,0,20,0
1015.4438835268155,3464.0773751520446,0.29313545096037175,16639.688757621538,0.061025413294567066,5,26217.694494771888,0,5,0,0,0,6,1,14,0
161.37815342678982,949.2659561806228,0.1700030980528321,3386.1489503340536,0.047658315033917625,2,2740.628994140005,1,2,0,1,0,4,1,17,0
957.0537234086837,1159.4310494848316,0.8254511761039435,4758.030478043746,0.20114493335531852,5,4021.6730552200224,0,1,0,0,0,6,1,15,0
120.28403769089196,279.86408661945984,0.4297944732524614,630.1157657081203,0.1908919665828667,1,452.8440504160153,1,2,0,0,0,5,1,23,0
176.11140779643708,419.7120872723047,0.4196005145836505,2087.950960027193,0.08434652497496561,4,2845.803876191836,1,3,0,0,0,3,1,13,0
610.2520856076954,817.3309210463708,0.7466401550383448,3117.4093205357967,0.19575616252498082,4,4296.747197029436,3,2,0,0,0,4,1,17,0
4356.4938279802345,1299.6338697876377,3.3520931773593228,2103.591650063709,2.070978855543705,1,1245.375609589469,1,2,0,0,0,4,1,14,0
1460.138944785202,1022.2374335558837,1.4283755386515877,4681.211732783376,0.31191474091197025,6,10270.038597430721,0,1,0,1,0,7,1,13,1
1037.8991542126573,1427.629331102753,0.7270088471851066,2853.6646871775743,0.3637074667098308,2,3248.476354628625,1,0,1,0,0,3,0,16,0
2461.6806902429407,5218.026498864353,0.4717646970130755,25010.02653689082,0.09842775203024516,0,7048.508285724113,1,1,0,0,0,3,1,8,0
3023.0317834003185,2896.8577010683766,1.0435554988722464,11082.54252140957,0.27277421021036824,4,10284.658518220192,1,3,0,0,0,3,1,1,0
3897.0331587097417,1200.3459361257178,3.2465917044614274,3457.293414938692,1.1271919073663141,7,8627.96594002546,0,4,0,1,0,1,1,22,0
986.2168062611096,694.1549441526199,1.4207444815725114,1345.7229876448264,0.7328527604236775,1,1224.2333063614094,0,4,0,0,0,7,1,15,0
780.6152415224294,755.6785838233387,1.032999026613834,2081.3682056244893,0.37504908521854513,3,3182.729740626285,1,2,0,0,0,4,1,2,0
3858.994099158146,673.5789053709418,5.7290898933852255,1561.8832798369976,2.4707314233883606,0,1105.3561969870254,1,1,0,0,0,9,1,12,1
1909.9437015569852,1147.520770301488,1.6644088290054966,1758.071280432992,1.0863858154184676,5,6718.757587925887,1,1,0,0,0,3,1,19,0
2417.86154722039,829.636203544127,2.914363593212923,2755.306194459917,0.8775291661166278,5,6521.976985881009,1,1,0,0,0,5,1,5,0
810.772597325707,524.3118594093168,1.546355633151448,2040.740377564165,0.39729335795935394,5,1815.7583365070984,1,0,1,0,0,6,0,0,0
959.1631759754172,973.5946861806752,0.9851770861015362,2166.8521056038144,0.44265281118857763,1,1642.0884038474628,0,2,0,0,0,5,1,14,0
3269.335655137505,2203.9526118280523,1.4833965293045837,6328.648888312503,0.5165929905157456,8,18245.238177580868,2,1,0,0,0,2,1,8,0
587.3496160582781,707.6377932355947,0.8300144815226553,1994.488673069551,0.29448631320344243,2,1340.1574680795516,1,1,0,0,0,7,1,22,0
2199.1467743062544,1682.9246187815186,1.306741104006485,3344.8210254081955,0.6574781602964466,4,11178.96111247952,2,0,1,1,0,4,0,7,1
4297.3383614028,830.8083681085815,5.172478427469527,3225.0596640966523,1.3324833674376364,5,4408.485069582418,2,0,1,0,0,6,0,1,0
409.59631074781817,955.8752601499621,0.42850393542307896,2296.2911900865392,0.17837298358157352,3,3509.257527661761,0,2,0,0,0,4,1,8,0
1667.2163351812064,936.0646626007741,1.7810909884676034,3831.436743749732,0.4351412920756048,4,5284.08270380026,3,3,0,0,0,1,1,1,0
248.89163722528244,482.79196296282373,0.5155256431732435,1583.9272970287325,0.15713577112546445,1,755.1655999479551,2,1,0,0,0,5,1,6,0
1785.8650789020362,1227.9939577464036,1.454294679250238,3705.5233419695946,0.4819467897219604,3,3420.1532002319814,1,1,0,1,0,4,1,11,0
853.0539784639792,1557.6901875680362,0.5476403364881053,3244.691450445683,0.26290758042549955,3,5383.050065910641,4,0,1,0,1,3,0,10,1
475.05671085770365,847.4291844742374,0.5605857333700852,3917.1548124408378,0.12127596013027851,5,5202.120985299539,2,1,0,0,0,5,1,17,0
1890.9851234415664,1516.0012039352632,1.2473506739525755,7222.936813364071,0.2618028057427853,2,2553.496180088842,0,2,0,0,0,4,1,19,0
221.99973049045818,494.9464855840048,0.44853279487076847,1952.895101976064,0.11367724270792869,5,3237.7037156570923,3,0,1,0,0,4,0,20,0
612.2981085745317,749.424331419924,0.8170245919483544,2405.437212908001,0.2545475331007735,4,2051.077977388767,0,1,0,0,0,10,1,7,0
126.49007456560912,594.7132175484336,0.21269087491788888,2417.998411618628,0.052311893158331575,4,3126.557291501181,1,2,0,0,0,5,1,8,0
4718.541741191591,1203.7114230062607,3.9199941539202703,4587.777010675751,1.0285028522989568,6,10703.137005247803,2,3,0,0,0,4,1,18,1
2021.9905933231767,1107.254554946957,1.8261298490842879,3434.676923819433,0.5886989193366928,3,2741.681014744861,0,2,0,0,0,4,1,12,0
406.8240601653458,1603.8495345093938,0.25365475464616477,6066.8555213861155,0.06705682354413434,4,8942.44320384892,1,0,1,0,0,1,0,20,0
18522.309639855845,1249.5063107425444,14.823702353970976,18326.80051955813,1.0106679351962755,2,4165.830667243094,2,2,0,0,0,3,1,14,1
2987.51805961721,1200.2256243380386,2.4891303760198573,5327.730894708918,0.5607486786887411,4,6818.923406711977,2,5,0,0,0,6,1,18,0
972.4792548193227,535.4474783416199,1.816199149599642,977.5799423414277,0.994782332061879,1,678.1931896140462,1,2,0,0,0,3,1,12,0
2199.3309147834116,1022.2131881666952,2.151538387728921,4345.743702668859,0.5060885006708362,2,1700.939522392569,0,3,0,0,0,7,1,23,0
517.3152848940535,1909.4125049715292,0.2709290336934119,5088.948481903515,0.10165465159131507,3,8032.91043872473,1,1,0,0,0,1,1,15,0
1670.1520138047078,1813.0679857074888,0.9211745102613939,6647.915330150757,0.2512294352230917,5,6206.338936154741,0,3,0,0,0,6,1,5,0
331.1785912549713,581.2945433158053,0.569725959177031,2874.8540221588464,0.11519840266751202,3,3126.273141824608,1,2,0,0,0,4,1,18,0
495.390877247755,782.7929083669865,0.6328504920684686,1229.0894121784968,0.4030551987016962,4,4830.660673481474,1,1,0,0,0,4,1,20,0
172.39651025765085,872.6897326095736,0.19754616539619366,2197.3430212313283,0.07845680378161657,5,5896.888507249327,4,1,0,0,1,2,1,5,0
3416.1814510857344,1635.9160633698525,2.0882376104606992,3663.4742793833484,0.9324977304496759,3,7705.069422081643,0,6,0,0,0,3,1,6,0
508.2446395679431,382.3806407072906,1.3291589203570597,824.7577657661769,0.6162350458086296,4,1871.8535879865117,1,5,0,1,0,3,1,7,0
1298.3950439756393,1011.76799045678,1.2832932611254648,4258.222163099987,0.3049148199046542,4,4796.533146782226,3,1,0,0,0,6,1,12,1
2430.4262912403206,769.2197541144321,3.1595994229742064,2743.672303675174,0.8858296553800329,5,2711.4071090756315,1,1,0,0,0,9,1,23,0
1209.3826812802224,1579.6488159296496,0.7656022459450778,3363.951491767938,0.35951252098603437,1,1021.6038824565429,1,0,1,1,0,1,0,3,0
1420.3039436110435,558.8356995058208,2.541541180828319,1938.6034371623723,0.7326428481371162,7,2571.832706253459,2,3,0,1,0,5,1,0,0
3937.603319816903,1491.5625534862536,2.639918326330651,5588.0443971414925,0.7046478230973154,3,3582.1719098478256,0,5,0,0,0,3,1,1,0
5056.868058691333,2230.3136688637032,2.2673349176341184,11041.788006080584,0.45797547063089555,3,8405.420080303198,0,2,0,0,0,2,1,8,0
151.42794551372904,225.38661500669693,0.6718586439093983,1016.0129407947022,0.1490413551182582,3,1211.8714040338953,1,2,0,0,0,5,1,0,0
1625.4304489404515,882.2368629115616,1.8423968859974853,2244.6212333391422,0.7241446462316626,4,6038.678855877274,1,4,0,1,0,6,1,3,0
1333.0063644098143,1211.5651795795438,1.1002349579511808,4246.330025397311,0.31391963329206624,3,5138.526050224927,3,4,0,0,0,2,1,22,0
2425.3257284489337,1172.1066664611726,2.069202230349464,2961.521366784378,0.8189458822248357,5,4890.059361709781,3,1,0,0,0,4,1,18,0
1842.1570983014467,1728.1117308960647,1.0659942093826578,7937.27890395969,0.23208924879563514,2,3326.1526043401886,0,0,1,0,0,3,0,9,1
540.1829120865183,671.6993330098647,0.804203436775759,2535.8146080746287,0.21302145289582652,1,730.2327778426782,0,1,0,0,0,5,1,1,0
1653.4273239306383,778.7583194458097,2.123158472460714,1798.1456039979614,0.9195180413946683,4,4487.798480174868,1,1,0,0,0,2,1,17,0
418.74667781843345,403.22361111400403,1.038497415023746,1787.2912941456145,0.234291231200009,2,739.9524796830658,1,1,0,0,0,7,1,3,0
178.64126085133927,641.0263447407447,0.27868006099435516,2475.1671298969572,0.07217341354188726,4,1575.2545178579758,0,4,0,1,0,4,1,13,0
1583.1153690736205,1476.2714701450986,1.0723741541371252,5053.248995400869,0.3132866341069808,5,6077.495045161898,1,2,0,0,0,7,1,0,0
1636.1057882342288,1057.243260693257,1.5475206596837507,4115.708570820898,0.3975271232355258,3,2732.1563086196297,2,2,0,0,0,6,1,11,0
4948.772281328771,1287.299143426729,3.8443063576935,5171.431049345151,0.9569444577541887,1,2228.7625722077673,3,3,0,0,0,5,1,21,0
7280.197232792269,1537.341892877534,4.7355746086939,6770.807350327188,1.075233255963259,0,1010.1235963761904,2,1,0,0,0,2,1,3,0
287.14516895434997,835.5502487715388,0.34365996464787474,1568.8952462755287,0.18302379947674444,5,4589.182573798563,2,4,0,0,0,3,1,7,1
610.9030502985669,894.9634504096509,0.682601116301385,3010.260590843135,0.20294025446064815,0,1094.810324562705,0,1,0,0,0,3,1,11,0
388.44464583827397,642.4282228299022,0.6046506551769655,3201.2288791040114,0.12134235336118651,4,3385.9736073686504,3,0,1,0,0,2,0,11,0
836.6552502243417,1079.3264777090853,0.7751642042546539,5361.253317628831,0.15605590720238094,3,1960.5211032205534,3,2,0,0,0,6,1,1,0
170.28228707538017,453.5774347552715,0.3754205435004858,1463.8475671738975,0.11632514948542556,5,1895.5460618849415,3,1,0,0,0,5,1,16,0
340.011401789834,382.74683797065524,0.8883454232896949,1369.199308395976,0.24832863974212716,3,1285.113398470143,0,1,0,0,0,1,1,13,0
943.8532032731273,876.4724706074919,1.0768771808873052,4198.508912102526,0.22480676426633217,5,4694.9430926331725,1,1,0,0,0,7,1,9,0
1388.8621390602998,804.227328813298,1.726952180435944,3325.5343146026717,0.4176357865145765,3,3953.7778681795944,1,1,0,0,0,8,1,3,0
990.4249599754685,1935.425758392915,0.51173492740836,7800.038911749973,0.12697692552321668,2,2747.903476488784,2,2,0,0,0,5,1,11,0
1942.0710472249214,2175.107303272062,0.8928621793984237,8161.758000943052,0.23794763909938574,5,17687.774506384318,0,6,0,0,0,4,1,22,0
1296.5818653591984,1721.0884366693397,0.7533499370133189,4628.468186269337,0.28013196011708497,0,1527.4046259842112,1,6,0,0,0,2,1,4,0
666.3700204001261,1069.797787435394,0.6228934367097565,4958.352744791206,0.13439342755518027,0,1760.0551711031646,2,1,0,0,0,6,1,4,0
1184.2857765943493,972.276206077951,1.2180548790467889,2591.13467009975,0.4570529622641181,3,5084.717859856773,0,5,0,0,0,6,1,15,0
1239.8161545845483,667.8227736394925,1.8565047547387656,1749.300402415146,0.7087497109546275,5,2411.0316652942106,0,4,0,1,0,4,1,13,0
1755.431139380523,814.692450214554,2.154716345926883,3700.009237164397,0.4744396640279325,3,2467.893777274519,0,1,0,0,0,5,1,2,0
1728.0476339815511,1256.782861373905,1.3749770840226634,4973.63147800425,0.347441832315843,3,4343.546476763235,1,2,0,0,0,1,1,12,0
38.36078694334196,181.24651428278133,0.21164979141883714,599.2722098595049,0.06401229076238221,2,350.56912020645626,1,2,0,0,0,3,1,15,0
99.46258049716525,951.335836422859,0.10455044022220052,3323.2991822363933,0.029928867382392137,3,5083.580485905441,1,5,0,0,0,5,1,20,0
1160.7551197124003,916.4728854508726,1.2665460573242704,4352.083728970861,0.26671249727699625,6,7363.072082875401,4,5,0,0,1,1,1,20,0
1119.8849741034003,1363.1862949629833,0.8215201240222344,4407.748475860626,0.2540718873221865,1,1038.3964871024211,1,4,0,0,0,2,1,17,0
206.92970162707005,534.2653031389686,0.38731637710945493,998.9662813631194,0.20714383006472278,5,3977.836247758307,3,4,0,0,0,4,1,17,0
359.02782343593987,791.2333862744589,0.45375717160575196,3267.729221830482,0.10987073868832481,1,1018.2350242425665,2,1,0,0,0,8,1,2,0
4097.916455579326,1624.0196822915618,2.5233169894819185,5055.024995944453,0.8106619569373057,1,1706.3886121652731,0,6,0,0,0,2,1,18,0
2288.185394383628,1211.2378355428916,1.8891297210494051,2791.2797481228313,0.8197621166142376,1,1126.676196465188,2,1,0,0,0,4,1,7,0
451.01745656174313,613.8849415956358,0.734693793578711,2136.4254459881768,0.21110844631095033,3,3036.7702914726965,3,3,0,0,0,5,1,0,0
1499.674835748384,715.1592310932765,2.0969803234669917,3034.810370939766,0.49415767459763604,1,1074.907262465613,1,1,0,0,0,3,1,11,0
4684.513679106735,1465.7518329891313,3.1959800927238353,4942.331562740508,0.9478347657657323,3,7077.4537290949165,0,4,0,0,0,8,1,3,1
124.47458343108916,605.8746973236034,0.20544608312732707,2441.0021543076723,0.050993229650136536,4,3795.3520097915657,0,1,0,0,0,5,1,4,0
1245.188511144236,1187.0383788818333,1.0489875755467812,2645.322907661483,0.4707132378954095,3,4267.544147750835,1,2,0,0,0,5,1,17,0
3449.859407575959,1746.9579973665766,1.9747809694202112,6258.955962464619,0.5511876786264353,4,12106.110588523297,1,2,0,0,0,3,1,7,1
1893.7080877716735,1278.6491868588657,1.481022400228294,3213.439793248565,0.5893087188844655,2,2027.0954030042908,3,2,0,0,0,7,1,23,0
807.2175040990861,810.3337035145672,0.9961544245266295,3529.084372474826,0.2287328436789433,8,7140.215558398712,1,3,0,0,0,1,1,22,0
1160.7680702740356,919.2929190901461,1.2626748734482642,4183.606240105227,0.27745633877934933,2,1973.349782975542,1,1,0,0,0,2,1,22,0
2281.416657832701,705.8696141358628,3.2320652598506436,2613.4414543774474,0.8729549514152638,2,904.2689258993121,0,3,0,0,0,6,1,22,1
557.814775800571,1513.157018028894,0.3686430219430932,7151.142461416572,0.07800358877063587,4,8653.624115503826,0,2,0,0,0,2,1,15,0
728.5777506388616,643.6701652019699,1.131911637399334,2765.0455638021917,0.2634957485608303,1,585.1028989684006,2,2,0,0,0,2,1,0,0
152.51844391992864,479.23078084677115,0.31825677735148394,1112.8338477028574,0.13705410222268263,4,2696.898445556686,0,1,0,0,0,4,1,7,0
522.9233739932157,1032.4943840597705,0.5064660709698775,4143.326705454365,0.12620857855713577,0,1348.182821400116,3,3,0,0,0,3,1,13,0
6948.13355057575,1208.3696249608167,5.7500067918382625,7127.462774598163,0.9748396828305393,2,3040.086837070438,0,0,1,0,0,6,0,23,1
1098.7663839893817,1705.9888236414265,0.6440642334596712,4836.694873398284,0.22717297922442303,3,6783.216529295034,0,3,0,0,0,1,1,9,0
1535.2269018498112,821.9909716844229,1.8676931435193578,2049.865282612016,0.7489403888501233,7,3876.3157737770066,1,4,0,0,0,2,1,14,0
2172.9203688836965,647.09088461672,3.3579832764461583,2690.311654496923,0.8076835132656865,3,3115.3582716977603,0,3,0,0,0,1,1,9,0
281.2393952065556,690.6629220557874,0.4072021042760406,2130.40879771358,0.13201193851076393,3,2605.028149316164,0,2,0,1,0,5,1,20,1
794.0911728479348,958.9711623401574,0.8280657479940592,3043.2014918336768,0.2609394004895339,3,3405.8287024487768,2,2,0,0,0,3,1,16,0
1359.0916860745883,1354.694896720653,1.0032455937972296,2787.1747874795715,0.48762341428310935,4,9506.615966502177,1,2,0,0,0,3,1,13,0
677.3903865107233,1082.8901968744262,0.6255393099557947,2942.787058358789,0.23018668122338018,1,1074.1126554187817,1,1,0,0,0,3,1,17,0
1241.5397103633352,724.9032579057812,1.712697103817822,1381.2725833683337,0.8988375830466064,4,4404.464663973169,0,5,0,0,0,4,1,18,0
1782.8700425182108,813.1548495652279,2.1925344766393065,3968.225881760632,0.44928643067243507,3,1736.3797390511127,0,1,0,0,0,4,1,13,0
2551.196778709329,2801.674382723328,0.9105971751897428,13643.96028887371,0.18698359748157306,2,5028.098469931452,0,4,0,0,0,4,1,2,0
1726.8593629668208,764.6060342039318,2.258495598670938,3462.896552049383,0.49867483391753215,3,1580.9902185353187,1,0,1,0,0,8,0,4,0
174.60630573803846,530.1123309437478,0.3293760502178671,2123.354707263882,0.08223134134900763,1,842.143259533463,0,1,0,0,0,2,1,1,0
1307.8159513646242,430.356478999435,3.0389131224543298,1879.1202482599028,0.6959724650807653,3,1747.9763054940797,1,1,0,0,0,3,1,23,0
720.7593817673611,368.04590919789297,1.9583409671314107,791.2978757651722,0.9108572180487639,1,541.250972932387,3,1,0,0,0,3,1,2,0
650.133436572013,955.8778946649155,0.6801427673980455,3046.06392483756,0.21343394380887237,2,3008.7641303348223,0,3,0,0,0,3,1,10,0
835.2217668131317,665.4886002440451,1.2550504494094157,1180.0689507347474,0.707773699403833,2,1403.5311966458848,0,2,0,0,0,5,1,12,0
252.02838636790972,365.1257042186356,0.6902510106957473,640.6801227188008,0.3933763159350065,6,3849.7153227011618,1,1,0,0,0,7,1,20,0
164.41756494083518,784.102086863603,0.2096889776157886,1453.0266661988617,0.11315522885134231,3,1664.8539853671796,3,0,1,0,0,2,0,3,1
255.68555929217337,485.7112358860263,0.5264147509903823,942.1971113413924,0.27137162300164297,3,1976.5089193661713,3,1,0,0,0,5,1,10,1
639.2956516406633,461.8480174333632,1.3842121813003188,1026.7616140889431,0.6226329878994525,1,635.6135507623685,2,3,0,0,0,5,1,17,0
892.9320629664655,460.2339118066044,1.940170074520032,1641.416471671107,0.5440009152932295,5,1933.8350281715907,0,1,0,0,0,3,1,0,0
2546.630013917934,2755.671893481261,0.9241412302902131,9022.042572840639,0.28226756783260376,8,36941.40050077099,2,0,1,0,0,2,0,17,1
6724.666295314514,832.9762699993631,8.073058666268675,4429.534847603067,1.5181427681855582,0,822.9683124847622,2,1,0,0,0,4,1,7,0
581.099915098329,730.5544330153995,0.7954231592296421,3255.8788975246393,0.17847712810821198,2,2127.9421761465906,1,1,0,0,0,3,1,18,0
840.4457550415511,1485.347339446597,0.5658243918588631,6487.586787392002,0.12954674559034435,5,6094.318287803227,0,2,0,0,0,1,1,15,0
1907.410546717255,1308.3945346840462,1.4578252172062616,5488.134018314687,0.3475517435164582,2,2040.8751957526124,0,1,0,0,0,9,1,9,1
1323.3366563091847,986.0162703701059,1.3421042796915146,2911.8063214957756,0.4544727602725292,1,1038.8547593550381,1,1,0,0,0,2,1,9,0
303.04162268235507,781.3954146199721,0.38782109161689654,1570.4188282657353,0.1929686636634469,3,2669.8587220583377,1,0,1,0,0,6,0,10,0
551.8649730897008,2572.2052498278226,0.21454935337164147,10485.261146913648,0.05263244904988781,1,2590.9332698333737,0,3,0,0,0,2,1,4,0
739.5085358169927,984.9671424245153,0.7507951321063141,2835.5265803455472,0.26080112982995685,3,3347.4754358048913,1,2,0,1,0,1,1,13,0
256.01803164140296,873.4807366324277,0.29310094762758204,2173.5638696358014,0.11778721353345871,2,3051.8936170488646,1,2,0,0,0,8,1,16,0
1588.4609367333726,847.3465463822391,1.874629622927401,3285.407720204511,0.48348974374312775,7,7025.4112833135505,1,6,0,0,0,2,1,18,0
7473.931495477882,4781.814236443646,1.5629907658304247,21350.875146049275,0.35005270015177076,5,41353.62844800664,0,5,0,0,0,3,1,1,0
756.3130209316513,659.1446196755919,1.1474159059416769,1415.9512788465486,0.5341377434594736,2,1660.3419442369493,1,3,0,0,0,1,1,14,0
2026.3767271669822,1736.1066500403917,1.1671959940478525,5449.872673367247,0.37182093025211344,3,5983.582063635898,1,1,0,0,0,5,1,22,0
1070.226261903071,969.1966167684037,1.1042406085480683,2443.507591430615,0.43798769672595095,5,3020.1105762064058,2,1,0,0,0,8,1,21,0
663.7378842570536,583.1648179018893,1.138165170260185,2577.8735021791103,0.25747496286997296,3,2710.6454713342223,0,3,0,0,0,3,1,5,0
1355.937062627225,1587.4583267250111,0.8541560051057066,7071.679331822889,0.19174187615174298,4,5898.155699333888,3,3,0,0,0,5,1,23,0
5152.104284993121,1373.0331888305998,3.752352329794098,5869.463904972656,0.8777810662790204,4,3931.9991036777324,0,1,0,0,0,3,1,10,0
666.9253548472828,518.1808116576648,1.2870514303950835,1669.1315258015659,0.3995642910926422,2,1110.6240616652733,0,2,0,0,0,4,1,9,0
2070.987698188773,1401.0525697449111,1.4781655898649373,3928.790815712153,0.5271310678864369,6,14871.378947208294,1,2,0,0,0,3,1,13,0
1200.0795918980214,2237.4027336000045,0.5363717375848025,4000.3788109809057,0.2999914879570513,3,5893.741202227121,3,3,0,0,0,3,1,21,0
1409.4154221732276,2897.743880324916,0.4863837110459858,8946.013887274026,0.15754675098125698,2,3776.19635121553,0,4,0,0,0,5,1,19,0
103.45668710776079,628.5381092029432,0.1645989091082408,2750.7424532044506,0.03761045930971834,3,3393.6225566144612,2,4,0,0,0,1,1,18,0
478.23488802600895,772.3035686267051,0.6192317470141913,2236.521617192328,0.2138297633028796,3,3801.014484067501,0,2,0,0,0,2,1,0,0
1602.9451802397834,2460.7863778431856,0.6513955029467948,3976.7691467952927,0.4030772521788266,4,14511.95681733163,2,3,0,0,0,5,1,17,0
2637.2149635276223,803.4831751016962,3.282227985911257,2090.091962083288,1.2617698222708786,7,9015.25946297546,1,2,0,0,0,7,1,2,0
850.3866108894131,758.4916720073874,1.121154842265863,3429.256765447785,0.24797985950123844,4,3274.4228207578494,1,1,0,0,0,4,1,5,0
371.21838551872236,1133.7718446340627,0.3274189487731874,3617.2931095546464,0.10262325287884287,4,7147.626418983206,1,2,0,0,0,6,1,8,0
617.8512545068729,1101.5620344053239,0.5608864822945888,4157.112315418036,0.14862510503153012,2,2463.97129482799,2,4,0,0,0,1,1,2,0
864.5871207104651,1498.5764875781972,0.576938933632742,2375.677635285424,0.3639328450413223,2,2205.3544728308675,0,2,0,0,0,2,1,8,0
491.4659174801599,824.5113101455956,0.5960693460874111,1612.7531017633573,0.3047372328366935,3,1762.8431023059761,0,2,0,0,0,4,1,14,0
1611.5450211010307,1188.6613937080374,1.355764584962085,4187.443714944723,0.3848517450752897,5,8125.830788087035,1,2,0,0,0,4,1,3,0
544.2472849491002,1365.7187424702972,0.3985061257669142,2963.358554661053,0.18365893796181232,4,5482.006196965808,0,3,0,0,0,3,1,11,0
643.4646438299395,486.64346496462304,1.3222506622517098,1627.4940371481832,0.395371429413939,6,4990.542305227982,0,3,0,0,0,2,1,19,0
1881.8743169793995,1337.0128744760611,1.4075214628855797,5341.180672234403,0.352333020068416,1,2357.5322859100047,4,1,0,0,1,3,1,11,0
26286.68936055832,3159.7300974630107,8.31928315069197,27437.56628645582,0.9580547008476618,3,8610.34391302014,1,0,1,0,0,4,0,10,0
2307.693926669182,2503.367479431927,0.9218358653412131,5683.168462272627,0.4060576317574729,2,8544.921748328949,0,0,1,0,0,3,0,16,0
778.8481460203851,726.7298488062078,1.0717161917867988,3546.6170899711597,0.2196031108694394,3,2674.8492789359775,0,1,0,0,0,4,1,21,0
6646.631570284343,1297.013144502096,5.124567625593251,4237.9650612014475,1.5683544989868434,1,2299.0595108215643,2,2,0,0,0,7,1,1,0
96.50160400452307,726.6910314239632,0.1327959199048137,1956.2530535952058,0.04932981641979919,3,2196.972694116543,1,4,0,0,0,7,1,17,1
3501.0488575507025,1698.394133511906,2.0613877476786278,8066.918965803659,0.4340007470500125,4,7663.314158991019,2,1,0,0,0,3,1,9,0
1395.7449569455712,1070.0954810230385,1.3043181488919133,3457.7833647431967,0.40365309497902296,3,1952.986925178114,2,2,0,0,0,2,1,2,0
2498.981145908293,1336.2462661921477,1.870150143079201,4205.233518616169,0.5942550240897542,4,6180.0922328070155,0,3,0,0,0,5,1,21,1
1100.8033468920346,3356.818516546753,0.3279305513437348,14297.440168262518,0.07699303749041732,2,9218.686319559481,0,4,0,0,0,3,1,20,0
2590.334985709558,1478.8132360594798,1.751630917648462,7029.667820059127,0.368486115135917,3,5053.802424063969,0,1,0,0,0,4,1,3,0
652.7340271345972,876.8372733100214,0.7444186589725543,4351.550009655199,0.15000035060755687,5,7603.056230990468,0,2,0,0,0,5,1,12,0
3184.9791214365077,2283.250341333012,1.3949320684551159,7949.431529999509,0.40065495368027965,1,3668.2129775233852,1,1,0,0,0,2,1,10,1
134.54093619088874,552.9695138137573,0.24330624533525866,910.0260912916569,0.14784294371156587,2,1303.682280683606,2,1,0,0,0,4,1,19,0
513.3192147907696,593.1539468664184,0.865406388177287,2577.385939547477,0.19916272798512097,1,930.2913442729775,1,2,0,0,0,6,1,15,0
746.7730144836096,1428.4593665897705,0.5227821189386833,2203.5759984543506,0.3388914269384931,3,4247.467799580376,0,4,0,0,0,7,1,17,0
1507.118145132012,1293.1110151445275,1.1654978787444366,5397.468666709234,0.27922684469252923,7,6029.8759527852835,1,2,0,0,0,5,1,20,0
2142.4251421294516,1263.540784419324,1.6955726071905388,3148.906447352636,0.6803711631162119,1,1688.0863159295855,1,0,1,0,0,5,0,19,0
1647.2270948561295,1701.5750178519238,0.968060225129302,5378.009793914285,0.30628934456759804,8,18969.773263393014,0,2,0,1,0,5,1,11,0
455.5376844507208,812.0826892766598,0.5609498767378952,1433.3887871484155,0.3178046936986076,2,1609.1725106428564,0,1,0,0,0,3,1,6,0
415.7458012482054,697.9846402482967,0.5956374643148459,1233.9752721323523,0.3369158285723037,1,534.2858942738909,1,3,0,0,0,5,1,21,0
299.0761185215827,491.9000691614901,0.6080017818078339,1993.6599053056261,0.15001360950564666,4,2139.007295390272,2,2,0,0,0,2,1,5,0
229.9800157248636,968.3121313633269,0.23750607709630278,3530.2568628645126,0.06514540574768651,5,6868.3894045120915,1,4,0,1,0,6,1,12,1
983.270071034507,744.8874740086511,1.3200249773875072,1141.9087872609398,0.8610758424874246,5,2841.6597506827216,2,0,1,0,0,7,0,14,0
1047.6922659720635,1291.9059696734516,0.8109663478348066,3265.6720610042203,0.3208198026013334,1,878.985032882806,3,1,0,0,0,1,1,21,0
1134.3173259506223,1519.6223717960722,0.7464468456133282,6241.471788009094,0.18173875721585966,3,5171.171074021184,1,2,0,0,0,6,1,1,0
2661.847153646306,927.1769951195072,2.8709158743775895,3243.1892693420946,0.8207498645881626,2,3030.5142926145827,1,1,0,0,0,4,1,10,0
3030.6043363735384,885.2910597587963,3.423285825567071,3912.9755906886794,0.7745012117083397,5,5260.375690658471,1,1,0,0,0,4,1,6,0
516.9776031768481,495.1531425144254,1.044076183282603,1540.967881703884,0.33548888936297233,1,855.4530779205204,0,4,0,0,0,4,1,15,0
1535.685360576474,920.162004994771,1.668929332270355,3466.134669761362,0.443054153081191,3,2491.1377395433833,0,1,0,0,0,3,1,22,0
2568.527734329798,1163.3215127715423,2.207925931164496,4636.020857246048,0.5540371394824979,3,6221.957935684628,1,4,0,0,0,5,1,18,0
1322.3075107141226,1247.3765224106685,1.0600708662999712,4182.217799087221,0.3161737561833149,2,3617.408327253406,0,4,0,1,0,7,1,19,0
190.3381417342561,1197.994376266919,0.1588806638035902,2646.417048111085,0.07192295782333796,4,5573.703919083778,0,2,0,0,0,6,1,18,0
1338.9974133252617,1634.8342177146742,0.8190417100499884,4013.968527595101,0.3335844324936694,3,4446.277689196376,0,3,0,0,0,5,1,23,0
1102.1367179049216,522.2817549005116,2.110234002171616,1747.09053595544,0.6308412158515819,7,5187.206511387458,2,0,1,0,0,4,0,10,1
1346.5389360550414,585.5737525082459,2.2995206501098764,2276.231879454573,0.5915649228046559,1,464.37777150484783,1,0,1,0,0,4,0,4,0
154.40725802673634,1159.1874822091634,0.13320300675820718,2198.325490324533,0.07023857873018687,3,3502.5748910976995,0,2,0,0,0,1,1,21,0
170.7299438459152,732.0741680536066,0.23321399838467374,3193.1517560450316,0.05346753204657507,3,2137.4846771810426,1,4,0,0,0,5,1,0,0
4782.754883573816,2339.709465602118,2.044166147074584,9776.215215706334,0.4892235674077538,1,3579.1546916097955,2,1,0,0,0,5,1,4,0
122.78198419880229,549.9729062948688,0.223250968899498,2021.1401344018566,0.060748872435378576,3,1249.4705129791923,2,3,0,0,0,3,1,18,0
285.9303383460276,839.5357267615516,0.3405815014555524,2211.454924673695,0.12929512383718028,5,6147.728352856594,0,4,0,0,0,3,1,6,0
221.05200932595818,970.0729604437938,0.22787152960621662,2337.0258362205404,0.09458689155248944,5,5689.928697933415,4,3,0,0,1,3,1,5,0
1133.1222395388563,935.202314256652,1.2116332715018157,4311.407175313945,0.26281958383027126,6,9657.78402964638,1,2,0,0,0,3,1,6,0
1044.0983426167534,978.827017119755,1.0666832079166166,3003.3067591480562,0.3476495830592181,5,6371.046803011476,1,1,0,0,0,3,1,18,0
333.2348499604425,918.8491648373808,0.36266545447578313,2034.0662170014905,0.16382694288668692,2,3278.963240061659,2,1,0,0,0,4,1,11,1
622.8303327172835,2549.0126428998838,0.24434179816727808,11656.96174039682,0.05342990279867568,2,3421.3611583104253,2,1,0,0,0,5,1,16,0
365.43598895703843,453.3169021572248,0.8061380178370088,1126.539217786891,0.3243881643773972,2,1121.1013177963391,0,1,0,0,0,6,1,15,0
1005.6856609615581,760.5774480413891,1.322265948788467,3403.845445621308,0.29545573588109525,6,4846.7171243614575,0,2,0,0,0,5,1,13,0
127.88768954073677,646.3895060846826,0.19784926632763494,2595.6337890658774,0.04927031312331671,2,2174.833334591949,0,1,0,0,0,1,1,13,0
368.1301627369512,595.3223284860152,0.6183711665462905,2751.271469138657,0.13380364928227242,5,4040.735819680771,2,4,0,0,0,4,1,3,0
1874.0635665830885,2319.882527918365,0.8078269240057983,5973.532377357923,0.31372786622644566,2,4138.690205621481,1,3,0,0,0,3,1,11,0
293.95012917474463,391.19928734783497,0.7514076295169188,1429.0750927668014,0.2056925704342339,2,761.0389984001994,1,4,0,0,0,3,1,17,0
458.0950135005153,697.8796235061099,0.6564097848266016,3414.2354683885255,0.13417206216205413,4,2621.6447231712673,1,3,0,0,0,2,1,21,0
4375.1139026415685,725.1655249100183,6.033262410239995,4068.662075903463,1.0753200489549275,1,755.7358351526101,0,2,0,0,0,4,1,9,0
229.4696026333495,674.5109838946006,0.340201432018795,1767.4137240665316,0.12983355255688367,4,2899.207317166892,2,0,1,0,0,4,0,3,0
824.1383864398895,865.2086507270894,0.9525313758101169,2976.3025962938036,0.2769000663662813,0,596.47508162801,1,5,0,0,0,6,1,3,0
298.323573041116,646.9012059795633,0.4611578557646723,1714.8397368534172,0.17396586201607037,2,2161.8010952874492,1,4,0,1,0,1,1,13,0
923.0598658221311,1292.1050421523878,0.7143845397309947,2626.573666658457,0.3514311734482793,2,2407.174205070591,2,0,1,0,0,2,0,19,0
421.30089221184556,731.9723955038722,0.575569372287369,2955.3293214380446,0.1425563266860707,1,566.4550674611571,0,1,0,1,0,3,1,14,0
3484.445612269007,4358.94511529944,0.7993781798350635,18010.887067208827,0.19346329801894632,1,4418.481040272295,3,3,0,0,0,1,1,21,0
258.6848884454529,822.8475720469202,0.3143776529618322,2485.7756136931,0.10406606574642774,2,2005.747722324821,2,6,0,0,0,5,1,7,0
629.4492571271799,1159.343032170058,0.5429361626894647,2662.443944105603,0.23641784403413282,2,2031.7544478878717,1,3,0,0,0,7,1,3,0
380.37260874500464,1032.2817122638335,0.3684775233602007,4864.694325493614,0.07819044389935204,2,1299.9440254787817,1,1,0,0,0,8,1,3,0
2912.703567103789,1046.9831508702655,2.78199660107492,4626.496903975031,0.6295699808209595,2,2895.835057214421,0,1,0,0,0,7,1,14,0
1677.0139975918694,1273.5283745485021,1.3168249966840457,5919.754649146057,0.28329113231640163,6,11362.293307563461,0,5,0,0,0,5,1,22,0
1540.5582937473255,3109.2088333766865,0.4954824125062827,14799.394790150665,0.1040960333575669,3,16066.111313898238,2,4,0,0,0,2,1,11,0
1548.8105796719922,837.9064149557048,1.8484290751657138,2645.1336062373334,0.5855320789920907,1,677.3347574028968,0,2,0,0,0,3,1,8,0
1529.2674175150946,844.2613575431745,1.8113673021412562,1439.3779862673298,1.0624501917532245,1,839.7245534601328,1,2,0,0,0,4,1,13,0
2686.621753123892,959.5504071939399,2.799875580252747,1880.3623478605182,1.4287787437249733,5,7029.510384479305,0,4,0,1,0,3,1,13,1
3161.9830252545357,1004.6186583371605,3.1474460473272847,2080.8942478047775,1.5195308596725874,4,4935.079979305743,1,1,0,1,0,2,1,11,0
2389.0302580902885,966.1702707340354,2.4726803654134932,2093.9818711294593,1.1409030283541495,1,720.0551214885054,0,0,1,0,0,6,0,23,0
152.2411977297295,381.4443985550341,0.39911766513400354,1470.4282170916288,0.10353528037624884,4,2569.338491878356,2,1,0,0,0,5,1,18,0
148.16148170711742,974.1457315330795,0.15209375446725573,2899.2067332597785,0.05110414514681029,4,6960.100587249904,2,2,0,0,0,3,1,12,0
1747.3730987004667,852.2549887129647,2.0502937757387225,2677.813446836803,0.6525372784144358,2,2357.244119152207,0,2,0,0,0,2,1,1,0
1109.2785824550829,557.6777823262463,1.989103058450597,1937.9042896387039,0.572411438679406,1,685.0671977641064,1,2,0,0,0,3,1,4,0
5294.228586498014,1818.42532680177,2.911435794732058,6561.54826261728,0.8068566098432147,7,13270.05926660097,1,1,0,0,0,3,1,23,1
2541.7963598474616,832.8362830047512,3.0519760146340325,3051.0842321474224,0.8330797075564471,2,2846.6877927206247,0,1,0,0,0,6,1,16,0
2271.860260486129,1558.9336005733737,1.457316886139693,5178.953385315804,0.4386716951204215,5,6110.836657732884,1,0,1,0,0,4,0,22,0
2114.7293829450655,1695.7628363024085,1.2470667110244076,3615.8708897965266,0.5848464857836962,1,1352.8679951039944,1,1,0,0,0,4,1,20,0
2062.735559152432,899.3114797120123,2.2936831183484774,2616.0120034937668,0.7885038586969721,2,1624.3774201383567,1,3,0,0,0,2,1,20,0
4561.487779231007,935.8216206646186,4.874313307691532,4522.683096404915,1.0085800136774867,3,4987.235737476325,0,2,0,0,0,3,1,5,0
320.8617619516733,492.11598945593477,0.6520043421194386,1146.0547646307728,0.2799707063344797,4,1251.976556131691,1,1,0,0,0,4,1,2,0
2085.9322242729286,2016.6529447952062,1.0343535954743852,5507.248828180226,0.3787612089723188,0,1779.9188117908525,0,2,0,1,0,4,1,18,1
1109.1232341316265,718.3720570653489,1.5439398334374965,1094.9705201939958,1.0129252008858862,4,4748.208097108266,0,1,0,0,0,2,1,17,0
1543.6645213504821,984.7296138374417,1.567602415585837,4308.6432786087225,0.35827160002183733,3,3732.865961914236,2,2,0,1,0,3,1,12,1
6421.245450531405,1314.5811011351732,4.8846324087471675,4431.458757763387,1.4490139255571652,5,11248.622134052182,1,3,0,0,0,2,1,14,0
848.0432160784526,666.6142111103522,1.272164922295763,3175.3774551452034,0.2670684754986627,0,863.2581729527261,0,1,0,0,0,2,1,5,0
1872.037798145093,1445.1183304253718,1.295421806457923,5505.105726158701,0.3400548311451495,5,5425.250710061154,2,2,0,0,0,1,1,9,0
1688.6063973861,977.2968015982722,1.7278337498133132,2721.5838022280136,0.6204498997986868,7,4922.127882147526,0,1,0,0,0,7,1,23,0
1430.4335771708988,897.4365555475283,1.5939105314226782,1841.381173688886,0.7768264374644792,3,2607.544155822214,2,3,0,0,0,2,1,8,0
812.9751183150029,761.4983571399476,1.0675993069353331,1450.3517628592897,0.5605365119922815,1,606.9787170331003,0,3,0,0,0,2,1,4,0
1525.759992571823,746.4212854299375,2.044100325586224,1548.9977350318145,0.9849982075929153,4,3585.6779318883355,0,1,0,0,0,7,1,18,0
1373.1485685261946,1238.0016859555067,1.1091653461411723,4740.149175898505,0.2896846739566823,3,4014.6788078329455,3,2,0,1,0,5,1,19,1
116.99792703669009,1624.218948504165,0.07203334694773761,3460.516926863006,0.03380937863024699,3,8363.132990870492,0,2,0,0,0,3,1,8,0
783.2087118417376,1864.8364082258379,0.41998789190675667,8045.1877547312315,0.09735120369082083,6,11980.284909789949,0,2,0,1,0,4,1,15,0
719.6554618296927,1096.7272000753492,0.6561845660253979,3098.735145684248,0.23224168184621724,3,5526.643252170296,1,2,0,0,0,8,1,6,0
914.3838970854978,551.7641396641479,1.657200661213815,2254.3322817268945,0.4056118543381053,11,4905.4977425734005,4,4,0,0,1,4,1,0,0
527.8557131892262,731.5347186749682,0.7215730158991407,1487.4694521470851,0.3548682713633506,2,2476.082716349316,0,2,0,0,0,5,1,20,0
3349.497770343888,1571.273279620235,2.131709241026129,7501.572395984959,0.44650609146112197,5,8472.165030762175,2,1,0,0,0,2,1,12,0
1308.4111627259065,1455.4698467160622,0.8989613667902772,4402.4272911506705,0.29720221963823157,7,9895.148351814027,0,3,0,0,0,3,1,14,0
2094.8454853860007,2737.2520534059927,0.7653096771922635,6009.345419306557,0.34859794856454324,4,7965.303661793122,1,3,0,0,0,4,1,0,0
948.9013193468604,1302.6079020645277,0.7284627383596621,3973.6111733919574,0.23880074771806584,1,1322.423404312015,1,1,0,0,0,2,1,20,0
622.800543605729,1205.2029147564715,0.5167599048925091,5805.953586959064,0.10726929423008497,7,6002.020166865308,1,2,0,1,0,3,1,10,0
2515.1490274218513,1332.0479311086106,1.8881820756469272,5517.427884782458,0.4558553514326575,0,1249.7452162606096,3,0,1,0,0,2,0,19,0
637.5922321383035,1967.0771952693372,0.3241317797144218,5954.670776843026,0.10707430453045706,8,26441.031263093744,0,4,0,1,0,3,1,16,0
1767.7762893273157,3718.883912528472,0.47535129649298546,7103.665074353726,0.2488541155620493,3,13235.090327958475,1,4,0,0,0,3,1,6,0
535.3039836338943,571.5296531579044,0.9366162904691815,1918.2898748196787,0.2790527076541096,7,7162.398990486124,0,2,0,0,0,7,1,16,0
1717.8380450358425,1438.9226484290448,1.1938362683437542,4978.836948327713,0.34502797799249646,4,9783.385188613525,1,2,0,0,0,1,1,11,1
1723.3049966757221,1040.315026952938,1.6565222572274554,1655.2517040470204,1.041113561437402,2,2855.173958474146,3,4,0,0,0,3,1,10,0
4098.677778356305,1066.1259653831212,3.844459202232647,3876.934703956602,1.0571954627384885,6,9622.300752953488,0,1,0,1,0,3,1,22,0
548.9702533784878,555.96087204969,0.987426059957368,1545.799146907271,0.35513685880654666,4,2964.537811661503,2,3,0,0,0,4,1,15,0
639.1425273825112,453.99405737058305,1.4078213514164932,1082.6209582828324,0.5903659286222099,2,751.2313638659651,1,2,0,1,0,1,1,22,0
1198.7878291975223,604.7847168317268,1.9821728225501256,2735.407662961168,0.4382483259916715,2,1968.6631965364386,1,2,0,0,0,10,1,23,0
453.376762395284,970.4481544735935,0.46718287865796615,3577.2639239970317,0.12673841573553973,4,4191.219043726946,1,2,0,0,0,3,1,12,0
3744.4803512937856,1771.7520291673404,2.1134336462724734,5073.50672316743,0.7380458045310477,4,4274.310820462817,0,2,0,0,0,4,1,6,0
7148.266949474439,1877.9559979692779,3.806408114569349,9334.348889074017,0.7658024179749251,2,6552.960853921379,2,5,0,0,0,2,1,8,0
1620.6948900430732,1315.1643572704581,1.2323135744088478,4792.255599991307,0.33819041080488554,1,2208.642481894959,1,3,0,1,0,5,1,18,0
605.0454913138257,938.7328603918351,0.6445342619211972,4168.472070319534,0.14514802572911226,2,2473.589583437333,0,2,0,0,0,8,1,23,0
1324.7414675567031,1208.8473207655866,1.0958716165393976,5300.59157767964,0.24992332424461483,2,2124.0176677945524,1,2,0,0,0,2,1,13,0
1375.098530329138,2021.9481971675752,0.6800859350676888,8430.616537185104,0.16310770680459263,2,7025.413582679402,0,3,0,0,0,7,1,10,0
332.8646677398737,1057.986122636637,0.31462101498111555,2520.5559655297634,0.13206001861970684,2,2552.5947457323764,2,2,0,0,0,3,1,13,0
306.74884357818706,563.7546010463618,0.5441176763947347,1217.283689506917,0.25199454015722605,3,1861.9615672483026,1,2,0,0,0,3,1,20,0
1385.9500578438297,1608.8748983624812,0.8614405378904567,6410.000309541991,0.21621684725672954,1,1898.0245128158629,1,0,1,0,0,7,0,1,0
1093.713974156713,1143.576732324738,0.9563975404897748,2911.5837519870875,0.3756422852031232,2,3794.119884506755,2,1,0,0,0,1,1,13,0
654.0327505594083,1996.1307831173062,0.3276502502195884,5009.051166734564,0.13057018760416794,4,9714.313331216588,0,2,0,0,0,3,1,20,0
555.25721931178,1670.1907743195793,0.3324513749263085,2679.86912751822,0.20719564758223621,6,15269.655966181483,0,1,0,0,0,4,1,12,1
1273.886882715948,926.5338294565585,1.3748951654178923,2520.6315653678103,0.5053840078091947,4,4234.004327785125,4,4,0,0,1,2,1,10,0
3835.317822902747,1529.0803651102315,2.5082513060889764,6239.447807851794,0.6146886617236125,1,1106.1726850771452,3,0,1,0,0,6,0,7,1
2247.0178308186005,1757.6139005826783,1.2784479174144427,4081.0400108323192,0.5505993141097203,1,1464.938451285461,1,2,0,0,0,4,1,11,0
839.0682990149238,2245.2231795980256,0.3737126476509773,8708.780651347104,0.09634739151285591,5,9932.454026421945,0,2,0,0,0,1,1,0,0
125.13973046520928,650.3610363925777,0.1924157867133835,2009.268919146669,0.062281225411258426,4,3687.8469141294727,0,5,0,1,0,3,1,10,0
6361.7993826399525,3274.745653052094,1.9426850377557399,13477.166259148677,0.47204280635192025,2,8827.692702576125,0,1,0,0,0,5,1,10,0
1031.4824142722973,1022.3717906370813,1.0089112627310841,4354.784331422294,0.23686188241965364,2,3500.611267968581,1,4,0,0,0,3,1,12,0
2087.212979376326,1072.1839538931604,1.9466929828575945,1840.1921667942647,1.134236422173445,0,1769.1109023825916,1,2,0,0,0,2,1,6,1
1163.661994753344,1207.7797606309018,0.963472010944684,4110.653841030437,0.2830844045145001,3,6181.105795443,0,2,0,0,0,1,1,19,0
4825.54787745146,563.8006387119547,8.558961352856553,2238.9437349635186,2.1552787602901007,3,1640.7048838998112,1,3,0,0,0,4,1,21,1
962.7814074509881,1558.0695851809207,0.6179322262677962,5340.466861588289,0.18028038229688606,3,5308.154943579806,2,0,1,0,0,3,0,13,0
3964.4391671003827,1512.4067828380273,2.6212783571765814,4143.499715710704,0.9567851910472237,5,8304.794675948255,0,3,0,0,0,2,1,10,1
4762.69550654197,1638.9933932592603,2.90586620185881,4451.829804039671,1.069828748219488,1,2812.9384669199185,3,2,0,1,0,3,1,15,0
2100.3541420592965,1158.6968616796166,1.8126864855875058,2584.9005461242214,0.8125473706168503,2,1513.5601040877837,3,1,0,0,0,5,1,13,1
232.84487965574453,303.26628791091935,0.7677901861750613,715.0072731563479,0.32565386171229793,3,950.4286623212511,0,1,0,0,0,3,1,19,0
1628.4782033553988,969.3711087712404,1.6799326786411368,2222.7005366968833,0.7326574932021441,1,1621.8198712174885,1,3,0,0,0,3,1,18,0
5085.216823806927,1074.0872785666197,4.7344540106584265,6072.951988309375,0.8373550183825148,1,1409.6158571354777,1,0,1,1,0,7,0,18,0
1348.2596159329482,3325.4578524486296,0.4054357853130468,9107.755063273073,0.1480342418704024,6,30812.831871955466,4,4,0,0,1,3,1,9,0
2966.5131591576956,2136.39738114574,1.3885586948092814,7281.788026939225,0.40738801351851744,3,8710.843868134158,0,3,0,0,0,5,1,1,0
1422.9548251201893,1823.1401623722693,0.7804966696957852,2918.709396866473,0.4875287778385453,2,3045.4886753177707,0,6,0,0,0,7,1,1,0
560.6368040548294,807.4669170080083,0.6943155097080828,3269.1963683448184,0.17149070930195537,1,1393.9426831134795,2,0,1,1,0,4,0,15,1
1544.3948353423377,751.1881091648668,2.055936211582633,3414.1489310704137,0.45235133748489836,0,578.6772219660102,0,1,0,0,0,1,1,23,0
1708.4555644113325,1651.237507003339,1.0346516216869568,2495.7870921102444,0.6845357802402907,6,15499.647792699769,0,4,0,0,0,5,1,11,0
374.2159524289597,1366.8921639131624,0.27377137883185154,5243.591369430547,0.07136634532785865,4,8062.215335086014,1,1,0,0,0,3,1,10,0
693.7277558100038,578.6679735376368,1.1988355802187547,2773.5561561053764,0.250122123643653,2,960.2617715160093,1,0,1,1,0,2,0,9,0
673.2205478277857,1383.2039954774968,0.48671096239523426,4702.397096500601,0.1431653971394246,1,1373.2758546726193,0,1,0,0,0,5,1,20,0
1489.0791685153947,940.7554035672928,1.5828547599821254,3935.9550172285794,0.3783272832126772,1,1080.8558473737125,1,3,0,0,0,5,1,11,0
609.3475513880361,1506.1677061742919,0.4045681957527797,4624.016634867429,0.13177884067138657,2,4431.754525555977,0,3,0,1,0,3,1,7,1
170.8526195926247,575.066043938161,0.2971008658807146,2454.9982188460963,0.0695937855600275,4,1822.0283065404583,1,1,0,1,0,4,1,3,0
2256.517899737936,1382.4326370780698,1.6322805460578145,3713.124636805901,0.6077140199848058,6,14013.366785863056,0,4,0,0,0,6,1,23,0
9435.142290151027,1666.6256522423294,5.661224689213619,5499.589627439757,1.7156084234131121,3,7325.530091142695,2,1,0,0,0,1,1,6,0
1673.2463745209034,1096.8560115473038,1.5254931886278327,3513.4864079878917,0.4762353344292971,2,2706.4350552792666,3,6,0,0,0,5,1,17,0
449.6575475560699,900.8086189636792,0.4991710093464372,4049.929080697246,0.1110284991653868,3,1935.5257716843064,1,5,0,0,0,3,1,1,0
1063.9659739577326,820.6175444072666,1.29654305005901,2616.0587391388635,0.40670568976137045,0,1178.472961113835,0,2,0,0,0,3,1,3,0
2483.515773611147,1017.1689866693949,2.4415960436850703,4819.533034190667,0.5153021581121288,5,5726.025652916999,5,2,0,0,1,6,1,8,0
583.9903068614191,756.8263056631746,0.771630561056798,3415.1124104390005,0.17100178169138192,3,3210.5004053119583,1,1,0,0,0,4,1,12,0
266.4319937582889,705.4949389389928,0.3776525940199954,1404.7277849176837,0.18966805997498062,1,803.499577971475,0,2,0,0,0,2,1,4,0
5323.592728259532,2398.937252566557,2.219146300122676,7542.88449174606,0.7057767799685878,4,14671.978846881477,1,0,1,1,0,5,0,10,0
2289.5078959179837,1777.6795130744815,1.28791937977521,3097.614885568835,0.7391196066962168,4,6899.517411427969,3,4,0,0,0,2,1,13,0
638.0167651924838,2124.0218966874236,0.3003814443662376,10155.346636758219,0.06282570039343836,2,5789.714806623708,3,1,0,0,0,3,1,16,0
198.55723066511607,1220.0165893643377,0.16274961537086136,5796.685943592973,0.034253577405651874,2,1992.1486319484122,0,1,0,0,0,2,1,21,0
2774.76710667691,713.4577324862238,3.8891821902434676,2157.9725333201445,1.285821327117541,2,1472.6979973246675,1,1,0,0,0,4,1,23,0
5421.522367486434,1279.904738464608,4.235879596781686,5578.340392734378,0.9718880501713028,6,13543.797758047516,0,1,0,1,0,4,1,9,0
2998.2853838275573,868.3469548625486,3.452865662783557,3816.083418169047,0.7856970236950773,1,1499.4041385461828,2,2,0,0,0,3,1,7,0
7302.1272048450255,4434.361713887834,1.6467143810067926,8455.364615687517,0.8636087900097351,2,12163.496813282829,1,3,0,0,0,6,1,6,0
9073.198532989527,1696.8320301927924,5.347140065453997,5941.110516326749,1.5271889839543458,5,14000.091702995109,0,3,0,1,0,7,1,15,1
431.2850401567695,1655.3541579768164,0.26053943688031606,7279.817217479809,0.05924393803750962,2,3574.961895594975,3,2,0,1,0,1,1,6,0
567.3204704316071,699.1197654047694,0.8114782309196272,1776.6993291258595,0.31931146769258373,5,4621.851091651035,0,3,0,0,0,1,1,15,0
409.1838454110821,443.5519680133244,0.9225161309594055,715.450897195332,0.5719244283781602,2,776.2517749992487,0,0,1,0,0,5,0,18,0
677.3354072994305,1290.3264866597995,0.5249333515991081,3241.262283904387,0.20897272357839555,1,1692.5116673819275,0,1,0,0,0,4,1,10,0
16630.38379526869,2521.2777729220534,6.596014121837431,10671.91150536596,1.558332243188743,3,11402.530907545442,0,3,0,0,0,4,1,14,0
10099.10409326547,2568.3499518467697,3.9321370851365947,11175.661640288474,0.9036694576415957,1,2408.009290090445,1,2,0,0,0,1,1,3,0
504.6964031606196,947.301303995328,0.5327728369337373,3157.2816517799347,0.15985156182569085,4,6123.746836042886,2,0,1,0,0,4,0,11,0
648.6442041102514,1094.104892713556,0.5928537642323393,4821.06554267343,0.13454374315570042,2,2400.7650330362612,1,2,0,0,0,4,1,19,0
2251.592159198904,1984.5934985486606,1.1345356924959697,9235.432006732128,0.24379933256588493,4,8365.53751474142,0,1,0,0,0,6,1,6,0
2977.319028949912,1389.8050841280972,2.1422565386697743,4117.578957549007,0.7230751515988327,3,7017.344135910485,0,4,0,0,0,4,1,21,0
9217.76917608678,2175.1822722222864,4.237699660299915,7266.406466478939,1.2685457686147588,3,11360.600272916989,2,0,1,0,0,6,0,20,1
523.4648320090732,877.3467328818023,0.5966453311903942,2095.987505593777,0.2497461605148165,5,3306.8927483549032,3,1,0,0,0,4,1,3,0
3055.7801669617284,1618.5384235211661,1.8879874104649372,3628.958618750779,0.8420542882943207,1,2389.6634474212065,2,3,0,0,0,1,1,14,0
2415.5062099427482,1501.4738344971045,1.608756779136138,4528.5067907059665,0.5334001518779186,3,5728.499927577557,0,1,0,1,0,6,1,21,0
1446.142735451312,1660.0353424743278,0.8711517751759412,5268.201675091677,0.2745040574829828,5,11681.799020618364,0,2,0,0,0,2,1,3,0
2141.6019081286754,675.281400536356,3.1714214347199023,3147.651200203059,0.6803809481782854,1,1189.7072097475652,0,4,0,1,0,3,1,13,1
1076.7920179988623,1654.503754211053,0.6508247655879926,7507.779008272774,0.14342351004369627,2,3906.026859844458,0,1,0,0,0,4,1,13,0
217.2477436416074,698.8938283340177,0.31084513102579525,1984.3881268538332,0.10947845368639898,3,1530.856020382534,1,1,0,1,0,6,1,8,0
644.9045411983714,1305.7265599300072,0.49390474314387933,3106.488773222037,0.2075991861800547,2,2525.306189838621,0,7,0,1,0,6,1,12,0
388.073813240745,1829.5478931288346,0.2121145965613797,6069.466224785358,0.06393870545913928,3,4334.957683743485,2,0,1,0,0,7,0,9,0
358.0912149139808,240.34342656366337,1.4899147442217557,814.5531238829426,0.43961677196322585,4,969.9202146482531,0,1,0,0,0,3,1,8,0
444.7972002193987,674.4414771035783,0.6595045164327702,2587.1191698624234,0.17192760403188226,6,3719.814452627376,0,4,0,0,0,6,1,13,1
3527.4578513545357,1561.9199013775242,2.2584114897591863,3000.6944116717777,1.1755471792241856,3,6726.424445943668,2,1,0,1,0,4,1,7,0
1060.2103993177607,2291.2695186497117,0.46271745453261326,7568.32244529339,0.14008525759590057,2,7276.732531710395,1,2,0,0,0,4,1,1,0
3277.2953427253055,1864.0175079570718,1.758189141859059,8486.615373328113,0.38617224871828737,3,6905.51824862485,0,4,0,0,0,2,1,7,0
311.5380913702126,782.0238165389594,0.3983741732432163,2914.305460633482,0.10689960114973453,4,2135.3440087622203,1,3,0,1,0,7,1,7,0
671.627358271889,803.5212796565756,0.8358550983975707,3993.3183912385102,0.16818778080542351,7,4095.1300385321106,0,2,0,0,0,3,1,12,0
301.20879394893313,426.33799967335403,0.7065023389416596,1992.656107763097,0.15115944631663622,1,415.25980262301687,2,0,1,1,0,7,0,23,0
799.0270533421656,1592.4352144329844,0.5017642451637656,5992.6887313912475,0.13333364857691607,2,2171.288967182292,0,2,0,0,0,6,1,15,0
1503.3681577203768,1624.864382712046,0.925226851985714,5595.011007817003,0.26869798032925474,3,7892.823482275078,0,2,0,0,0,6,1,11,0
384.4456538019641,1024.8662423230242,0.3751178816569821,1693.8648540985835,0.22696359327117208,1,1536.4665032020328,0,2,0,0,0,2,1,9,0
3696.8747186741343,2128.62195855249,1.7367455521261703,4683.287748722404,0.7893759506198691,2,4649.585129238933,1,4,0,1,0,6,1,16,0
1061.896953366809,882.7437811501549,1.202950364581702,3287.9449243432477,0.32296677036915944,4,2119.135954636092,1,2,0,0,0,4,1,23,0
5792.795137763898,1641.6969677052832,3.5285410472926078,4965.3804591717535,1.16663671301638,4,5248.697238990023,1,0,1,0,0,5,0,7,1
1395.348695851748,680.0345567685795,2.0518791022653793,2777.846560067971,0.5023130924184687,2,876.0174429086508,0,1,0,0,0,8,1,5,0
12179.8959903065,2289.062440580448,5.320910331837863,12938.115186889134,0.941396471925758,2,3530.833992512329,1,1,0,0,0,8,1,4,0
253.79610566304228,1201.9642015956201,0.2111511352219353,2570.1893069652565,0.09874607484174436,1,1703.993257257274,0,2,0,0,0,3,1,13,0
8811.721229863826,3874.835728904281,2.2740889798586608,7643.574905439269,1.1528272227165968,5,23020.492629957684,1,5,0,0,0,2,1,8,0
431.48430443670094,790.7864953294338,0.5456394450147367,3786.38472922882,0.1139568045227623,3,3018.800905032961,1,2,0,0,0,3,1,0,0
3089.8606438691977,1120.7772554045243,2.7568909245521476,2138.613811331846,1.4447959830320893,3,5164.400674605046,2,2,0,0,0,1,1,18,1
1216.5397122585753,1246.2878641905836,0.9761305932708182,2643.9361497456407,0.4601244672174145,5,6196.323426127938,0,1,0,0,0,5,1,15,0
440.38727894131205,1581.491604093364,0.2784632417911424,5995.837952442835,0.07344882941038937,4,8592.290407683662,2,1,0,0,0,3,1,18,0
94.70702664109037,523.8283285474033,0.18079783295362567,1614.141629373037,0.05867330655357446,1,717.3073223945831,7,3,0,0,1,2,1,7,0
3155.223511365099,2335.1032458012205,1.3512137063055123,7785.230049691265,0.4052832724564413,4,9120.158419405152,2,3,0,0,0,7,1,4,0
444.7666677755538,840.5574280172735,0.5291329931194347,1990.1967512687488,0.22347874273838272,2,3014.4222275742063,2,4,0,1,0,1,1,23,0
1330.0501738962296,1101.4241395978208,1.2075731101933995,4148.247426294237,0.3206294218289689,4,3273.8775188496343,1,4,0,0,0,5,1,11,0
3822.263992330328,854.2656376676638,4.474327216023769,3299.475889601749,1.158445801763892,1,531.6874350191248,1,4,0,0,0,1,1,15,0
314.6136700897666,978.303238186785,0.321591156820538,1711.084264767264,0.18386801665349853,3,2250.883973622166,2,2,0,0,0,4,1,11,0
413.15779918394935,1262.1849533263082,0.3273353862246028,5405.601119614246,0.07643142548657623,5,8434.472649928468,2,1,0,0,0,5,1,16,0
274.0568934997677,1474.4435897217177,0.18587139949619397,7181.678545272582,0.03816056257212579,5,6319.603846033874,0,3,0,0,0,4,1,19,0
10932.30004415133,5446.222538805665,2.007317910029571,25388.42955991737,0.4306016651542314,4,14509.30609133207,3,1,0,0,0,1,1,16,0
2161.68067621844,1461.2957172051329,1.4792903659177625,4649.631573364679,0.46491440065952416,1,2358.6714067198027,1,2,0,1,0,5,1,13,0
54.06196450028974,842.8922064102356,0.06413864559328691,3388.0248084591544,0.015956779408848744,4,5328.145044184686,2,2,0,0,0,6,1,4,0
1847.659800449962,772.9307937363915,2.390459553976714,2496.4924599023634,0.7401022955712123,2,1645.3598680638306,1,3,0,1,0,5,1,18,0
5927.423937060665,2375.402056183468,2.4953350198678326,9830.756792010217,0.6029468597858182,1,3670.5246655992382,3,1,0,0,0,3,1,11,0
4462.685809392806,1005.6551146011574,4.437590725288268,4351.79697376328,1.0254811601501788,2,3479.3463220627964,0,1,0,1,0,6,1,12,0
1166.7416650980367,2243.771026786738,0.519991412300615,11043.40416695384,0.10565054465627378,1,2679.492564756274,0,2,0,0,0,2,1,20,0
674.154619680491,959.7227397177145,0.7024472712595949,3931.7627081420114,0.1714637097209431,2,1331.1905810065794,0,1,0,0,0,4,1,14,0
5427.123195475735,2476.856209406539,2.1911337343139863,7061.638819514286,0.768535935380652,1,3863.8256718069842,2,3,0,0,0,5,1,5,0
3667.231102953906,1193.4125239606735,3.072894769683808,4196.19903510128,0.873941172064874,4,7686.979411971984,0,4,0,0,0,3,1,10,0
3711.7589691790413,2597.4524181190645,1.4289997935234162,10654.067100565031,0.3483889236047885,6,11391.093907940007,1,4,0,0,0,6,1,8,0
2900.730887677401,2330.2917894819757,1.2447929914915221,7792.084338289983,0.3722663618286738,5,17945.028307635377,2,2,0,1,0,1,1,16,0
1415.3960157449171,891.855196757001,1.5870244641637297,1677.052213448787,0.8439785025143702,3,1673.4062038990073,3,3,0,0,0,4,1,3,0
550.317717084952,1755.3172997072006,0.31351466608159617,7557.560630677693,0.07281684447903723,3,9249.719237107174,0,1,0,0,0,5,1,11,0
538.6783897460075,704.5533279866679,0.764567234797308,2707.955196289091,0.19892441000656064,6,6112.866357312847,3,3,0,0,0,7,1,15,0
5731.890771542124,1022.1245534323515,5.607820252721758,4548.351032612455,1.2602129278157042,4,3925.101639458581,0,2,0,0,0,8,1,21,1
1527.5151353299698,4201.162094289073,0.36359347748243886,13407.042559955842,0.11393378729865096,4,27242.849331428966,0,0,1,0,0,3,0,19,0
1710.2161144955292,1616.967520652793,1.057668810691442,3190.291569208002,0.5360689069933802,4,5340.262111207965,2,1,0,0,0,1,1,15,0
3150.1731427324,1382.7262456059452,2.2782334194805967,3021.1809050127504,1.0426959661719115,5,5582.875852717927,0,0,1,0,0,7,0,0,0
3512.0348824709768,1485.0400935783773,2.3649428036709224,3228.8584756141086,1.0877017091320516,6,10537.946049045262,0,2,0,0,0,1,1,18,0
5833.099985804916,1741.8545964832056,3.348786975435212,8115.866659662854,0.7187279227733434,5,9118.86943336178,1,2,0,0,0,4,1,0,0
1907.7825141667993,720.9933323314609,2.646047374665232,1428.8298667883873,1.3352062120978507,2,884.9107447590965,1,1,0,0,0,4,1,0,1
568.5848044118211,1068.0941029414494,0.5323358708244733,2333.1637941059503,0.24369690882748257,2,3488.4715902152975,0,1,0,0,0,3,1,9,0
5434.509249720895,4016.2006678986886,1.3531468417797654,10571.464064920227,0.5140734733001152,4,17883.010345826293,3,1,0,0,0,5,1,17,0
1159.4807608855078,900.3838922563773,1.2877626653002747,2699.607509406318,0.42949975388848066,3,3840.342917062208,1,1,0,1,0,2,1,8,1
598.2309747923541,1341.55038109822,0.445925090269536,4250.854367079138,0.1407319383664072,2,2068.4052008331123,2,2,0,0,0,1,1,13,0
787.2314543115232,1762.6472656200162,0.4466188270712304,8297.815048514674,0.09487213799160771,3,5251.139293568486,0,1,0,1,0,2,1,7,1
913.9032569355908,2194.2917674574273,0.41649122076165374,9975.782088440392,0.09161219128819903,3,7453.668410546003,0,4,0,0,0,5,1,7,0
1719.1216675358905,1445.3385328017785,1.1894249191595172,6689.197709076374,0.25699967952857267,2,2963.665259687502,1,0,1,0,0,3,0,13,0
854.7464423617298,1349.610308531618,0.6333283296359062,5153.474289668518,0.16585829176935873,2,3149.8011119026946,0,5,0,0,0,4,1,8,0
1674.2754460765625,734.8757132782205,2.278311033858714,1442.4018430831015,1.1607552043179843,5,5314.683597256703,0,1,0,0,0,5,1,5,0
188.21042706875687,546.3045344386727,0.3445155864615747,1328.8169966989628,0.14163758255373599,1,918.632730191288,0,3,0,0,0,3,1,10,0
1334.7592453995653,1079.543030596551,1.2364113403260848,3317.394079211718,0.40235172955898324,2,3369.9590980602957,1,0,1,0,0,6,0,6,0
1941.2448663681412,3406.493960005476,0.5698659352283192,12835.344497823351,0.15124213196594313,4,24024.870088181167,1,3,0,0,0,4,1,6,0
2704.951246499114,1102.5065130346736,2.4534560245396424,3901.30005050209,0.6933461183409853,3,4073.822648539555,0,5,0,1,0,2,1,18,0
1703.070472735559,1020.3422000710865,1.6691169615614323,2245.690528869815,0.7583727369561738,0,1441.1951787399155,2,2,0,0,0,3,1,5,0
6243.60050412148,2983.062279829936,2.093017147626374,7360.780692483779,0.8482253126352385,4,9803.338589259376,2,0,1,0,0,4,0,13,1
140.4509687370245,1471.3084393787115,0.09545990832237233,3215.9804697134978,0.04367283012434987,4,6933.328487849213,0,3,0,0,0,6,1,22,0
606.320926845847,545.4777859796523,1.1115410057568584,2194.4857872722196,0.2762929385838099,1,782.9579613753358,1,2,0,0,0,2,1,22,0
4412.294389498622,2850.26261366001,1.548030826476306,11934.49015343385,0.3697095001774412,4,18683.1062608949,4,2,0,0,1,5,1,14,0
891.4514334425477,1301.346341289359,0.6850224303541729,2136.270953241862,0.417293242736714,4,3679.3737168152484,0,2,0,0,0,5,1,0,0
2874.688385813014,685.374955204834,4.194329489255809,2422.812442705082,1.1865088420147827,4,4908.280011782214,0,0,1,1,0,4,0,13,1
7397.596021794263,1320.5900430180136,5.601735421908944,5994.516907989679,1.2340604147657865,8,16923.445458181162,0,0,1,0,0,9,0,9,0
2226.450541132613,1510.368176954301,1.4741111307193402,6314.161513539999,0.35261222513206925,4,5008.054075044614,0,1,0,0,0,4,1,11,0
240.32302113121816,870.8656288605324,0.27595878533599294,2713.687768009237,0.08855956973543765,2,1935.9674729788858,2,1,0,0,0,5,1,18,0
129.237417172107,768.6948267884306,0.16812577978709004,1925.6437491730048,0.06711387671141655,5,3002.050105691016,2,2,0,1,0,1,1,12,1
8374.983034517874,1561.0264126128825,5.365048897859218,4302.195085106851,1.9466767240541973,2,5082.395856786175,0,1,0,0,0,3,1,14,0
1381.3975129703606,772.8448830430822,1.7874188511556137,2103.378231597756,0.656751834842862,3,1625.952126667425,2,3,0,0,0,1,1,14,0
386.97562274119684,717.7961465533265,0.5391163279426266,1394.1407365305524,0.27757285373083734,4,5153.088127119085,2,3,0,1,0,2,1,8,0
435.78402978316507,912.8226683922455,0.4774027254940014,2032.2681218266234,0.2144323502902156,1,1327.5553777040295,1,1,0,0,0,6,1,10,0
712.3816385561,740.1893327383443,0.9624316469417774,2609.6285953924485,0.2729820020419299,8,4761.754194760788,0,1,0,0,0,5,1,18,0
381.8656165329983,857.6855307316138,0.44522800356357106,3668.991735544637,0.10407917053438467,2,1435.880794603191,2,4,0,0,0,2,1,1,0
667.8075452072756,990.8092277028983,0.6740021454539004,3668.0960068534864,0.18205836051170446,7,9348.096731064119,2,2,0,0,0,3,1,16,0
1582.9753654380397,2275.415146289496,0.6956863972798049,4598.541068110193,0.3442342564722546,2,8032.3571166209495,2,3,0,1,0,4,1,6,0
1374.973199286228,1617.2872863274802,0.8501725147475211,2678.671696538497,0.5133041130284953,3,6162.483516840403,1,4,0,0,0,8,1,15,0
2099.1878008195195,946.6324839142527,2.2175319741189727,2408.575877932237,0.8715472989880115,1,668.4858168685406,3,4,0,0,0,3,1,20,0
635.5106488746799,765.1275580230949,0.8305943789512511,2361.0504974032665,0.2691643611916086,2,2432.882793882206,1,3,0,0,0,6,1,9,0
186.0869610947648,419.0131280662783,0.4441077107859258,1912.0280186717678,0.09732439026915211,2,718.3857255059128,0,0,1,0,0,2,0,15,0
7432.153858583391,1444.7769475652087,5.144153131117111,7264.724961146435,1.0230468322383033,2,2366.1847179132856,1,1,0,0,0,1,1,2,1
4048.1881913945335,1337.3001283244278,3.027135125206873,6231.0964227511395,0.6496750999733666,5,6132.727654179257,0,2,0,0,0,1,1,3,0
3953.1468581877757,2355.3919758378606,1.6783392737769522,9967.28051239401,0.396612381207909,3,8779.190228643864,0,3,0,0,0,4,1,3,0
1973.6252449033998,581.9304835020523,3.3915137647131686,2067.455129531456,0.9546157576588757,2,1815.9296841619969,1,2,0,0,0,7,1,14,0
743.2307086917693,586.9257228611091,1.266311357199876,1809.0921773552407,0.41083075699233734,2,1486.8403847930672,2,1,0,0,0,4,1,9,0
369.52137854752584,607.716824275096,0.6080486236139714,1973.6074763997224,0.1872314444317018,2,990.727618427167,1,2,0,0,0,2,1,7,0
680.4265600848396,1171.9644171404366,0.580586364341217,3249.2401573232355,0.20941097830250363,2,3958.5833374094536,0,2,0,0,0,3,1,19,0
456.6965298191916,1006.8631169957939,0.45358353296508663,4611.761782272286,0.09902864705083926,3,5308.206853856786,2,2,0,0,0,8,1,19,0
245.28874980065217,360.1578655803447,0.6810589834138515,1079.3907203733927,0.22724741390754188,3,1811.925835985889,0,1,0,0,0,7,1,0,0
14190.587808773591,2654.6556065495215,5.345547563217923,6174.92617275456,2.2980983758779647,4,12284.564556989468,1,1,0,0,0,1,1,21,1
5610.501117509608,1743.2759551286404,3.218366605128559,4718.036319197869,1.1891602221628237,4,6624.503312201551,1,4,0,0,0,5,1,22,0
2159.902286313166,2496.7238755114236,0.8650945775374284,6782.746369896777,0.318440668207683,2,6543.650665938013,1,1,0,0,0,6,1,9,0
4269.790750759564,1546.4533431124887,2.761021384690414,7174.698419961301,0.5951178015901321,1,956.9140528267412,1,3,0,1,0,5,1,18,0
4044.270780901233,2120.910869033733,1.9068556062159108,7452.399608585138,0.5426803436898697,8,12888.81751437242,2,2,0,0,0,2,1,12,0
1845.5728850091593,1794.8017597469877,1.028287873569574,7779.832846406631,0.23722526196197097,7,14772.490992421723,4,1,0,0,1,5,1,14,0
170.75562347141278,787.4368696667284,0.2168499216244252,3265.185655935422,0.05229583903169944,3,2167.278803489299,1,3,0,0,0,5,1,0,0
1277.163812357806,2052.8544879407796,0.622140448755786,3592.0486675914703,0.3555530368730126,9,28542.33306091687,0,1,0,0,0,5,1,12,1
2043.6284537080842,1251.923686815196,1.6323905963525045,2457.978879573733,0.831426368505857,7,7355.615963385524,1,2,0,0,0,2,1,20,0
2124.1701894920743,1735.0129754893846,1.2242964286148479,3757.776831078618,0.565273108270871,3,7845.004572182309,1,0,1,0,0,4,0,14,1
470.27775298809917,877.499856534665,0.5359291508551046,3486.136650458838,0.1348994030185828,3,3126.7875733590404,1,2,0,0,0,4,1,4,0
1232.8239116634434,1302.774598722926,0.9463063778430642,2239.43155406848,0.5505075202784003,4,9001.54995794515,0,2,0,0,0,4,1,8,1
385.738991347799,827.7035464030706,0.46603520430001144,2699.7659409781445,0.1428786790339473,3,3633.8046735602647,1,2,0,0,0,4,1,16,0
1803.523333410982,1145.771419727323,1.574069052830969,4528.953762247225,0.39822074326413315,1,1548.7789037793636,2,2,0,0,0,3,1,11,0
449.1687106829235,579.5089941566929,0.7750849688477367,1310.5139341452928,0.34274241500214797,4,2509.074417524061,2,2,0,0,0,5,1,16,1
4461.660525285317,966.7844636197526,4.614948515598136,2966.600990414303,1.5039638089860612,4,5681.244372962471,1,0,1,0,0,5,0,11,1
2034.8691660438535,952.4202343336046,2.136524501149037,2157.228625674462,0.9432793269223597,5,7117.361367657374,4,0,1,0,1,5,0,14,0
785.4986459106458,456.48993243203256,1.7207359683175485,1922.0170582590379,0.40868453406035327,1,791.4434089356865,2,2,0,0,0,2,1,8,0
323.17550191768794,1077.6914902875833,0.2998775668456361,4917.766203160269,0.06571591421121403,3,2980.7052578541225,1,1,0,0,0,5,1,12,0
681.0510290990526,633.1542210366044,1.075647932953888,1911.6912094709628,0.35625577275501785,1,857.3632204173094,2,0,1,0,0,1,0,15,0
345.89472160932905,754.3191234852293,0.45855223716345594,2947.71851832425,0.11734319931129887,3,3084.5547114793317,1,3,0,0,0,2,1,21,0
1072.9128150063102,917.6145973184671,1.1692412240843477,4296.269354612374,0.24973127298325842,4,2827.093984127315,1,4,0,0,0,5,1,16,0
611.3483148566248,1077.936068894686,0.5671470994411574,2582.8979461372924,0.2366908517507989,3,5648.917308468757,0,2,0,0,0,10,1,4,0
9723.889676852958,1680.3306651791304,5.786890567646904,11157.069552506977,0.8715451338804295,2,4141.818413217403,0,4,0,0,0,5,1,18,0
162.33665857294284,652.8920543034185,0.2486424172310422,2013.9276253134935,0.08060699725873867,3,1972.2221635017302,1,1,0,0,0,5,1,12,0
232.385787365803,718.0067167204404,0.3236540577604145,1807.3256723334403,0.12857991834187218,5,5973.462158129911,2,1,0,1,0,2,1,23,0
1834.7118829463877,1835.1630005822535,0.9997541811622604,4876.893327670849,0.3762050468761485,3,3429.6753911965675,0,4,0,1,0,5,1,3,0
457.5665242046368,1543.6959979992196,0.296409736630585,5552.068296105523,0.08241370599234074,2,4306.47816478178,2,3,0,0,0,5,1,10,0
2014.5478094916546,1519.9015034294034,1.325446290398532,6594.79905341295,0.3054752378617333,3,3438.0042674590313,4,2,0,0,1,3,1,23,0
532.1092320711156,1217.1603538136922,0.4371726620932678,3364.6699819439373,0.1581460395600788,2,3169.467745170328,0,2,0,1,0,4,1,5,0
6114.0630157325095,1324.6787392593994,4.615506261654623,7121.635700494743,0.8585194852508059,3,4560.605761981719,1,2,0,0,0,4,1,13,0
507.91768801531856,1540.991321244959,0.32960450913180644,7612.341562456294,0.06672292406325334,3,3953.5762153354344,2,1,0,1,0,2,1,8,0
2732.4692734974924,1074.9269131999179,2.542004707430095,3276.1861737134163,0.8340396816949983,0,821.0081091992216,6,3,0,0,1,4,1,2,0
165.32018571427446,364.24568158434573,0.45386999509558346,1506.5078827407913,0.10973735193041757,2,682.740022519038,0,5,0,0,0,4,1,20,0
1057.3677640006083,616.074501136558,1.7162985354042986,2503.2819958957834,0.42239258930244333,4,3183.5922718474512,0,2,0,0,0,2,1,10,0
321.8844818518996,2574.8132905503294,0.12501274676234927,5963.161415072408,0.0539788309332544,2,4389.790538340675,1,3,0,0,0,5,1,4,0
546.3128450019326,1401.5494171384792,0.38979206749436685,4237.2452088208465,0.12893113758548852,4,5694.619472053386,2,0,1,0,0,2,0,6,0
1016.3895331182823,417.8751897569286,2.4322801593210164,1605.867826208432,0.632922284468486,1,725.6964263094183,2,2,0,0,0,1,1,21,0
1799.8229200492087,1328.3024694320416,1.354979728991079,3637.724268102705,0.49476617450940724,2,3810.446465511886,0,1,0,0,0,7,1,5,0
3996.2616082923955,1084.7695743151235,3.683972802072239,3986.293410536521,1.0025006181756533,1,1568.081575154859,0,2,0,0,0,6,1,6,1
250.62113053936616,969.3477646829728,0.2585461479052694,3871.754628835794,0.06473063367001797,3,5078.071063444131,1,4,0,1,0,2,1,21,0
1181.2358146613392,855.4803537213194,1.380786606639172,2357.6306877752017,0.5010266539141558,4,3616.0946600865122,0,2,0,1,0,6,1,4,0
1174.2964552606059,1048.5567973053635,1.1199168783974076,2638.5296322855484,0.4450571412546185,2,1745.425272099837,3,2,0,0,0,2,1,13,0
624.9090383046272,1137.5121837567835,0.549364698882418,4288.622996123015,0.1457132135115526,8,8999.209289043676,1,1,0,0,0,4,1,10,0
544.5276725005858,855.1846107437078,0.6367369871483534,4275.452092108119,0.12736142535796555,3,2669.532636499089,2,1,0,0,0,1,1,23,0
3603.9047249229707,2204.3272968663946,1.6349226950308937,6267.984061924855,0.5749703077286122,4,13013.385980958634,3,3,0,0,0,7,1,6,0
1244.2108506410073,1032.5874538390285,1.204944768615181,2685.0116497949507,0.4633912298801479,3,3493.053627261439,1,1,0,0,0,5,1,11,0
1541.090604328326,1479.4832909996596,1.041641101121892,3490.271966356142,0.44153883112359027,4,5962.388264087113,1,0,1,0,0,2,0,4,0
979.366039544638,837.0842744589953,1.1699730474301395,2165.297816242052,0.4523008485014598,3,2612.5075928546266,3,1,0,0,0,1,1,20,0
194.88900002295975,1001.4524500633779,0.19460634402624508,3209.562256558281,0.06072136461124316,4,3785.422658983325,0,4,0,1,0,3,1,2,0
1732.7253655925515,1223.2325937484711,1.4165134042764442,4169.107128494704,0.4156106600739158,4,5717.566350673058,2,5,0,0,0,8,1,3,0
4054.1558708153775,1395.5952749309417,2.9049653174097982,6618.959997649196,0.6125064771890538,0,2453.992762384027,1,3,0,0,0,7,1,19,0
154.6826717800347,330.12187424436473,0.46856232151867216,1617.3292103912815,0.09564080756484464,2,932.1034865373805,0,3,0,1,0,6,1,9,0
14277.498570379177,5227.072245255573,2.731452312207537,22870.445677682066,0.6242772341035643,5,33183.50789941555,2,3,0,0,0,3,1,22,0
1562.6984275686082,1537.8295122164586,1.0161714384816989,6914.34635116227,0.22600812111558827,1,1283.4873166069917,3,0,1,0,0,6,0,5,0
2569.4760590373585,4477.632577403823,0.5738470083508207,8490.9741637575,0.3026126342492946,2,8589.26895170775,3,0,1,1,0,2,0,18,1
145.65207423478395,312.4246327558255,0.46619907319733617,1266.6808334666996,0.11498719360595194,0,541.4562198079091,0,3,0,0,0,5,1,19,0
3544.7890591681094,711.3955284694741,4.982866657588523,2713.461757664411,1.3063714825372208,1,1253.8576530260295,0,2,0,0,0,1,1,1,0
1228.6356300650036,2411.7350095027687,0.5094405584460597,6415.854935325492,0.19149990803254843,3,10644.275060896493,0,2,0,0,0,5,1,18,0
553.8793932613074,695.5318008117988,0.7963394234668207,1980.1845463804964,0.2797109967723576,1,931.3283146629999,0,1,0,0,0,6,1,8,0
4953.334793580208,1570.007541035956,3.1549751603815817,5382.471141587947,0.9202715004467009,7,19345.734304885496,2,1,0,1,0,6,1,13,1
1302.3179134118004,1482.6927972131782,0.8783464220367128,5777.831554509297,0.22539907941681148,4,9012.8312609762,2,2,0,0,0,6,1,1,0
453.506506439828,1493.6319632754912,0.30362667483715433,4602.518369216568,0.09853442616830294,3,2987.9789950490417,1,0,1,0,0,3,0,23,0
2412.838274071444,2308.372624155115,1.045255106919562,6811.2791037321895,0.35424158037355236,1,2691.0744785874,2,1,0,0,0,6,1,1,0
287.4501452430687,911.1426212030711,0.3154831511048402,3424.5578681317547,0.08393788521374446,3,1803.1850947203923,0,3,0,1,0,4,1,18,0
2431.011695900307,2121.3333595145396,1.1459828720445129,4312.91980435402,0.5636579872053565,3,7246.278806815297,0,4,0,0,0,2,1,1,0
465.54168986631015,704.8646680368062,0.6604696064039357,3011.2346385592014,0.15460159892722938,4,3749.996183648233,0,0,1,1,0,3,0,13,0
10624.103428374454,2531.2898755803785,4.197110544654054,9776.027434805032,1.0867505742209833,5,7946.95126873702,2,2,0,0,0,8,1,2,0
3774.7792863273535,662.934697320559,5.694043925569454,2885.5700440077085,1.308157219806954,1,1184.4015581227773,1,2,0,0,0,3,1,4,0
197.4305250193262,1688.7716085494244,0.11690777131722967,7812.69286267219,0.025270483364656253,4,5806.965130004268,1,3,0,1,0,3,1,1,0
1421.3886228605404,946.4281820597621,1.5018452005170604,4494.713760163721,0.3162356267173654,5,3521.860998057533,2,1,0,0,0,9,1,11,0
1518.923603154554,1450.367783162535,1.0472678866615008,6345.203557494333,0.2393813830228583,1,2002.839792753737,2,1,0,0,0,4,1,7,1
253.21173636708312,645.3375169853327,0.39237101470553143,2565.090852064999,0.09871452941451868,2,1256.085917361454,0,1,0,1,0,2,1,6,0
902.5045287571089,1183.8079944844555,0.7623740783657629,5675.688679976229,0.15901233835131506,2,1863.882996177854,3,1,0,0,0,6,1,21,0
1816.7881815922788,808.7810089622265,2.2463289338648784,2714.9225372692085,0.6691860105223062,3,2092.1199121781137,2,4,0,1,0,1,1,15,1
1193.8868378167153,1330.8356349217177,0.8970956341178391,2195.4982221526434,0.5437885696150245,2,3798.7303324210266,1,1,0,0,0,3,1,22,0
1149.2014575865062,982.7291907750276,1.1693979057243538,2263.814484750564,0.5076394136214433,5,3557.1761244643076,2,1,0,0,0,3,1,17,0
4771.896299545343,2117.080439091427,2.2539985781519314,7850.569295744042,0.6078407972441295,4,5126.609104844145,0,2,0,0,0,4,1,19,0
1218.9990538560753,760.0274889651562,1.6038881113574577,2970.469536979474,0.4103725147424391,4,3984.017387472939,2,4,0,0,0,5,1,6,0
1110.3969701111296,1275.0909155718027,0.8708374881748587,5022.2005227809,0.2210976971298388,3,2639.5687347998723,0,1,0,0,0,4,1,7,0
758.4444744653873,416.567864964392,1.8206984701765672,710.9891917943769,1.0667454346967553,6,3493.791293059939,0,0,1,0,0,8,0,7,0
820.8980734048512,1170.3330767220182,0.7014226033020461,4825.251606111445,0.17012544431157517,3,5700.38305836082,1,0,1,0,0,6,0,17,0
713.0285200468268,1029.4839803637892,0.6926076885575855,3448.8372855052658,0.20674461014543508,5,3109.684388295799,1,2,0,0,0,3,1,0,0
3868.279244532074,1292.039874414093,2.993931782706195,4130.586242539137,0.9364964238476186,2,1745.6651840998238,1,2,0,0,0,5,1,1,0
382.9686543421789,869.9371933840494,0.440225636120274,2054.379557436749,0.18641572486245395,0,629.1413897025141,0,4,0,0,0,5,1,5,0
2099.2027610244854,2004.8309906032991,1.0470721825747455,6520.312669582246,0.3219481744820959,3,10111.830442927912,0,1,0,0,0,6,1,19,0
1779.9847240133604,2045.6756459149276,0.8701206995194308,9280.596533021122,0.1917963697355045,6,15700.959961855588,1,1,0,0,0,6,1,9,0
7329.02381061593,1505.9280172646331,4.866782294102188,6311.9085673364925,1.1611422650421315,2,5041.114669778422,4,0,1,0,1,6,0,21,1
6468.930017943907,3331.368078009972,1.9418238592861197,6960.733756041662,0.9293459920556669,1,2245.886956434509,1,2,0,1,0,2,1,8,0
1192.771134788417,778.2553417163527,1.532621841255721,2872.095732077601,0.4152964406675945,5,5463.992391990911,2,7,0,0,0,3,1,22,0
515.6539559587668,658.1524108219351,0.7834871489945486,1255.511022518405,0.4107124085015411,3,2578.3366586712514,1,1,0,0,0,5,1,7,0
9512.615379121722,1996.309650941414,4.765100130952025,7740.303628902485,1.2289718640495422,2,7081.1845073582435,3,3,0,0,0,3,1,11,0
5246.519135251833,685.9354186252488,7.648707141799009,2804.237660057859,1.8709252821116393,2,1306.0519999729815,2,2,0,0,0,3,1,20,1
1360.8627463588705,1255.0936543874432,1.084271872144114,4816.468457484165,0.2825436849366815,3,6290.939887489191,2,1,0,0,0,5,1,10,0
3084.319659285053,924.4256218546535,3.336471411401444,2706.9651324295555,1.1394013252460382,5,5401.075232387627,1,3,0,0,0,5,1,1,0
158.10236736213417,418.8364806698358,0.3774799346735141,1732.9664468767292,0.09123221493819289,1,657.7234389618653,2,1,0,0,0,6,1,19,0
590.6575267453021,833.9274929119166,0.7082840316042802,1746.4534314456523,0.3382039945126832,4,5841.212640384617,2,2,0,1,0,1,1,4,0
1746.7658475069027,1166.7046201075038,1.4971791637766465,1829.473055145489,0.9547917869541899,2,1576.3148079299172,1,0,1,0,0,1,0,9,0
942.5988837390902,2088.948366034475,0.4512312985162286,9953.894539134133,0.09469649090948523,0,2600.50674573818,0,1,0,0,0,3,1,11,0
427.1231133214186,976.5523009985617,0.4373786359262776,1642.5556321319789,0.2600357059243272,1,849.1927924206982,2,1,0,0,0,4,1,1,0
971.7951903084804,1114.5524716799966,0.8719151542893857,4384.008314734957,0.2216681905100885,2,1359.6412157266234,2,0,1,0,0,3,0,20,0
1223.9454442862718,1097.9509388630488,1.1147542216719564,2456.8823582142554,0.4981701464842934,3,2897.276172665694,1,5,0,0,0,7,1,0,0
1350.1371459318927,736.2592691926251,1.8337794883213359,2899.7074231525144,0.4656115079582911,4,2847.3534621771328,1,2,0,1,0,7,1,8,0
1345.8342330061444,1059.9887854444955,1.2696683695967428,3016.3584928706914,0.44617847520017545,1,1238.0978079452311,1,3,0,0,0,6,1,2,1
439.138623672007,1289.6109490094977,0.34052023519906766,5266.5647828258125,0.08338236436472429,4,8175.27382594443,0,2,0,0,0,3,1,12,0
533.0504364154737,574.4560178579173,0.9279221034243135,1584.4362928510702,0.3364290750095674,4,3151.19953267144,0,2,0,0,0,4,1,12,0
87.69415574825952,487.458698832127,0.17990068893705388,1401.474818899249,0.0625727658932442,1,715.7023670100735,4,1,0,0,1,6,1,12,0
1102.43019782552,2528.214516066271,0.43605089315792167,8354.167641531007,0.1319617040415873,1,2596.5176119566204,0,0,1,0,0,4,0,1,0
2264.964741582144,1148.9709481960456,1.971298530339933,5653.135237327642,0.4006563873842228,3,3184.795599931833,0,3,0,1,0,2,1,11,0
203.211023969386,728.3857914829304,0.2789881767952474,2363.5215587644407,0.08597807082225939,4,4687.374567186836,2,2,0,0,0,3,1,10,0
1555.000607955091,1937.837508091574,0.8024411755175958,8163.889133980061,0.1904730187335355,2,3025.633720816988,1,0,1,0,0,7,0,18,0
8021.344492882348,1188.5110509238632,6.7490701804136615,5222.084702644009,1.536042586368053,3,3264.645762256043,1,2,0,1,0,4,1,23,0
525.8185766695185,748.9319348532962,0.7020912745195169,1603.387212264328,0.32794235394140975,3,1402.4618223221842,0,1,0,0,0,4,1,13,0
4686.085114981232,2362.6391527141823,1.9834112668444916,4462.8803716984075,1.050013606615649,3,8035.566946259119,2,2,0,0,0,3,1,1,0
984.2889712995774,2604.344349256263,0.37794117800922383,8512.065702007645,0.1156345599009444,3,10570.367041781248,0,1,0,0,0,5,1,23,0
1690.6580312691121,933.1219861257749,1.8118295961373152,4019.9920445078333,0.42056253160473583,3,2215.8889559407608,2,6,0,0,0,1,1,17,0
378.57340319924435,1207.5770122085003,0.3134983519658785,5445.470206500371,0.06952079229950306,4,8398.054537028329,1,4,0,0,0,1,1,18,0
121.38645209347729,899.053200345513,0.13501587230525128,3353.4093877317346,0.03619792219153528,5,3317.725685242032,3,0,1,0,0,3,0,12,0
8299.19738166926,2586.693423810284,3.2084194072926784,7032.144869586964,1.180180092358751,4,13051.945814053557,0,3,0,0,0,1,1,7,0
782.3174367498774,724.6885390336414,1.0795222976660885,2763.268292770189,0.2831130943009521,3,2762.405050284131,0,2,0,1,0,2,1,21,0
1651.2924769146491,1092.7406783099816,1.5111476214727508,2768.2709813790675,0.5965068044357514,1,865.9473900598955,5,3,0,1,1,5,1,7,0
862.218365950701,952.8043614142113,0.9049269722810075,3510.7309219961267,0.24559511540703952,3,3621.7077036370356,1,4,0,0,0,2,1,18,0
1356.0496828838195,435.81168483362535,3.111549621257866,1214.1306348478806,1.1168894383870975,0,722.2860876567589,0,1,0,0,0,2,1,11,1
1077.0351924014672,1465.758547023005,0.734797142809745,4126.045305517626,0.2610332928145949,3,7452.979146871396,2,0,1,0,0,2,0,20,0
1604.4655908989575,1167.9264043739493,1.3737728549420107,4331.042791862916,0.3704571088314801,5,9984.632275505064,1,0,1,0,0,8,0,3,1
856.7169151614683,614.7037055074164,1.3937070941426624,2778.9974921508583,0.30828272338540175,1,830.0160523408907,2,3,0,0,0,6,1,8,0
473.67276488709035,1698.651571349708,0.2788522218895787,4078.383244372904,0.1161422888691577,3,8013.9750539128,0,3,0,0,0,6,1,0,0
1705.8289381865902,758.142808003462,2.250010051112693,2574.095921139101,0.6626905097739011,2,1124.1333550186557,1,4,0,0,0,6,1,11,0
270.14810060845195,712.8072007022494,0.37899182323397573,1634.5987911887705,0.16526875100157473,4,4460.697566087985,0,1,0,0,0,2,1,6,0
937.947417743997,451.05612483829043,2.079447248566381,1352.961068887021,0.6932552896851464,3,1733.5249422019133,2,3,0,0,0,4,1,2,0
138.14195872709828,834.8823785991875,0.16546277927063285,3756.3557747531345,0.03677552580497434,2,1583.1179730077918,3,3,0,0,0,4,1,10,0
1859.47464086254,369.6354858044973,5.030563114944079,1737.5010570602033,1.0702005810625015,4,2061.3455563239268,0,0,1,0,0,3,0,8,0
788.849562945168,1982.3076900868289,0.39794506518340494,5572.647183581724,0.14155742090927573,3,10322.410697516907,2,2,0,0,0,1,1,15,0
1695.1125807010326,1692.7503394468629,1.0013955048178822,7403.140181070403,0.228972103626429,3,3441.7498231148643,2,2,0,0,0,5,1,4,0
2358.4375927292267,878.6562316268088,2.6841414285114005,2568.251962389511,0.9183046006650094,1,1196.2001077081748,6,1,0,0,1,2,1,7,1
1373.1729582143294,2419.6034049392956,0.5675198486707289,11173.244488945018,0.12289831835085754,3,12088.094093152507,1,0,1,1,0,3,0,21,0
530.7351207207724,441.29388294568935,1.2026795322383628,1249.6762549582459,0.4246980916977616,1,352.9458220373885,1,2,0,0,0,1,1,10,0
3351.0706972595735,1793.9568841601897,1.8679772779646933,3937.470583314643,0.851071932184081,2,2338.9499766550816,1,1,0,0,0,3,1,1,0
1828.0384445900543,1028.367108080104,1.7776127126458625,3473.8023204273104,0.5262355989114511,4,3685.445418496082,0,2,0,0,0,5,1,8,1
1686.5153722375778,1397.6599088220332,1.2066707799174092,3101.255587366646,0.5438169556575118,3,3719.1366147908675,0,3,0,0,0,3,1,11,0
6097.872794952953,4659.459695755204,1.3087081320841023,9823.826411604428,0.6207227753688542,5,29969.202676314482,1,6,0,1,0,2,1,7,0
1531.3900954951378,586.3732715798748,2.6116301163746587,2181.963156499799,0.7018404920969062,2,1373.6289472982994,2,0,1,1,0,3,0,14,1
913.9522909363534,4249.538964947744,0.21507092851132198,7123.080426929836,0.12830857384131514,2,7225.77901176308,2,2,0,1,0,3,1,6,0
12208.800800342306,3793.0967324801463,3.218689546142812,14031.68912922097,0.8700877483750333,2,5648.927112670299,3,2,0,0,0,2,1,21,0
4596.811169974002,1990.1980800370673,2.3097254570200305,7313.628277699616,0.6285267715875567,4,6833.782113150662,0,6,0,0,0,4,1,9,0
462.19659795700466,845.0936514555191,0.546917607487591,2056.310419411734,0.22476985653227838,2,2774.8147236685186,0,3,0,0,0,6,1,11,0
1395.45050660681,690.8030494902162,2.0200410343246085,3293.585861434528,0.4236873017177147,1,738.4713526123651,0,4,0,0,0,4,1,20,0
483.49318436530007,368.676690336473,1.311428677316268,1214.3559045606175,0.3981478432718942,1,485.91469845884916,0,2,0,0,0,5,1,9,0
1412.8729633371197,1578.9907837750745,0.8947949398154194,2486.2546368109397,0.5682736363437731,3,3020.652692594299,1,2,0,0,0,2,1,1,0
597.0362287999593,373.43223893796664,1.5987806261663902,561.0342908055474,1.064170655135392,3,1911.7571326486031,0,5,0,0,0,4,1,18,1
879.1845360637254,1212.8077149415365,0.724916674945547,2626.0527840779114,0.33479316995999925,4,8694.160302001968,1,3,0,0,0,3,1,10,0
1997.4830939119686,1783.806547948691,1.1197868379892413,3781.8718164328043,0.5281731351212389,2,4403.192347960106,0,2,0,0,0,5,1,16,0
1346.8184044321702,2413.0952280304086,0.5581289908444501,9582.913847926598,0.14054372457116202,4,14989.98316879692,0,1,0,0,0,4,1,6,0
284.09141214242965,967.014351805788,0.2937820019029931,4714.184109249415,0.060263113522662615,5,8680.471337519504,1,1,0,0,0,3,1,21,0
1465.2791482270834,1857.5287295023293,0.7888325628318342,5982.833257319047,0.24491392041296603,3,7451.402278831689,1,1,0,0,0,7,1,20,0
465.4445657536253,936.5924269959953,0.4969552948943665,4111.218320453055,0.11321329335347326,5,2948.9475538578604,0,3,0,1,0,5,1,7,0
188.9604587127329,1570.560534603793,0.12031402454691258,4187.163411716111,0.04512851306065634,4,10358.244091864537,0,4,0,0,0,3,1,20,0
4196.010916918407,2482.006524221619,1.6905720738322054,4897.876957629555,0.8566999443263202,1,3986.7396286494973,1,4,0,0,0,5,1,23,0
1137.831942843965,2013.6845675543696,0.565049740747563,9196.111398149915,0.12372968242564737,2,3071.3722874551677,0,0,1,0,0,3,0,1,0
905.4168778471274,1759.899575606173,0.5144707632168553,7038.44184137914,0.12863882351405725,1,1396.5629170876205,0,0,1,0,0,5,0,16,0
519.7070936821062,652.2375205329641,0.7968064965925863,1119.1357235272226,0.4643825433827862,2,896.0556493829463,2,2,0,0,0,5,1,18,0
1496.327432259863,1472.6911599882421,1.0160497142332336,6335.179944489195,0.23619335920544426,4,3576.548859875898,0,2,0,0,0,3,1,7,0
1505.4663748642263,971.366216963133,1.5498442797103829,4648.287229534079,0.3238755052181073,4,6504.575307679948,0,1,0,0,0,5,1,7,0
3249.2076641455424,2558.9322546058934,1.269751341911144,3867.216976075732,0.840192749526737,5,10500.045005030193,2,0,1,0,0,8,0,3,0
373.62645966746265,317.7654517995793,1.1757932070699617,980.7521333653066,0.38095910980628556,1,531.7753393409686,0,2,0,0,0,2,1,13,0
1719.9983188023837,1706.8442457036285,1.0077066628263627,4111.999351063344,0.41828759490382705,5,7179.065798787906,2,2,0,0,0,3,1,16,1
1395.6141505306782,1097.8774239542104,1.2711930494973778,2701.417119179819,0.5166229756308062,4,3724.1464928861037,2,3,0,0,0,5,1,15,0
300.76743811731484,787.4474851226717,0.3819523762533321,3742.803806938882,0.08035885759219176,4,3196.6836233439094,2,1,0,0,0,2,1,13,0
2638.3132208708653,705.9226879426016,3.7373968366991854,3075.4443024170823,0.85786408773436,6,5583.55601510205,0,3,0,0,0,1,1,4,0
535.709020761416,445.38333194060147,1.2028043762375482,712.2092451573967,0.7521792568741865,5,2072.6023298203545,2,3,0,0,0,3,1,13,0
2336.6575588248133,1530.0671945946297,1.527160092759115,6945.925467479621,0.336406943864413,4,4219.985765152917,1,2,0,0,0,4,1,19,0
1599.5205408152156,472.72901721775696,3.3835886576821146,2027.6300299753457,0.7888621282821819,6,2059.530989545662,2,2,0,0,0,5,1,10,0
1064.8865375158027,645.9753706854601,1.6484940229003249,2511.8723923564166,0.42394133585616595,4,2443.0285685369536,1,2,0,0,0,1,1,16,0
1950.4651987613709,1361.2327130771687,1.4328668272687908,3166.0484166307997,0.6160566555191815,5,5282.024826501953,1,2,0,0,0,10,1,20,0
684.8822249310316,873.5328261576661,0.7840371929050042,4005.132688328092,0.17100113235372727,2,2645.1000274782773,0,1,0,0,0,6,1,5,0
3568.569157672074,1917.6045476562397,1.8609515512641532,2978.8111044475445,1.1979843744855072,2,2381.91171345581,1,1,0,1,0,1,1,3,0
4359.632111799101,1644.8432282617173,2.650484883234977,8094.452971919537,0.538595026362263,4,6453.958468941983,1,0,1,0,0,4,0,22,0
2270.9654008411344,996.5585563023683,2.2788077895465837,4697.240525287952,0.4834679826624205,5,7818.54589524778,0,2,0,0,0,5,1,4,0
158.11151972891486,1000.1016939622841,0.1580954423769605,4764.199283518519,0.033187427796291566,6,4753.85937948369,1,3,0,0,0,4,1,0,0
23028.583581966104,2739.701418485022,8.405508507821361,20376.65229992068,1.1301455824544715,4,15475.775220339236,2,3,0,0,0,5,1,4,1
3936.695351966341,1124.9987932590477,3.4992885108454144,5134.072643656423,0.766778272378062,2,1654.63931369608,1,0,1,0,0,3,0,12,0
336.2493205272237,829.421634806596,0.40540215786103784,3919.2498551047606,0.08579430578769157,0,1375.7560164799336,1,7,0,0,0,3,1,12,0
714.8335886692629,983.1347898985072,0.7270962191695586,2126.3376776840355,0.3361806528527705,5,6987.373788962423,1,1,0,0,0,2,1,9,0
834.2298933170272,577.6591728201838,1.4441558838999164,2610.5056723063567,0.31956639748650423,1,964.6471977145403,1,3,0,0,0,1,1,10,0
642.3674911088639,489.00674186692873,1.313616840243214,1501.325574127523,0.4278668812273899,4,2017.7332692036655,0,4,0,0,0,5,1,23,0
1318.464418697611,726.4199410230261,1.815016830128316,2348.989940746063,0.5612899382101455,5,6104.793615284637,0,2,0,0,0,3,1,11,0
5105.064715299234,1783.5208909252394,2.8623520707127086,6028.485896319176,0.8468236972099815,3,5306.88439165149,1,0,1,0,0,1,0,20,0
404.3412321797621,418.76354558304564,0.9655597686202524,1039.8569465569083,0.38884313223908795,7,2843.378574823508,4,2,0,0,1,7,1,9,0
849.3638011270639,1285.9924657618255,0.6604733882510722,4995.449980902491,0.17002748588699024,4,6722.9928600743015,1,3,0,0,0,4,1,23,0
3638.239184179936,1282.7062226608584,2.83637758974361,5187.774617846738,0.7013101863877889,2,2049.8282144607615,0,1,0,0,0,3,1,16,1
1981.6872439314654,1446.7358561884666,1.3697643805914703,4086.3957668351563,0.4849474590823219,3,5437.808670908733,0,2,0,0,0,3,1,18,0
21688.724164487976,4022.8948042861634,5.391322721484014,22767.27232105849,0.9526272562931082,1,3867.8628633980634,2,2,0,0,0,6,1,14,0
3298.981529612929,1210.870195692467,2.7244716579437505,4714.8630291327145,0.6996982752688294,2,3893.2822272413587,2,1,0,0,0,1,1,16,0
3144.968008685209,1892.0202672214048,1.6622274418359515,3876.7342293600113,0.811241581862163,3,6339.995500894226,2,2,0,0,0,5,1,3,0
993.4344646625356,1262.488181541409,0.7868861500545868,4151.025039534895,0.2393226866137733,4,6444.985107189071,1,6,0,0,0,3,1,1,0
231.65396604263597,598.8421782659107,0.3868364227674224,2434.830766355015,0.09514171138449433,1,588.3874335753998,2,2,0,0,0,7,1,18,0
1618.4212066961516,1552.5532367576154,1.0424255789618502,4365.566098812202,0.3707242474547567,4,9596.883812171713,0,2,0,0,0,4,1,9,0
352.01065035499727,369.29310351549844,0.9532012566820764,1647.0924749716814,0.21371638551202135,3,1014.154153379215,0,2,0,0,0,3,1,5,0
3284.261239965351,1955.418697229123,1.6795693140396126,5433.821321647357,0.6044109744428752,2,4483.866022541646,1,3,0,1,0,2,1,23,0
2120.4388273831937,1112.517540886391,1.9059823773149212,3411.2887220292287,0.6215946523933735,6,5094.453026351165,0,1,0,0,0,3,1,13,0
2611.0625064238243,1132.567605249156,2.30543633273831,4822.655314538711,0.5414159495397348,3,3369.678518210738,2,0,1,0,0,3,0,19,1
2128.370722412862,3294.0466602799456,0.6461264644721159,13698.055777190388,0.15537757744839706,3,6989.895323858413,0,2,0,0,0,2,1,5,0
1089.10992809021,665.4730114986664,1.6365951875907028,1569.4014366896818,0.6939651657178647,3,3468.8880146794595,3,2,0,0,0,4,1,14,0
170.05876178018792,1180.6015724408192,0.1440441599858301,3418.4925800503574,0.04974671080833026,3,2177.8935827122714,0,3,0,0,0,1,1,8,0
1181.3505571043797,1167.0527850964916,1.0122511785160653,3902.0369075173203,0.302752276593923,4,5435.537286111067,4,2,0,0,1,4,1,7,0
2139.3829204894505,3229.217772793727,0.6625080967018783,9424.683121424649,0.22699786220144644,3,6372.345941111166,0,5,0,0,0,4,1,6,0
3907.5130428325,1338.1959286912981,2.919985750258477,5576.3555598792445,0.7007288184681533,2,4784.901240885691,3,3,0,0,0,2,1,5,1
719.9139149860205,320.1383467369645,2.2487587704622087,701.6889471721114,1.025973001124441,5,2839.826682684032,3,0,1,0,0,5,0,17,0
9561.328847271629,1871.2141651033712,5.109692426223929,8811.6639778796,1.0850764249832896,6,12850.368961023209,2,1,0,0,0,7,1,15,0
579.8345691238601,1403.241061354258,0.4132109479209979,3742.9599794088904,0.1549133766627745,3,7470.317948487394,3,4,0,1,0,8,1,6,0
670.0502814304982,795.778664950553,0.8420058377314412,3339.231526168856,0.20066002497264862,1,1347.7442333753042,0,1,0,0,0,7,1,13,0
436.660844635529,549.0939817515806,0.7952388100168283,948.81600699665,0.46021656613669537,2,1891.1971193114746,1,6,0,0,0,2,1,14,0
1843.8981756019828,394.7771822502001,4.670731385972974,1807.2853340824195,1.0202584732079132,1,330.13138553903224,3,7,0,1,0,7,1,22,0
1658.7129851827967,411.3471644136289,4.032391927503074,2004.5895052006556,0.8274576819241417,3,1293.2325069289882,2,3,0,1,0,4,1,13,0
387.234762007312,874.9892837175506,0.44255943382766344,1505.3990225399807,0.2572306453035628,3,1677.0208129812356,3,1,0,1,0,2,1,4,0
120.6924198986592,248.034968679705,0.4865943723222065,971.9237008338655,0.12417890395625777,4,614.7208136655258,1,2,0,0,0,6,1,3,0
661.5140250022529,350.59692498626964,1.8868220964235771,1637.0695758597367,0.40408424587259634,9,2296.9330301981618,1,0,1,0,0,2,0,23,0
359.16263912212173,475.9891463125302,0.7545605648879623,2272.1443355021934,0.15807210550413336,4,1749.676471102953,1,1,0,0,0,1,1,10,0
1208.894177051739,1882.5405175008345,0.6421610402609584,4064.977004056024,0.2973926238316988,3,8314.685832441344,3,1,0,0,0,7,1,14,0
439.3598168083988,542.1060964975202,0.8104683191114207,1265.762745227063,0.3471107191810917,5,2030.7336062848394,0,3,0,0,0,2,1,2,0
1832.8818447147903,977.3389140921006,1.8753799918193645,4034.056933059997,0.4543520022471459,3,5221.094072660121,3,4,0,0,0,3,1,1,0
2777.0038708833604,2353.05363554864,1.1801702387612052,10685.11600672281,0.2598945925468791,4,16389.888818487514,2,2,0,0,0,3,1,16,0
2807.720891106038,406.2118837084758,6.911961475556048,1621.0644608346533,1.7320229756072743,4,1438.524299212554,1,2,0,0,0,2,1,21,0
729.453707525863,361.0911110368901,2.020137536565778,1751.3097953205965,0.4165189445493443,8,2582.8683937347064,1,2,0,0,0,3,1,20,0
254.2331570755171,365.442823431421,0.6956851818523302,1584.7232005407532,0.16042748474229787,6,2667.20150135419,1,1,0,0,0,1,1,18,0
1263.5253569355514,739.7669850891035,1.7080045235911172,3503.92546871558,0.3606028062573822,3,2208.967471886569,0,3,0,0,0,8,1,21,0
1263.9471956356308,2334.501825743827,0.5414205213709385,10746.905457413832,0.11761033914778579,1,2416.190059268896,2,0,1,0,0,4,0,15,0
1067.5383174091908,1068.5300548686407,0.99907186751095,4814.015111531958,0.22175632869367323,4,3189.7361337920047,1,3,0,0,0,3,1,9,0
2575.9690028758364,1172.7439125162887,2.196531549116063,4168.099915405024,0.618019974366551,4,4280.800587772439,0,3,0,0,0,5,1,2,0
698.0019905863776,728.0522719823023,0.9587251045668667,3289.214435974155,0.21220932966617387,2,2094.702199408498,0,1,0,0,0,2,1,23,0
146.28219080229164,458.58166632895154,0.3189883101374575,812.1525995053228,0.18011663188838062,1,750.2302533590174,5,3,0,0,1,6,1,15,0
1762.2772227322487,732.3793668607425,2.406235487334988,1845.7096686450197,0.9547965493543625,3,3764.6829113717545,1,3,0,0,0,4,1,5,0
463.7861276070406,1258.4657453497102,0.36853297701651855,5237.383167557622,0.0885530259614976,3,6193.738454835623,4,3,0,0,1,4,1,19,0
673.0485061445621,842.9697655804249,0.7984254401830605,1945.982927050404,0.3458655760997481,3,1912.5461056278798,2,1,0,0,0,9,1,20,0
8558.24268104186,1683.6328513885007,5.08320010148521,6480.73146506173,1.3205673969335407,2,4403.2051717220065,2,0,1,0,0,7,0,5,0
1070.266041784266,1782.0576312866262,0.600578804520225,3135.531729579736,0.34133478276991214,3,6097.5418763509915,1,1,0,0,0,7,1,9,0
242.994384186932,352.1495764195036,0.690031737813199,679.1901408545713,0.3577707766505435,3,799.6390632509676,2,2,0,0,0,6,1,20,0
406.321744000765,532.6901481952963,0.7627731531685813,1001.9007719841511,0.40555088424185043,1,737.9480917275847,2,1,0,0,0,5,1,15,0
5404.810237296164,3370.0841537482315,1.603761209133278,12875.965255708632,0.419759616460592,1,4623.4668480312375,0,3,0,0,0,5,1,9,0
8351.510862238432,2126.7007058235786,3.9269798704487924,6159.00380314625,1.3559840404664416,3,10255.874386861862,0,1,0,0,0,4,1,7,0
1565.303197714833,1626.96639825511,0.9620992783831248,3227.184003719311,0.4850368605914104,2,3379.9306952136326,1,4,0,1,0,4,1,14,0
1279.274004931424,1220.7537464028658,1.0479378078510895,4774.634314513462,0.2679313054494693,6,12197.269064625421,0,2,0,0,0,5,1,11,0
1341.5163690210825,1532.0430786156853,0.8756388039905785,4729.1192694448855,0.2836715025752676,3,5479.564637553651,0,3,0,0,0,1,1,15,0
1404.3839876588845,924.4936986477817,1.5190844347700998,1645.4167011329719,0.8535126613774363,4,5733.208748670767,0,4,0,0,0,2,1,19,0
590.7608116827973,1162.1577316886494,0.5083310084117451,3359.052254485478,0.17587127764801236,1,1981.270211540577,2,0,1,0,0,1,0,9,0
1334.2069154740534,769.2479920258681,1.734430156860503,1452.676995696463,0.9184470597570032,2,2578.3089213498315,1,4,0,0,0,4,1,13,1
139.02456571496347,272.4616150471165,0.5102537680066314,549.6872773603732,0.2529157421699237,2,808.6570426100784,1,1,0,0,0,4,1,8,0
1742.6172076045998,1066.2141329913559,1.6343970255914135,3596.8429749558304,0.4844852054254605,2,2852.217973750779,3,1,0,0,0,1,1,14,0
269.2176342837589,579.8171349227388,0.4643147262621558,2546.112743254103,0.10573672945043303,5,3596.3410498121943,1,3,0,0,0,4,1,1,0
592.1770631335384,1701.2177949347426,0.3480900945761938,6765.139164305137,0.08753361146774906,4,9510.911989596674,1,3,0,0,0,1,1,10,0
1717.4408015242677,2867.5705968490433,0.5989184027104454,8760.996002383603,0.19603259732763306,0,3843.172436841177,0,0,1,1,0,4,0,14,0
560.1475675391657,1360.949274435473,0.4115859261334462,6039.0693867722,0.09275395456891031,4,7572.354195659059,3,2,0,0,0,2,1,5,0
816.3098834804721,838.6801985154607,0.973326763795561,1889.6516404352474,0.4319896143886339,4,2891.9434047748878,0,2,0,0,0,8,1,3,0
557.304187393989,1151.9004067622104,0.48381282281206334,3199.5732323126085,0.17418078816441934,2,2107.332056546801,2,1,0,0,0,8,1,10,1
690.7296959694092,1304.2342937310198,0.5296055312220326,5209.6790512460775,0.13258584438214038,7,10500.459237350744,0,3,0,0,0,5,1,23,0
144.00060692543502,553.4249205085971,0.2601989928337498,1413.4091269584342,0.10188175821060041,3,2294.1368578621687,1,2,0,0,0,5,1,22,0
289.5060626469063,811.1417563262988,0.3569117979551362,2493.242866253756,0.1161162703262463,4,2979.7209270708877,1,1,0,0,0,3,1,17,0
3331.6883064402414,1375.87656846578,2.4215023228103654,4500.250576542738,0.7403339546927562,3,3136.5068982866783,1,0,1,1,0,5,0,6,0
1377.126161228772,934.1870054478219,1.4741439917253163,3203.917900613099,0.4298256709278494,6,9482.971226174057,0,0,1,0,0,1,0,5,0
1026.8333313995477,1181.575523829982,0.8690374086889935,5479.675814747426,0.18738943070975767,3,3914.720277651974,0,5,0,0,0,1,1,22,0
728.3245005046672,1034.2267466430633,0.7042212966051145,2348.84296691468,0.31007798765762407,4,6049.313651567376,0,2,0,0,0,7,1,11,0
700.9543718647561,700.5715831915048,1.0005463948045217,2788.701095506953,0.2513551463059654,4,4113.201383404281,1,5,0,0,0,1,1,23,0
795.2851095824908,799.0446279299481,0.9952949832637047,1795.7460969378722,0.44287169045703095,4,4214.477076120487,2,1,0,1,0,6,1,0,0
1188.2457672678922,1001.1812483321443,1.1868438099968177,4393.633630887412,0.27044716676294517,2,3250.844674162145,0,3,0,0,0,4,1,16,0
836.0211627819577,938.0714191580981,0.8912127005556478,4105.946875199897,0.20361226976207683,0,1243.4035326682708,1,2,0,0,0,4,1,5,0
614.8605151828729,400.40280870337824,1.5356049004100936,1211.7213065341846,0.5074273365230512,3,1212.669674160742,1,3,0,1,0,5,1,20,0
392.57924523840535,805.5801072796731,0.48732490002029516,2915.649252222632,0.13464556648545356,2,2573.7544927217446,3,2,0,0,0,5,1,8,0
1289.4269446608498,2143.36083031852,0.6015911676753143,9402.303677228521,0.13713947016875433,5,11533.412719407046,0,2,0,0,0,3,1,12,0
3088.9614091780236,2296.0095431770415,1.3453608755056639,6255.995464908843,0.49376017398104577,9,37103.802915247084,0,3,0,0,0,6,1,23,0
216.35586242647926,679.3597932614549,0.3184702194220282,1050.8176583183204,0.20589286896141915,2,1490.2318709432,3,1,0,0,0,3,1,2,0
1833.2590405233213,1813.7506853536313,1.0107558085723818,3676.8214685164753,0.4985988730268715,6,19429.209872082007,0,1,0,0,0,4,1,23,0
408.86409407341944,768.9691780238278,0.5317041381608537,1818.4916768944333,0.2248369345146883,2,2153.5488418314376,3,2,0,1,0,6,1,17,0
2148.4264350686963,1577.7800078061762,1.36167680186034,7845.393836722048,0.2738455812138488,5,9709.382273562733,0,0,1,0,0,2,0,23,0
2179.2465715497206,1607.0519840195295,1.3560523201614352,4625.036201873411,0.4711847597359341,3,4438.404145184764,0,3,0,0,0,1,1,19,0
495.724030380496,668.9056575541024,0.7410970811536317,1342.3870843186735,0.36928545884520336,2,829.3621899838224,1,1,0,0,0,10,1,13,0
1156.2748548435611,1370.6154570879414,0.8436172588482432,5411.985382017474,0.21365077198573776,3,4563.784409130112,0,3,0,1,0,3,1,8,0
4041.8621657220124,1294.5862635207623,3.122126566312968,3639.704709831138,1.1104917810515271,4,6110.166437911442,3,1,0,1,0,5,1,20,0
109.11817587032436,935.6927030302078,0.11661753427909505,3034.424090122628,0.03596009411654606,5,6661.971015707338,0,1,0,0,0,4,1,13,0
13414.57382907618,2971.6381194908286,4.514201692692878,10007.082892046506,1.3405079156222341,1,1906.6602645592777,0,3,0,0,0,2,1,17,0
1376.214334154298,601.3777391454556,2.288435777669237,2153.0462837904197,0.6391940315056694,2,1770.8957536673922,0,0,1,0,0,4,0,22,0
147.76874127826628,790.2575444176202,0.1869880804328978,3795.5523178047074,0.038932078629266155,1,592.1567292438156,0,4,0,0,0,5,1,0,0
239.48438145196837,1095.9409297369841,0.21851942468235258,5195.4251305375665,0.04609524253257579,3,4866.784119751611,1,3,0,0,0,8,1,11,0
1343.2826262926899,1185.8297846479943,1.1327786193964038,3958.71494232489,0.33932289792601267,0,1574.0178954263208,0,2,0,0,0,9,1,14,0
840.4495446675119,2539.866738523716,0.3309030083822503,4483.575267167309,0.1874507495886206,0,3858.850379863986,2,4,0,0,0,4,1,12,0
180.01773533426572,652.8550407840929,0.27573921328394824,1876.5065536364507,0.09593237763300766,2,1839.2213217422502,2,0,1,0,0,4,0,15,0
1228.9108142328173,2072.3945268738507,0.5929907642086832,8072.07398909885,0.15224226337524074,3,4747.749077744948,1,1,0,0,0,2,1,10,0
351.7587466622492,2278.1489252090073,0.15440551000412642,4084.0517827521803,0.08612984491230039,3,5460.483858129791,0,0,1,0,0,3,0,2,0
2985.332997250094,1388.1786256917082,2.1505395213548604,6790.653888549426,0.43962378973312705,2,2590.6144548504644,1,1,0,0,0,3,1,15,0
181.4998169032966,398.69095322541955,0.45523936631859496,1900.1070183798922,0.09552083916728576,3,870.0771358981469,2,0,1,1,0,8,0,12,0
578.2556787733367,941.8178068792076,0.6139782817331045,4577.525967206438,0.12632493685802798,2,2561.2572852445255,1,5,0,0,0,3,1,23,0
1869.2103985468161,1698.221910755373,1.1006867752138394,5119.698325914659,0.36510166801925237,4,5459.88266137117,4,3,0,0,1,3,1,1,0
812.124496200962,1444.337238393561,0.5622817681445598,5657.380946211837,0.1435513188739319,1,2313.5717732326166,0,0,1,0,0,6,0,9,0
337.53663654271975,678.5658220536948,0.49742652160280854,1383.1586439866726,0.24403320473047058,3,2452.129034093935,0,1,0,0,0,3,1,1,0
943.2177007070595,1111.6271707745839,0.8485018408193672,4805.47846740031,0.19627966436759953,6,7229.471752072173,2,1,0,0,0,4,1,13,0
3716.883533749067,863.3948242268492,4.304963881475029,4433.042046228779,0.8384498714400975,1,1036.5342380555562,1,2,0,0,0,8,1,6,0
329.7317781417355,572.3250473825378,0.5761267651131564,964.0108272437445,0.3420415713426056,4,2275.6746101053604,3,3,0,0,0,6,1,17,0
883.7434750787058,1156.6216493994098,0.7640730878049885,5134.65597387855,0.17211347353640816,2,3871.267148122152,1,2,0,0,0,7,1,7,0
2855.1814495941303,1212.3485465270028,2.3550829980151557,5383.602199931062,0.5303477752555141,3,6086.172171180025,2,1,0,0,0,2,1,16,0
255.91342219306972,813.468432163954,0.3145953943317748,2669.433006760219,0.09586808192787775,0,1019.6452949743339,1,1,0,0,0,2,1,23,0
1079.4607659833787,933.3823056202838,1.1565044242680578,3190.305209600025,0.3383565819142153,3,2036.1818569270458,2,1,0,1,0,4,1,22,0
1740.757577237604,1948.131707035131,0.8935523049860266,9040.956736806182,0.19254130153625157,5,6567.428017580347,0,3,0,0,0,4,1,0,0
473.68444510623874,849.7650238186366,0.5574299151283216,1774.0288185314596,0.26701056947787044,3,3623.6587218813534,2,2,0,0,0,7,1,5,0
1184.148379228007,1010.5290273147882,1.1718103559821194,1823.6004565745561,0.6493463932622097,2,2477.4988299681345,1,3,0,0,0,6,1,3,0
2175.0160912789247,1533.1595741973042,1.4186495182131766,3725.2276833365922,0.5838612498795827,6,14628.708617089853,0,3,0,0,0,3,1,5,0
2873.9076623198816,906.9368250559936,3.1688068925224737,4029.5960891991826,0.7131999333687622,1,555.5946677237189,1,3,0,0,0,2,1,4,0
1876.984559969152,3535.826255135927,0.5308475090490541,14043.993994053373,0.1336503391246052,1,5890.431213334547,2,2,0,0,0,2,1,12,1
1061.8951883551076,611.7315053645438,1.735884418315682,1736.1641823322027,0.611632931471179,4,1678.1524806906455,0,1,0,1,0,7,1,9,0
1100.6930465467515,1221.6414536586155,0.9009951678132373,2968.430231542524,0.3707997024322125,4,7494.153376405229,1,1,0,0,0,6,1,8,0
981.4117010412486,640.2862076599611,1.532770328800289,2972.748225150946,0.3301361658340292,0,640.9607085751054,1,3,0,0,0,7,1,11,0
1726.2884922644146,1584.0075365574683,1.0898234083002953,5813.71029362088,0.29693404127112977,6,11365.565979274152,1,0,1,0,0,4,0,9,0
16759.753656096545,2636.965897874168,6.355696017763327,12579.02537468312,1.3323570910213496,4,6945.884381821628,1,2,0,0,0,4,1,19,0
650.7383416028171,620.4625407377933,1.048795533778756,1569.3409424526587,0.4146570856590313,2,1139.2787243744895,2,1,0,0,0,6,1,19,0
3206.032538002973,2082.2794197799703,1.5396745064798976,9293.746852243807,0.34496663067909306,6,14254.62114612541,3,2,0,0,0,4,1,10,0
310.9246352601906,273.0066501897305,1.1388903348841808,1025.3261597850917,0.3032446137191705,7,2588.9286782881827,0,2,0,0,0,4,1,4,0
2403.0950331102126,1210.0727963655686,1.9859094761305802,3590.1482869411534,0.6693581548849272,1,2054.6164186283004,0,3,0,0,0,3,1,15,1
1926.566674614235,856.721170712696,2.2487674408834177,3247.8058145974364,0.5931902289093696,1,667.0279963433259,3,5,0,0,0,8,1,4,0
1845.5859581946095,840.5434200109083,2.195705675943139,3796.222867464441,0.48616375345405005,2,2200.7110177750355,1,1,0,0,0,4,1,0,0
833.0770673885748,741.5236708650016,1.1234665865983409,1406.8834529704816,0.592143624711502,2,985.916947110818,1,1,0,0,0,4,1,22,1
320.1165587437341,472.78731193717175,0.6770836497961563,1125.0400223015777,0.2845379296719133,3,1466.706169948129,2,2,0,0,0,3,1,3,0
1381.276485223748,1071.0673326487727,1.2896261916679146,3536.6338904965523,0.39056247493851093,2,2024.051888275343,2,3,0,0,0,3,1,5,1
4789.218092226114,1233.8136821556466,3.881638015116411,5022.1665513565895,0.9536159430898302,1,2113.8668627852503,1,1,0,0,0,5,1,7,0
2263.072119685046,1606.8546924218238,1.4083862905327067,4779.821924274898,0.4734636887185615,3,5949.648654637107,1,1,0,1,0,4,1,6,0
2144.25097640749,1034.5630423630403,2.0726150931409815,3482.5568849261226,0.6157116874927879,2,2647.148099229831,1,3,0,0,0,2,1,13,0
2685.890787720575,1072.3490535156113,2.5046795900225725,3559.920206120545,0.7544806153527662,2,2394.556837896374,2,1,0,0,0,8,1,19,0
503.75279776064394,1252.2287546008035,0.40228496263946173,6110.363206489523,0.08244236565604354,5,4752.925650046406,0,1,0,0,0,4,1,17,0
2949.9740694198376,976.90110230104,3.0197264210996653,3178.4381138718113,0.9281206566662799,3,1850.9938010101027,2,4,0,0,0,4,1,2,0
766.3098159679922,527.237080526564,1.4534444641159545,1107.8784275021849,0.6916912514450788,3,2235.3034712000544,0,0,1,1,0,4,0,6,0
1765.5243402718468,931.9480689865256,1.894444979312869,2690.9638242200526,0.6560936733452987,5,6781.440064658515,1,2,0,0,0,7,1,3,0
5378.111348096584,1921.1122029807345,2.799478000166822,8263.698339500794,0.6508116737985227,3,9627.309573277487,0,2,0,0,0,2,1,20,0
1189.3885078620199,1184.061452823555,1.0044989683818875,2209.2273000653217,0.5383730808626402,1,737.0341727209424,0,1,0,0,0,1,1,18,0
1379.9529877984091,3003.12811845665,0.4595052003667384,8014.279058494738,0.1721867903184289,2,5101.052644000443,1,4,0,0,0,3,1,23,0
2797.7744477404663,2290.8261535750717,1.2212949653007275,7804.2516160533005,0.3584936244220343,7,13832.998369353958,1,3,0,0,0,8,1,15,0
384.6604787301429,584.961336864077,0.6575827400700904,1251.887540877413,0.3072644036864087,4,2645.7885916837895,0,3,0,1,0,5,1,7,0
1882.2126917179867,1450.9098098895445,1.297263743679062,4688.583177931244,0.40144594225765245,0,2589.751407341008,3,1,0,1,0,3,1,19,0
6491.278147919431,1055.1684012547062,6.15188830541231,3278.110952340766,1.9801886642318416,3,2801.2598984782317,1,2,0,0,0,9,1,0,1
402.35336952297524,1930.7294614764353,0.2083944838213088,9017.74852111691,0.044617940784307995,3,6889.811441828155,2,4,0,0,0,4,1,1,0
753.4004520879971,521.7483911272931,1.4439919028024122,1693.456316276175,0.4448892155332868,3,1979.1506229686834,1,4,0,0,0,2,1,13,0
1094.637369998971,554.8622808650697,1.972809123540266,2139.260741417278,0.5116895518186179,3,1750.3761070716268,1,1,0,0,0,1,1,16,0
295.8184583638073,711.9362252534381,0.4155125808614396,1077.3626486897879,0.2745764935544784,3,2298.816466729673,4,3,0,0,1,4,1,12,0
1688.865836577618,841.659852897616,2.006589515661573,2649.387639504764,0.6374551656371842,2,2764.5836140872784,0,0,1,0,0,4,0,15,0
3288.508637020412,1207.8840735205163,2.7225366317114172,3849.609442874007,0.8542447450371242,4,3594.3684153200743,3,2,0,0,0,2,1,10,0
768.298909110182,3446.2729248812884,0.22293617651789638,7921.765955856773,0.09698581268260748,4,14062.610709819495,2,2,0,0,0,6,1,6,0
283.91212960549467,633.5205443139022,0.44814983847598705,2228.8440326054606,0.12738088688673688,0,388.3709817777077,2,1,0,0,0,1,1,8,0
997.6086097011367,1202.713600523668,0.8294648112957005,2849.0703478438154,0.3501523261635606,3,4040.5316226427244,2,2,0,0,0,5,1,17,0
330.9091296723554,829.3555690781053,0.3989954875930805,3369.366146000446,0.09821109233413411,4,5397.687156484576,2,2,0,0,0,1,1,8,0
2194.7412390976197,740.9883425465696,2.961910617318092,2384.582840390699,0.9203879193972666,1,773.8469611434251,2,0,1,0,0,6,0,13,0
922.1472127149266,2389.5522983814026,0.38590794323252775,8413.92654758567,0.1095977255683949,5,21285.647194971156,0,2,0,0,0,4,1,11,0
9637.88668846177,1976.6882063112093,4.875774873189274,9832.464126996514,0.9802107146264075,3,8659.506496170374,1,1,0,0,0,8,1,11,0
4507.645104776916,3282.729282341157,1.3731394571660143,5125.250493987912,0.879497521158143,6,24487.975148791636,0,4,0,0,0,6,1,17,0
1207.1915658934902,1660.0712594212828,0.7271926184146632,4702.947402318336,0.2566882983420994,2,4352.698053725173,1,3,0,0,0,4,1,6,0
1827.507361847039,1376.7813245451139,1.327376635102778,6871.1002523031675,0.2659701204671647,1,1218.4871629256947,1,0,1,0,0,2,0,23,0
420.1698350309288,962.2955516634976,0.43663283520805135,1971.1352991496658,0.21316133662270023,3,4287.282036375598,1,0,1,0,0,3,0,11,0
357.92974156057335,1279.6168131454374,0.2797163478031701,6313.2574953769745,0.056694937886293324,0,1634.0926265524195,0,5,0,1,0,6,1,9,0
6038.100356185089,3507.4161340708333,1.7215238013908127,16459.97891618854,0.36683524243439725,2,9465.094613033267,1,7,0,0,0,2,1,8,0
2879.304407002281,1744.3188395322968,1.650675519719954,3163.7487697299484,0.9100926200432954,2,2512.436390466181,3,0,1,1,0,7,0,8,1
603.3478637520983,1282.4267477423223,0.4704735493191139,3751.5511730236653,0.1608262385145112,6,12187.4451069694,2,2,0,0,0,5,1,15,0
165.83349047333107,641.5663144704517,0.2584822281547152,2082.1447614319873,0.07964551434900219,2,1589.601044002476,2,3,0,0,0,9,1,22,0
1328.2317495585842,728.9614016758111,1.8220878999973236,3519.4835335894663,0.37739393774175195,4,4998.058958907161,2,4,0,0,0,6,1,18,0
1533.1471634735963,1223.0594750521875,1.2535344312738164,2820.972081867284,0.5434818633365422,7,10327.117774715858,0,2,0,0,0,3,1,15,0
1959.7439650207548,2530.0433668270375,0.7745890804545761,11796.835601101347,0.16612454655533165,3,11310.396104216643,1,2,0,0,0,3,1,15,0
791.1732328274976,1454.0509190008972,0.5441165935035659,7016.104275859608,0.11276531843315052,1,1476.7538424175489,0,2,0,0,0,8,1,20,0
14170.59343166635,1709.6116878238272,8.28877898565619,13425.06356908544,1.0555326877034443,4,5853.323834547787,1,0,1,0,0,2,0,1,1
777.7875187718425,1128.3987366264184,0.689284287128147,3626.7651455393525,0.2144576468450025,1,1043.9388133377163,0,1,0,0,0,1,1,22,0
1658.4398909538718,502.8120823805376,3.2983294337361078,1772.8738450156436,0.9354528499681476,4,3331.8540778215097,0,4,0,0,0,3,1,4,1
2694.92505915282,2707.7340132233317,0.995269493233841,9029.6401214814,0.2984532077575968,0,3016.642549292295,1,2,0,0,0,3,1,3,0
472.3054596039543,687.7997581919236,0.6866903542472055,2383.5358382794875,0.19815328639861338,2,2187.9978560815716,0,5,0,0,0,4,1,1,0
2983.7516525836245,1449.0557525769023,2.059100657291842,2784.511881442129,1.0715528536507113,2,2531.219494159297,0,1,0,0,0,4,1,8,0
3666.0164840716584,2616.3899941188115,1.4011735606359237,12709.876831289721,0.2884383958030578,2,8116.000947619037,1,0,1,0,0,1,0,19,0
295.2920171067477,672.7297413585147,0.4389459822460549,3313.026842015952,0.08913058396081837,2,2351.163298949381,1,2,0,0,0,6,1,21,0
416.5676873460012,625.6036395823941,0.6658651916156857,1083.8287413299577,0.38434825675026324,4,1590.8184100319772,1,5,0,0,0,6,1,22,0
483.4017370452172,878.3460822022688,0.5503545206613646,1939.8157674061792,0.24919981844028252,2,1231.1737503319403,3,2,0,0,0,3,1,23,0
5021.261720485343,1601.0703695557556,3.1361905235174503,7684.09249932051,0.6534619046984877,7,19014.506820522292,2,4,0,0,0,5,1,21,0
3299.3862772521584,1703.824186298763,1.9364593505503953,4114.506146545812,0.801891201456107,4,4508.3548009274255,0,1,0,0,0,4,1,21,1
364.94677014894495,602.552186448075,0.6056683194533463,2266.989433916537,0.16098300445911168,2,2040.2927321371328,1,0,1,0,0,6,0,16,0
872.726838932952,1043.6838283708123,0.8361984877118162,4570.926320394684,0.19092997299890735,5,4731.732166869652,1,1,0,0,0,4,1,5,0
992.4245652626713,875.4866530927511,1.1335690404380516,4020.7848834900324,0.2468235914181136,3,2025.916400163473,0,0,1,0,0,4,0,6,0
1028.9479431054892,973.4188809127559,1.0570453925659062,3719.674907944869,0.27662308362157,3,1773.807982006834,2,2,0,0,0,5,1,20,0
1383.1837308863005,657.9494637155725,2.102264394403766,3051.372355640757,0.45329889953592567,3,3379.9799389778855,1,2,0,0,0,2,1,0,0
661.6151957955674,1228.8924873424091,0.5383833025347644,2782.2416488406943,0.23779932849155985,2,4182.216754331024,1,2,0,0,0,3,1,3,0
788.898048671668,1070.057287950147,0.7372484235707781,2290.3518197248295,0.3444440464899619,4,7099.518874797214,0,1,0,0,0,3,1,22,0
1044.6988990663865,686.288389666002,1.522244751327956,1701.3773711321319,0.6140312647812062,3,2613.1858699372997,0,4,0,0,0,1,1,2,1
1420.1044859092128,2000.762640282062,0.709781588939011,5372.153034257282,0.26434550111537297,1,2451.1483721741934,0,7,0,1,0,6,1,23,0
270.06138454766,1073.5167889900974,0.2515669874168602,3184.9841884173325,0.0847920644409408,7,10674.590167441762,1,2,0,0,0,1,1,20,0
1876.6707964690697,1437.886637672027,1.305159076731838,3093.1181551952786,0.6067245744612008,2,2074.5480350744133,0,1,0,0,0,5,1,0,0
2367.680880459885,2347.3469432672982,1.0086625188708933,10245.371564772884,0.23109760983201305,2,3962.3702802839994,2,1,0,0,0,4,1,2,0
517.0594049310731,938.2417099621211,0.55109402986566,2303.043546213339,0.22451134533744332,1,1481.18377869091,0,3,0,0,0,3,1,9,0
146.2785543857614,546.7299342880103,0.26755175674852244,1514.8004846814683,0.0965662183667183,2,1767.9765545430346,2,1,0,0,0,1,1,6,0
232.98946185627165,1060.3672014236638,0.21972526266698625,3554.974053484562,0.06553900488469021,4,7491.424867920956,2,2,0,0,0,5,1,9,0
1487.4477402142713,1163.8002087691243,1.2780954402710134,4424.353224818077,0.33619552161218613,2,3949.940380784491,2,4,0,0,0,2,1,5,0
575.5644205397755,620.5414127324113,0.9275197573122638,1269.2371447962819,0.45347272012918916,3,2608.406135049931,3,3,0,0,0,3,1,13,0
1099.3090182216536,2990.2699743631288,0.3676286849169148,5794.652238727567,0.1897109564012504,2,7400.844597926291,2,5,0,0,0,5,1,6,0
832.106986494659,590.8591355743054,1.4083001114738876,2357.4031089067257,0.3529761131436527,2,970.8520364688343,1,2,0,0,0,8,1,22,0
188.2573440414237,1173.1162422954076,0.16047629148247508,2813.5192163094393,0.06691169655075802,3,6258.565315622827,1,4,0,1,0,3,1,11,0
685.3074754398785,593.9232883032971,1.1538653037122777,2641.586296059919,0.259430281139047,3,1296.032116876759,2,3,0,0,0,3,1,20,0
3779.848797099508,1682.266295696752,2.2468789910184763,6772.994895001509,0.5580764278870265,2,2775.17236813055,2,2,0,0,0,2,1,21,0
1486.912423629391,880.8255641659016,1.6880895424934945,2013.9480096454483,0.738307253468355,5,5721.1998770395685,1,1,0,1,0,3,1,18,0
915.3142378784842,1273.1077660850895,0.7189605328488022,3880.914843428903,0.23585012163518046,3,2292.4203403956076,2,3,0,0,0,6,1,6,0
1076.7495941227596,1172.3583988330533,0.9184474604306488,2140.1999590711293,0.5031070062210827,2,2779.5108705046314,0,4,0,0,0,2,1,20,0
358.842308715096,1281.1915205364503,0.2800848296005303,2808.4036069864346,0.12777447935987832,1,1538.6125098628527,4,1,0,0,1,4,1,6,0
836.1518626729688,782.5428333169826,1.0685061917042322,3723.63586266258,0.2245525323937233,1,1364.8618983319677,2,0,1,0,0,5,0,17,0
205.51398359743766,208.03482742913113,0.9878825874357398,783.4952076164503,0.2623040723154548,2,578.3136921017967,2,1,0,0,0,2,1,2,0
647.3360195996207,625.3882444164974,1.035094639816265,1100.8246729889568,0.5880464305382758,4,2720.1615641810718,0,2,0,0,0,8,1,6,0
590.3005678223221,890.922505362314,0.6625722936275618,2010.500739045835,0.2936087295856819,0,987.6917865053796,3,0,1,1,0,8,0,3,0
633.9442720427749,1301.2957617566376,0.4871638644138858,4770.921094256375,0.1328767044179307,3,4920.2160153206005,0,2,0,0,0,3,1,15,0
638.0334599130186,890.9494331923291,0.7161275782250668,4407.096983608201,0.14477409103682684,4,4673.404722318812,0,4,0,0,0,4,1,11,0
519.7026364305297,1046.7242234908601,0.49650387825869174,5057.306617107182,0.102762730397352,5,6755.470501510203,1,4,0,0,0,5,1,1,0
363.86033873642833,1117.5793807025552,0.3255789655923064,4972.173651615795,0.07317933045604422,2,2650.529682160938,2,1,0,1,0,1,1,11,0
1249.8886760171424,1213.9567116210246,1.0295990491688432,5061.842347291583,0.24692366736508786,1,2164.957248017749,1,3,0,1,0,9,1,13,0
3800.1604145597676,3990.884319985323,0.9522101143171554,12710.469443521872,0.29897876167717713,6,23187.047951532917,2,1,0,0,0,3,1,3,0
308.632173891035,1506.4777344278311,0.20487005339528316,2365.6204352461955,0.13046563569227662,2,2800.533623839195,1,0,1,0,0,3,0,5,0
3805.2499080467865,1183.207599801215,3.216045864382622,3592.1269561291147,1.0593305733679674,3,4889.488007417856,3,2,0,0,0,5,1,0,0
827.1543617050413,1514.7678229153858,0.5460601612945971,4284.462033673787,0.19305909474842126,3,7286.982375485597,2,1,0,0,0,3,1,18,0
372.43270666955533,955.2794240147334,0.38986782014453947,3858.6162876978965,0.0965197570582365,3,4948.8151614224735,0,1,0,0,0,3,1,12,0
1397.4221004721423,1397.3109258049835,1.0000795632991237,6459.8993418698265,0.21632258128462675,4,9080.221969221036,2,3,0,0,0,1,1,23,0
4230.881535444049,3034.217014043497,1.394389892305639,13776.950869411976,0.3070985427434155,3,6364.197199529935,2,2,0,0,0,3,1,21,0
218.75396000541974,2119.21295190512,0.10322415206492833,8528.729848831445,0.025649066611646995,7,23443.31708652191,1,5,0,1,0,2,1,7,0
4417.229326394146,1930.5396317178556,2.2880801066298515,6599.145626958912,0.6693638201207177,4,11794.739485803926,1,3,0,0,0,3,1,16,1
9290.619716668576,2643.510329492167,3.514501007625477,6186.134611910552,1.5018457081067658,5,21554.031259299743,0,1,0,0,0,3,1,8,0
325.9686616414365,586.3728763799966,0.5559067869131685,2799.3058777859806,0.11644624627418378,3,2313.981545970361,1,2,0,0,0,1,1,0,0
1330.2520263206802,1266.6779608068043,1.0501896042095678,3763.7505575501905,0.35343788223482475,0,1539.4453200999021,2,2,0,0,0,1,1,9,0
2585.691210529897,1099.3469657309124,2.352024693869758,3108.8169672560325,0.8317283512551504,5,4725.897128137275,3,2,0,0,0,4,1,16,1
7909.682505797169,1715.6283763702213,4.610370529386903,4776.066665111298,1.6561080613837804,7,7991.939066090508,1,3,0,0,0,2,1,4,1
1619.015780634812,516.1158523609568,3.1369231796091364,2060.122138947738,0.7858833949824776,3,1019.3151964823757,2,3,0,0,0,1,1,1,0
3724.0988353946987,2030.4657363129704,1.834110651951763,3811.402910856349,0.9770939789091899,6,10892.949182756545,0,3,0,0,0,4,1,4,0
3369.1650676799304,742.9951681696539,4.5345719757232965,2608.901845390865,1.291411201855761,2,2508.6385193214887,2,2,0,0,0,6,1,5,0
248.4361979120028,652.9240862357294,0.38049782991511244,2768.0563344147636,0.08975113505575688,2,1559.992376151695,0,3,0,0,0,2,1,6,0
2528.9821503071294,3178.52461772406,0.7956465512977443,8290.492191021134,0.3050460807436858,3,6060.244201121422,2,2,0,0,0,1,1,2,0
1831.0716332797115,977.5047930439101,1.8732098771381254,2480.4350790524654,0.738205828785161,7,4682.250157043368,1,0,1,0,0,1,0,13,1
381.44748249395536,1000.9197290052768,0.38109697655079827,4301.850402000289,0.08867055960769547,3,3384.4395674429475,2,1,0,0,0,2,1,21,0
2710.7629982289295,996.4521213103416,2.7204146995685625,2812.488008644485,0.9638309531977051,5,7214.45072912508,0,1,0,0,0,10,1,0,0
631.5398421867244,507.06594402738875,1.2454787185483163,1788.6787506229975,0.3530761697519797,4,3133.3659725541443,0,0,1,0,0,6,0,15,0
868.3517456140052,2243.7684222996363,0.3870059570247594,4355.138743441768,0.19938555273850272,4,13261.079311787296,0,1,0,0,0,3,1,6,0
2587.0124466608577,1777.590418970125,1.4553478793836456,7669.929401291786,0.33729286298582456,6,14043.537506231401,1,1,0,0,0,4,1,14,0
880.0185469548236,1656.672996964165,0.5311962883245203,5302.038767728598,0.16597738822868413,2,5076.303874507994,0,1,0,0,0,5,1,3,0
502.5241466984987,417.32199056378215,1.2041640700975582,1389.1447173768463,0.3617507523963569,3,810.5450227186183,1,4,0,0,0,3,1,4,0
364.0929436047427,953.6016292130469,0.3818082231101135,3856.630519034753,0.09440700679199851,5,4778.794919822853,2,4,0,0,0,2,1,9,0
1704.2124743716358,569.2043683948734,2.9940256417522337,1711.3124025129152,0.9958511794042667,3,2579.7360521278542,0,3,0,0,0,5,1,13,0
1517.6592524049677,2000.0372327631212,0.7588154998036054,4894.6079870905005,0.31006757975465754,5,13560.441187558328,0,2,0,0,0,3,1,11,0
284.78512883523985,712.2049091674529,0.3998640351526718,2688.958714705909,0.10590907449703509,8,8620.713156979638,0,0,1,0,0,3,0,18,1
353.5015877951674,563.0547690753865,0.6278280679083239,1597.556926392471,0.2212763638998632,5,2897.2126827565658,2,1,0,0,0,8,1,5,0
215.3836050575579,959.673950273259,0.2244341476563256,2594.8295712522367,0.08300491386554382,1,916.5754701669601,2,5,0,0,0,3,1,10,0
907.0015590005008,1769.0568578580965,0.512703452674021,7782.816695040708,0.11653898511813232,2,4154.911520317284,0,1,0,1,0,2,1,19,0
293.3559252419908,1015.493092612209,0.28888027636640556,2864.030382091398,0.10242765826659066,4,4739.650020787739,1,1,0,0,0,5,1,20,0
1001.9982879230806,1626.707520765055,0.6159670838995273,7678.920994459781,0.13048685989164446,0,2682.6909909045976,1,5,0,0,0,1,1,1,0
668.9047312380134,660.2845967489632,1.0130551803441925,1357.6611158174478,0.4926890248567411,5,2852.9163604650653,0,2,0,0,0,9,1,10,0
1355.6482692352106,771.3799576422966,1.7574325801498853,1681.5164835621404,0.8062057568198158,6,6188.37124534464,2,2,0,0,0,6,1,4,0
263.72001673456043,304.1352020310555,0.8671144115294874,1127.9984806580185,0.23379465598279817,6,1530.687029084712,0,1,0,0,0,6,1,15,1
268.82026895825055,1377.676653380168,0.19512580713238664,2935.3581207294537,0.09158005868512123,3,4825.499463034374,1,3,0,0,0,4,1,13,0
580.7627968898275,1425.7657196672171,0.40733396018623685,4317.15153293096,0.13452453370232792,1,1977.6236436913339,2,3,0,0,0,1,1,16,0
2750.193144689946,1527.5121773452518,1.8004394239721608,5173.1333265489075,0.531630053023329,2,2947.154860418759,2,2,0,0,0,5,1,2,0
531.077372221089,1571.2585806367383,0.3379948906983055,4123.64516517978,0.12878832948710695,1,1524.2828945473173,1,4,0,0,0,2,1,20,0
415.86665771653225,808.065003660501,0.514645054336809,3078.406036265328,0.1350915547908212,2,1223.4883755845447,0,3,0,0,0,4,1,0,0
8939.050310091336,1206.2160976303785,7.410819941511454,8271.845944034243,1.0806596702321674,2,3908.059470950512,1,4,0,0,0,2,1,16,1
2645.1553009964864,1503.0820913280504,1.7598209148106845,3762.867789585533,0.7029625936679113,3,3411.634017153316,1,1,0,0,0,2,1,15,0
1523.8728425629818,819.7271675573253,1.8590000464470564,4049.7287715090088,0.37629009954539666,4,5569.358229866497,0,2,0,0,0,5,1,13,0
1891.3378359712967,1012.6642064376606,1.8676850864756294,3977.8692932287067,0.4754650534120892,3,4972.606212807519,0,1,0,0,0,2,1,8,0
603.3233888801187,904.2980774247596,0.6671731411817771,4497.372161278413,0.13415020310630005,5,4293.41413721036,2,4,0,1,0,1,1,14,0
664.4140992729635,1207.9907943498047,0.5500158630187089,5255.580400109079,0.1264206897603876,3,3366.001544860056,1,6,0,0,0,5,1,22,0
1568.4380806772208,1271.8108854365562,1.2332321563192516,4885.452583600163,0.32104253471669464,1,2285.404160942708,0,0,1,0,0,6,0,11,1
4059.757972071554,1507.5642892201204,2.692925270982448,7437.485922591526,0.5458508445360482,1,1565.9364602955773,0,1,0,0,0,6,1,13,0
524.3349016911711,1094.5079150315362,0.4790599451042466,4200.837843704213,0.1248167439923897,2,2025.9898790936968,0,0,1,0,0,2,0,21,0
956.1063528977096,1132.4561910156408,0.844276679736483,2051.134379354319,0.46613540415556987,0,1171.928936214867,0,6,0,1,0,6,1,22,0
176.184399582802,832.0004878055972,0.2117599714965176,1941.8433796193935,0.09073048909708394,4,3323.050393996373,1,0,1,0,0,7,0,19,0
287.3401637362185,488.46663494516343,0.588249315674296,743.9423220336087,0.3862398404096138,1,801.208402510361,2,1,0,0,0,3,1,1,0
614.9679318638277,1304.5367837874069,0.47140712282440755,6271.902400412267,0.09805125982563193,1,970.3322238420562,0,2,0,1,0,8,1,15,0
693.3117112029281,1302.3854312448136,0.5323398853903519,3187.10702771627,0.2175363755197523,2,3969.6248553207906,1,3,0,1,0,9,1,19,0
119.24091527885355,993.3621010497945,0.120037713491222,2165.35251620054,0.05506766883762694,0,1382.6463328060368,1,3,0,0,0,4,1,10,0
1414.7690441891584,1038.8176014881756,1.3619032274408975,2918.556427426337,0.4847495943180172,3,2580.21797784997,2,6,0,0,0,4,1,0,0
323.6215382257099,1268.650673917371,0.25509113334281636,5513.145125101661,0.05869998537717478,7,13026.882980385515,0,4,0,0,0,2,1,11,0
1876.849560942682,1842.8314696725665,1.0184596865366966,6544.60476106417,0.2867781370249624,3,4702.350302441964,0,2,0,0,0,2,1,9,0
3583.975930485885,3568.2514802646037,1.0044067662574374,9865.910336298626,0.3632686501619351,4,16801.687055385624,2,2,0,0,0,2,1,11,0
762.4225782518583,825.6890617261876,0.9233773506190525,1839.6097269058755,0.41444800334591186,0,528.3234971882102,0,2,0,0,0,3,1,12,0
651.050224724891,614.5445700912419,1.0594027779437203,1020.2687319438835,0.6381164141769463,1,812.8593176085814,0,0,1,1,0,4,0,3,1
755.3213947307602,762.2981723667846,0.9908477051514332,2221.4960639819806,0.3400057317125577,5,3207.8804498149443,1,0,1,0,0,7,0,15,0
3590.1471819565277,1346.1135568222012,2.667046300634446,4095.448276847693,0.8766188556823624,2,3835.5022138255977,1,4,0,0,0,4,1,14,0
1022.948402265641,632.0534894569205,1.6184522660330367,3069.2646765491477,0.33328777738900245,1,1046.379831743683,2,4,0,0,0,5,1,23,0
528.4510476941743,1091.2363510563994,0.4842681855150754,3382.6998582797255,0.15622167790047992,6,9369.418796202093,0,2,0,0,0,3,1,1,0
3587.9364458779714,2849.1788994911776,1.259287876418966,9055.14068524513,0.39623199358175887,1,3700.7289367451076,2,0,1,0,0,7,0,4,0
696.3333370137924,991.6920006717207,0.7021669394752931,3821.472619847743,0.18221596915210558,5,7544.696720007724,2,4,0,0,0,1,1,3,0
122.9073842943324,820.735818593635,0.14975267498979064,2800.496643786624,0.043887709905678064,1,1301.8437292632152,1,3,0,0,0,6,1,2,0
441.71314863917576,1338.5651315280525,0.329990030544822,4561.131197560743,0.09684289477912858,5,6096.063150109154,3,1,0,0,0,3,1,9,0
2205.226685588525,1206.923701074508,1.827146723214766,5187.677956188065,0.42508935678207327,3,3453.6078305610886,1,2,0,1,0,2,1,23,0
9844.958628517454,1948.4749030811774,5.052648413869405,10325.751798360314,0.9534374659364553,1,1283.835778599834,0,0,1,0,0,4,0,2,0
747.6079000709851,2285.055293580299,0.32717278315817416,6408.032827566402,0.11666730183635879,3,8545.48424489914,2,3,0,0,0,2,1,3,0
4776.7784707269075,1860.8256571601244,2.5670209631658496,5456.457736973111,0.875435804873796,1,2149.5510563009298,2,2,0,0,0,3,1,9,0
844.1617630198339,2965.572532096331,0.2846538919158066,9749.542551020884,0.08658475601313631,2,7906.701958562607,1,0,1,0,0,3,0,7,0
1494.2991106557918,800.2977951564972,1.8671788423003008,1877.0781981219318,0.7960771757675728,3,2385.309748726019,3,1,0,1,0,4,1,18,0
3807.301925068685,1863.623831486699,2.042956234376668,8428.912331364454,0.4516955184005772,2,4418.441619220888,0,1,0,0,0,2,1,13,0
5845.990416198813,2025.8567014176915,2.885688021323422,7983.353024182267,0.7322725674902265,2,6565.345506298681,0,1,0,0,0,3,1,5,0
529.9744465351092,840.869633715032,0.6302694559127293,1309.9518644861826,0.40457551220249394,2,1999.5935200766776,2,2,0,0,0,3,1,19,0
2877.646211665349,500.3252698831908,5.751550810809902,1900.541543032151,1.5141190794884238,1,806.240082492829,1,2,0,0,0,4,1,9,0
1646.4136089336969,880.8318449645803,1.869157681282404,2034.4932017653819,0.8092499928262535,7,10959.11304820087,1,2,0,0,0,6,1,0,0
387.78260317899554,707.4817968926723,0.5481167217053129,1657.9131869617581,0.23389801482285952,4,3354.53439703881,1,2,0,0,0,3,1,8,0
1989.1804173648527,1592.0367011902658,1.2494563824299199,6206.43159925003,0.3205030758101355,4,3948.666662778777,1,3,0,0,0,3,1,20,0
1453.2394616413958,1272.1307771060713,1.1423664042995034,3029.0092739347583,0.47977385680090756,4,6732.3832695185465,2,0,1,0,0,7,0,0,0
436.985342351602,1140.6151796063523,0.38311373560924716,1933.6856667073773,0.22598571726276884,5,7294.85559801626,1,1,0,0,0,5,1,19,0
11755.561985408627,2124.1958477533035,5.534123417971146,9522.901073455529,1.2344517594723836,3,8537.603662740512,0,1,0,0,0,2,1,14,0
3156.699394284126,1286.518802347133,2.4536752891018954,5437.96407155111,0.5804928743090644,4,4943.209381259786,3,2,0,0,0,5,1,10,0
444.75587045216395,1940.6611175735886,0.229177503699483,7097.540225000536,0.06266338144665187,1,2480.558949012056,1,3,0,0,0,2,1,17,0
7464.012879000296,1808.7107387035662,4.126703468543728,6795.512369124239,1.09837381989229,2,3597.91289390739,3,0,1,0,0,2,0,11,0
2216.348811855872,3254.0584080611284,0.6811029594199703,5210.375553961132,0.4253721807386642,4,10017.626606754413,0,0,1,0,0,5,0,23,0
613.0582167483886,1219.967611288385,0.5025200760050911,5415.271808028725,0.11320913122762623,3,5250.84857125896,2,1,0,0,0,7,1,5,0
929.0595938225306,723.1671550415201,1.2847093335830349,1577.432256719596,0.5889695673870577,3,2305.0679257106144,2,2,0,0,0,3,1,1,0
3441.663752960394,3580.2930443597456,0.9612799037168919,15257.673026582484,0.2255693739775521,2,5994.645125930047,1,3,0,0,0,3,1,2,0
351.9606959379136,617.5646725472652,0.5699171464685366,2088.8653112198563,0.16849372434279905,6,3139.4023031075335,0,1,0,0,0,2,1,11,0
309.97037116594686,926.651781977215,0.33450577357608596,2610.3816338189044,0.11874523140605696,2,1941.9409876885468,1,1,0,0,0,3,1,16,0
355.59134268192105,875.1133499202797,0.40633746784266794,3051.0881185570174,0.1165457465876451,6,5989.271729936821,2,3,0,0,0,5,1,10,0
2109.151879864384,791.2540007822147,2.665581314949848,2294.3985745913883,0.919261327661871,4,3428.122886661319,0,2,0,0,0,7,1,4,0
4324.781655419692,1458.7457638192045,2.9647261110783254,3335.665155788624,1.29652751503387,3,3894.0771098361433,2,0,1,0,0,1,0,11,0
1529.250115276447,755.0972939571203,2.025235857040813,1745.0506960074886,0.8763356381423343,0,632.3072960947969,0,4,0,0,0,8,1,0,0
164.75570273686716,369.07757202994,0.446398576404155,1038.0281149043863,0.1587198847230096,1,650.7945572337163,1,3,0,0,0,5,1,23,0
1823.2677403719663,719.5267942905944,2.53398171525994,1790.7771059815714,1.0181433157046007,2,2008.70419816784,1,2,0,0,0,2,1,17,0
1671.08029359107,2242.1646230017504,0.7452977700423584,7889.277503337431,0.21181664517240603,1,1638.332021238041,1,2,0,0,0,6,1,3,0
2817.4528795316232,2740.9811793992535,1.0278993889878258,6190.839184263125,0.45510031769093273,6,24775.76924236864,0,2,0,0,0,2,1,3,0
107.18196401748575,462.02399565785674,0.23198354419855144,2223.5869350779712,0.048202281784735956,1,498.5324719182464,1,1,0,0,0,2,1,5,0
1252.2204793691976,667.3712420378906,1.8763476765127103,1274.193361107915,0.982755457366681,2,1619.4251923642162,2,0,1,0,0,5,0,12,0
277.5520508716142,313.0750410217276,0.8865352216063493,1563.9591766242042,0.1774675803691427,1,225.66225716758632,1,0,1,0,0,3,0,6,0
539.3445836409048,419.529516018578,1.2855938927954262,1374.1278265379312,0.3924995718919144,2,1457.5111817754375,1,2,0,0,0,2,1,10,0
463.12449021159574,342.9688322868249,1.3503398752697289,807.8372254699001,0.5732893652458353,3,1463.0557359335407,0,3,0,0,0,4,1,21,0
10106.687920042736,2046.2668882233056,4.9390858925631065,11231.152644602942,0.8998798466958278,2,4819.630617259361,1,2,0,0,0,4,1,20,0
449.00101870112053,782.997450134538,0.5734386729151816,1780.7487268029997,0.25214170418485576,4,5211.959818433523,2,3,0,0,0,6,1,12,0
9701.191213516377,1957.5156917403945,4.955868938599011,4430.051763852849,2.1898595616136047,2,4511.846534522795,0,3,0,0,0,8,1,14,1
1393.8920808485998,2808.906514005063,0.4962401111958429,5449.4870304825845,0.2557840899614293,2,5143.020949032758,0,2,0,0,0,4,1,5,0
1906.4085995247551,1456.5889536991972,1.3088171475440498,6684.496283888243,0.28519854280116885,3,3535.253058983072,3,2,0,0,0,5,1,9,1
1179.0531011815838,1781.3852495757628,0.6618742921905161,5131.019386683912,0.22978925089261557,0,2481.519444745853,1,1,0,0,0,2,1,14,0
2746.735322125974,999.466355050038,2.7482018861840123,2522.423634918827,1.0889270478209605,5,5379.4829080449335,1,1,0,0,0,5,1,3,0
1212.8527637698694,1446.052273176201,0.8387336932888897,7125.3996588632035,0.17021540149838693,2,5035.0358637273075,0,3,0,0,0,2,1,13,0
344.30721392309255,2737.423381449892,0.1257778450554215,10012.400047471256,0.0343880800098525,1,4826.078708174715,1,1,0,0,0,6,1,19,0
553.4749225329466,1818.0812013851607,0.30442805420971564,5539.06271388832,0.09992212602056232,0,2257.20904109159,0,1,0,0,0,6,1,16,0
1904.7318956027466,893.8636808288352,2.130897514301715,2240.9257199550125,0.8499754715836743,3,3310.4432210829473,2,2,0,0,0,4,1,23,0
5345.960043127179,2722.0619822763074,1.9639376612051476,5722.388110747698,0.9342183612269294,4,6781.605436017753,0,0,1,1,0,2,0,19,1
510.31745303516396,995.6199773532223,0.5125624883419906,4768.189580952431,0.1070254117146973,1,1171.1570673884398,1,2,0,0,0,4,1,15,0
1165.6540197878312,954.925483164803,1.2206753724119228,1614.112699394495,0.7221639605618029,3,3624.8721195637045,1,3,0,0,0,3,1,0,0
5575.241554980906,1203.8841970404849,4.631044720652163,6280.644456947266,0.8876862228387906,1,1219.410314783602,0,1,0,0,0,6,1,20,0
1653.3731484836653,1291.653072503232,1.2800442964761565,4829.0899493608895,0.3423777908097327,3,5675.324086246915,1,4,0,0,0,4,1,6,0
3884.8259806012284,1232.8751049722077,3.1510296257371526,5561.732790015499,0.6984920216906721,2,3948.5507784767615,1,4,0,0,0,3,1,11,0
1186.0490311277122,1217.008533387631,0.9745609817757475,4236.938320736365,0.2799306813891926,1,1984.0557554150964,2,0,1,0,0,1,0,15,0
28724.097323167738,1191.5954594870625,24.105578025223757,19454.764637187396,1.4764556579760517,4,6212.070263626413,0,2,0,0,0,4,1,10,1
1446.4452596505214,1571.1610157376847,0.9206219128161048,6860.7214852567895,0.2108299050994609,1,2283.305736876059,1,2,0,1,0,5,1,0,0
571.1502661657744,671.0493116268843,0.851130097698907,3289.958160658737,0.17360411235485587,5,5108.1888075180295,2,2,0,0,0,3,1,7,0
3083.9679736532657,1051.7192231945078,2.9323111203444348,3393.1968691204,0.9088679768977583,3,2448.101210050824,1,1,0,0,0,2,1,7,0
565.1345653995695,721.6215339075299,0.7831453730869221,2795.35078999902,0.20216946203011882,3,1706.1307101626444,3,2,0,0,0,3,1,16,0
1739.8857253108324,1470.6135831167326,1.1831019006525292,2231.031955953209,0.7798569270458816,4,5888.497180707483,0,1,0,0,0,4,1,10,0
559.4807418898315,1070.922842263062,0.5224286193275541,2291.150922523175,0.24419200690354015,1,925.305226967456,1,1,0,0,0,3,1,7,0
555.5862756032882,1986.9234755470286,0.2796213756799704,9229.518563901365,0.06019666917148916,2,6371.942856976666,0,2,0,0,0,5,1,0,0
1193.0487902345183,1260.3478967691285,0.9466027541227864,5495.185762266727,0.2171079999563825,3,3099.41701742956,1,2,0,0,0,2,1,13,0
608.266676884216,792.8815509970394,0.7671595790308499,1578.3599780708391,0.3853789283403359,1,1329.2260548110826,1,3,0,0,0,5,1,12,0
1446.3344601000938,1190.5677499452945,1.2148275141557896,5593.74780623633,0.2585626864492553,4,6222.117027892364,0,1,0,0,0,4,1,8,0
2154.7063537541253,983.1821695892253,2.191563700401894,2089.8720731883836,1.0310230857656413,3,3440.039537985756,0,5,0,0,0,9,1,22,0
214.3447172229584,699.6968099772178,0.3063394232566781,2959.5895455042178,0.07242379861375035,8,4466.005572394393,2,4,0,0,0,5,1,17,0
3791.909959702772,1654.6506151765436,2.29166805664179,5378.5773182748935,0.7050024077591909,3,6020.443130506232,1,0,1,0,0,6,0,23,1
184.42915450654382,1008.3793987442355,0.18289659104124784,1703.0139538067986,0.1082957389129336,3,1913.3214200325408,1,3,0,0,0,4,1,23,0
1021.3559630592456,982.4541625594629,1.0395965552208937,2969.548827990645,0.3439431449761173,2,3145.9519410348958,2,4,0,0,0,2,1,22,0
268.0797833302511,946.5897150142279,0.28320589066005397,4709.684587899822,0.05692096324645707,2,1423.8076394226673,1,1,0,0,0,5,1,14,0
1371.633070866483,1423.6261252230242,0.9634784347973411,6875.551805348228,0.1994942529266585,2,2688.200394521204,1,1,0,0,0,3,1,4,0
352.9064297613077,697.9306042348998,0.5056468760933306,1729.7690248930512,0.20401939489182802,2,1156.5481544226568,1,3,0,0,0,4,1,18,0
370.3571777427518,1369.1377776374204,0.2705039505825622,4398.2885534082125,0.0842048385969956,2,4680.144667049051,0,1,0,1,0,6,1,5,0
790.6205141165278,1104.056022598124,0.7161054311863606,4232.613442731949,0.18679251597476856,5,7205.37857015866,1,2,0,0,0,4,1,4,0
5511.289818442887,1295.0461955631736,4.255670444285739,5083.714749685507,1.0841068175164295,4,8329.174888724583,1,1,0,0,0,3,1,6,1
862.2982032138215,2803.3529551252223,0.3075953035586643,9112.297051037454,0.09463016826428491,2,4808.351897644594,0,2,0,0,0,2,1,22,0
505.54240126411275,1649.035366373411,0.3065685621866988,6695.243400787449,0.07550769568805435,2,5381.450012389925,0,2,0,0,0,1,1,15,0
337.3185741593358,581.4950227901902,0.5800884976465982,1740.490651397461,0.19380659924171303,6,6069.639336916365,2,4,0,0,0,4,1,10,0
1786.5972872667182,796.0681767746763,2.244276733313517,2379.976456978693,0.7506785548352645,1,1250.0320448536843,1,2,0,0,0,5,1,14,0
429.68000988909836,804.0532550608777,0.5343924761010584,3047.9981183270484,0.1409712188815052,1,515.813113674206,3,3,0,0,0,5,1,19,1
891.9467948865885,1019.0949132868948,0.8752342723503402,4187.5404039324785,0.2130001644996595,3,3955.2393343930426,1,0,1,0,0,3,0,16,0
1748.4161843738025,2138.89166040571,0.8174402737360521,6374.646763450042,0.2742765598242399,6,14019.361753153913,4,1,0,0,1,2,1,11,0
447.4073052294644,596.2426770791405,0.7503778619491188,1814.9153454642135,0.24651690027725667,5,4768.21169116703,1,0,1,0,0,6,0,9,0
5594.674769284795,1783.1197446303865,3.1375765907659137,5450.553565162547,1.0264415719246216,4,11152.908722852233,1,1,0,0,0,3,1,20,0
1897.8902237654784,2886.4156522699845,0.6575249210116038,10314.38637056477,0.1840041816914755,4,19054.67906872091,3,2,0,0,0,5,1,21,0
604.1016829739884,709.5378361307064,0.8514016479632874,1503.541882934425,0.4017857366201055,1,633.5961040718744,3,0,1,0,0,2,0,22,0
1737.0294378730423,935.6830820928258,1.8564292452395947,1590.0493947844407,1.0924374070206337,2,2890.928415444887,0,2,0,0,0,2,1,12,0
4934.5664940325705,5760.564189632487,0.8566116671199504,12268.67073136214,0.4022087316614052,2,17278.32195255412,1,4,0,0,0,6,1,6,0
1080.9393031810596,1708.9091808172132,0.6325317432399458,3302.0573106065135,0.3273532835753585,5,5822.144126277902,0,4,0,0,0,2,1,0,0
623.4626280305979,879.4200571012206,0.7089474739587818,2172.05782688533,0.2870377668188631,2,2684.943585790702,1,0,1,0,0,5,0,23,0
547.6731149301485,978.5705026161911,0.5596664864370569,1817.89348464136,0.30126798932787596,2,1250.2671024432266,0,4,0,0,0,6,1,15,0
4313.831789560562,4133.773823847737,1.0435577690956557,13675.303676575057,0.31544687354547657,5,15466.00348729289,1,5,0,0,0,2,1,11,0
757.8577519582451,862.6463298950266,0.878526605509893,2326.1035325949238,0.32580568377057756,6,5181.553934420304,2,3,0,0,0,1,1,16,0
3413.3913399545395,1058.4345032093022,3.224943375905379,3980.1773121629362,0.857597808400051,3,2482.7673013970903,1,2,0,0,0,5,1,15,0
333.27173722894463,1114.100651507031,0.29913970230439396,3868.4423966717277,0.08615140231005636,2,2343.777901296483,2,4,0,0,0,4,1,15,0
2860.2223532201997,1055.9040327495927,2.708790064729775,2830.918879967341,1.0103512232230394,6,4959.637816090249,1,4,0,0,0,3,1,0,0
1703.6096325404899,556.5985508112011,3.060751110576205,1346.5554362490877,1.2651611561466778,2,1659.6915976952437,1,1,0,1,0,2,1,7,0
1450.147909629202,1561.2878249744867,0.9288152296024592,6287.672037677239,0.2306335160198509,3,3827.8240991881767,1,4,0,0,0,8,1,8,0
4161.598799419953,1079.3591988444282,3.8556198936140986,4389.570928532883,0.9480650540053753,1,1132.824401968715,0,2,0,0,0,4,1,3,0
959.7362974239924,564.4665409721774,1.7002536514760365,2719.9640009756836,0.3528488969264753,3,1992.8477088739694,0,3,0,0,0,7,1,14,0
6425.4342592988805,1489.715579688138,4.3131953152050695,4903.365223763887,1.310413148129038,4,8432.108927554436,0,2,0,0,0,3,1,0,0
699.8379753831538,633.813329552663,1.1041704911398598,1507.9002265632218,0.46411424513027066,6,3251.851609142927,2,1,0,0,0,8,1,16,0
909.6121731374078,803.3592254043599,1.1322608172944886,1652.8762232017295,0.5503208046488983,3,3435.6561347245133,0,3,0,0,0,5,1,11,0
610.9065163157353,391.6183893351377,1.5599536001179353,1122.6225003747343,0.5441780439210983,3,1189.0166655932126,3,4,0,0,0,1,1,3,0
8731.992935143035,1707.9634496718127,5.112517446916618,6572.922984441521,1.328479423205194,4,8384.349761210195,0,3,0,0,0,6,1,8,0
862.2175213167161,1734.3174328597613,0.49715092807144484,4730.577345419843,0.18226475509411494,3,6166.479928430535,2,3,0,0,0,6,1,23,0
3807.061484151174,1877.2305672918762,2.0280201859504685,5497.288289122355,0.6925344431516022,1,1160.111833583739,3,1,0,1,0,3,1,1,0
1887.8691972681352,2804.0937023299844,0.6732546760828507,6272.273894941417,0.3009864092176682,2,9192.107714166263,2,0,1,0,0,4,0,7,0
772.9023154787282,838.532606318155,0.9217319751850824,3500.958149141906,0.22076879601321958,1,1464.384830208934,4,1,0,0,1,2,1,22,0
1796.4047499904632,2351.0000139461367,0.7641023986959535,4245.661897556801,0.4231153571188083,1,4047.6862251316866,2,5,0,0,0,7,1,7,0
773.8692593116058,562.7733530853861,1.3750993274093264,876.4976632918205,0.882910807092425,1,1009.7418187306259,1,0,1,0,0,3,0,1,0
1243.711337986457,1160.368628110247,1.0718243391429327,5679.317557894346,0.2189895749459682,3,5895.222906687567,0,1,0,0,0,5,1,8,0
867.6580438936859,1128.3464396863396,0.7689642235543186,2514.000145729863,0.3451304668249285,4,3971.781190621125,3,1,0,0,0,6,1,2,0
1060.8730323953291,816.3504330414033,1.2995314137862706,1465.634656885125,0.7238318413198381,1,657.6619504894285,0,2,0,0,0,3,1,9,0
4754.581034461371,1120.6013704201212,4.242883473075573,4262.422850793807,1.1154644203298383,2,1989.6119788466847,0,5,0,0,0,4,1,18,0
983.3433742117306,1324.239257255754,0.7425722873142514,4459.179911374276,0.2205211258024065,1,962.9600479934277,2,2,0,0,0,5,1,3,0
284.14756911983886,471.9118516661031,0.6021200105838513,2281.785388867411,0.12452861277233379,6,2398.6808109391845,0,1,0,0,0,3,1,10,0
3689.686799514361,1610.7831356023892,2.290616730435608,3604.879111139109,1.0235258064863244,4,11257.148900919088,1,1,0,1,0,2,1,15,1
1894.7887821959407,863.5457984488252,2.194196052600247,4049.509833372573,0.4679057120890837,5,5690.007960663047,0,1,0,1,0,2,1,6,1
4838.433052764426,697.0819934849001,6.940981258999103,3459.154180120419,1.3987329852397594,6,7213.855122199545,0,1,0,0,0,1,1,19,1
232.15755522417805,875.4858019703096,0.2651756941137136,4018.6227465373695,0.05777042779748751,3,1671.8340935581944,3,1,0,0,0,4,1,18,0
872.516242030215,1115.3298557199134,0.7822943477712527,3739.8388736666498,0.2333031639875902,0,1342.8080975116063,0,2,0,0,0,3,1,23,0
3116.544962564295,3381.9285570357883,0.9215289175995787,12124.025359792764,0.25705529888610906,5,11455.222384441633,1,1,0,0,0,4,1,6,0
2055.116774981615,2257.8702945155237,0.9102014318420297,3801.415624114404,0.540618805779856,4,13716.404985158488,0,3,0,0,0,5,1,14,0
606.9443386742114,795.4674509244394,0.7630033610663278,2671.1293183257117,0.22722386913661285,3,2385.2345526144613,2,1,0,0,0,3,1,13,0
460.54584950690315,1893.6088552194276,0.24321065474397352,5973.824967199957,0.0770939644257387,3,7766.890830033419,1,1,0,0,0,3,1,5,0
3306.182919854931,460.52003152983116,7.1792380211386435,3247.579890139492,1.0180451387488183,0,691.023330798228,0,2,0,0,0,6,1,9,0
1289.2883276926152,1046.3402385734912,1.2321884222385855,2445.1944876281996,0.5272743473846143,4,5104.596897400712,1,0,1,0,0,3,0,17,1
8711.525116650319,1401.2608592341967,6.216918897892613,5950.937477706097,1.463891218700611,4,5397.232974408958,3,0,1,0,0,1,0,17,0
2792.19666947491,1735.1653216190534,1.6091819232933715,3601.3986635142737,0.7753089647537832,2,6108.470896086959,1,0,1,0,0,4,0,3,0
655.6506117477676,932.1927175692729,0.7033423447647187,3746.1346453622946,0.17502056754939693,4,5292.04764774522,0,3,0,0,0,3,1,15,1
3529.201070660256,1049.2264608600312,3.363621870313332,3234.501700421816,1.0911112120299729,3,1927.3447023233907,1,1,0,0,0,1,1,16,0
1138.2211327834084,1136.4825409104337,1.0015298007759819,2924.359256728225,0.3892206917343155,4,2839.2401789634255,2,3,0,0,0,4,1,2,0
1861.623582398931,2121.647469157686,0.8774424636803649,7210.72411985889,0.2581742903284673,3,4313.08766408222,1,3,0,0,0,3,1,3,0
4256.712518152689,1221.741755751376,3.484134431940401,5650.136335614989,0.7533822664279777,7,11425.767527753622,0,2,0,0,0,5,1,20,0
461.3424061055652,452.2396481934474,1.020128173079208,1886.0350983948017,0.2446096610281602,0,539.3294946482905,0,3,0,0,0,5,1,6,0
328.39858914536484,527.5508703931797,0.6224965355485279,1631.1086571950073,0.20133458779509325,1,812.5891767258039,1,1,0,0,0,3,1,6,0
248.6841848004893,1367.8131499180543,0.18181151776131702,5151.0866364078265,0.04827800469182407,2,2183.103073735013,1,0,1,0,0,3,0,16,0
519.6391120768836,461.5013708254423,1.1259752298188326,950.0848957540162,0.5469396623387874,0,657.8175169402034,0,1,0,0,0,2,1,19,0
3365.9427306896237,1729.8212318310268,1.9458327073062642,4815.138691072862,0.6990333916923289,4,7894.883471657331,1,1,0,0,0,7,1,10,0
2434.817704065689,3135.941331479583,0.7764232320369676,14163.797038536304,0.17190430627049602,6,17072.53514379861,2,1,0,0,0,4,1,5,0
712.7476737611229,958.7606804668667,0.7434051982753942,4127.171936609273,0.1726963850085415,7,9908.681776938878,1,3,0,0,0,6,1,5,0
333.54798104012997,885.3623077532171,0.37673614306732156,3310.807059411837,0.1007452186293769,3,1801.944039421711,2,4,0,0,0,7,1,15,0
402.7978873690743,811.2875389459141,0.4964921412356705,1982.9717483311636,0.20312840448083155,2,1482.0501421225376,0,2,0,0,0,8,1,23,0
3832.8933530952063,1090.7633534758008,3.513955012222769,4229.258181438408,0.9062802951868039,2,2338.4011392751668,1,0,1,0,0,2,0,15,0
1023.5714682895798,720.5891202896427,1.4204647828684294,2906.8342292437897,0.3521258481106647,3,3724.004276063757,1,0,1,0,0,3,0,11,1
3601.9985034767897,912.4042203254139,3.947809998283565,1916.0526913293713,1.8799057665672527,1,974.1813637607668,2,0,1,0,0,4,0,11,0
9347.52989950946,2718.448548916679,3.4385531788837853,9426.57920640905,0.9916142107153946,6,26258.279045731546,1,1,0,0,0,5,1,9,0
376.0764015489954,700.7307103619949,0.5366917647361505,2251.2468083291824,0.16705249737948977,3,1697.489737148863,0,2,0,0,0,8,1,13,1
22935.544131038412,1955.4526385004392,11.729020524182468,22611.650329643908,1.0143241999886172,2,5697.721031606873,0,2,0,0,0,5,1,1,0
949.385124405982,617.7870220816233,1.5367514863084115,1322.7637395841382,0.7177284166441226,5,2239.8477866614535,4,5,0,0,1,6,1,4,0
523.9000278070073,514.0865911692032,1.0190890733319558,2144.3639493786864,0.24431488318893044,5,3502.8116347237246,0,6,0,0,0,5,1,0,0
4531.642749375852,2078.884335932894,2.1798436166205897,9179.531816708584,0.49366817827542747,3,6724.829006783783,2,1,0,0,0,4,1,21,0
918.5014592189173,2802.2700478527904,0.3277705016055498,7161.974810411521,0.1282469547203198,5,24408.887231368215,1,1,0,0,0,3,1,11,0
4040.260542536842,4039.3800352525122,1.000217980798203,13950.325430666338,0.28961765534553974,0,3210.4543103230685,2,5,0,0,0,2,1,12,0
3057.198058737698,1103.9862542458193,2.769235619537856,2305.0379584698085,1.3263113726626907,4,7741.593445528469,2,2,0,0,0,3,1,6,0
2490.1987078424727,1290.6163127734987,1.9294647705878631,4381.682004773551,0.5683202717882235,3,6869.566085774534,1,3,0,0,0,6,1,14,0
708.4806797823717,1263.3777379673534,0.5607829380643079,5948.805209136223,0.11909629831117706,4,4253.986376830369,1,2,0,1,0,3,1,7,0
1048.3835647453645,1458.6560601749065,0.7187325328903467,3584.8342790655583,0.29244965963074915,3,3712.288152369701,3,4,0,0,0,4,1,23,0
2465.972031704224,1543.0403304196102,1.5981254560168456,5578.435258859013,0.4420544323406923,2,3453.744077497404,1,1,0,0,0,5,1,1,0
2090.69165973818,4861.576364273766,0.4300439822568729,11123.533774602769,0.1879521114514565,3,11632.328036363986,1,2,0,0,0,11,1,22,0
191.26529123601836,528.7081117463983,0.36175970632310106,1497.5691328319945,0.12771716980726228,4,1665.2934291913095,3,1,0,0,0,2,1,19,0
1542.8358704557997,1807.4826683231827,0.8535826636097716,6707.518532761086,0.23001589379443818,2,6061.219332284689,0,7,0,1,0,9,1,1,0
2632.124830695612,900.6251797857011,2.922553010700758,2763.248149584903,0.9525473964728836,1,1044.2109781997588,0,2,0,0,0,2,1,11,0
369.0066908946689,822.7105793892277,0.44852552056473594,2809.4260467201225,0.13134593499105182,0,1342.4329288237584,1,1,0,0,0,5,1,15,0
470.5175766502831,1826.000482598301,0.25767658942825783,3876.7911277535623,0.1213677913369886,4,12958.9035462574,1,4,0,0,0,2,1,10,0
1407.2865443654982,659.2437516333572,2.1346983431830386,2745.0765608357588,0.5126583951950103,2,1301.781330399524,0,2,0,0,0,3,1,4,0
848.237238602367,1458.5525038975047,0.581560990321384,4902.992096112392,0.1730039987775911,4,6250.05501233823,0,0,1,0,0,1,0,18,1
174.42593627545705,1376.7410090436217,0.12669480688791657,2701.7074683546803,0.06456137028842769,2,4447.703164045702,0,3,0,1,0,1,1,7,0
267.92241118537,803.4183724180826,0.3334780736703748,3197.080742055532,0.08380220357309834,2,2445.736923218861,0,2,0,0,0,4,1,21,0
276.83883731773585,736.9217526792671,0.37566924345931924,1547.9926306689597,0.1788373095795042,1,1204.6200879942878,1,2,0,0,0,6,1,9,0
7353.845753487408,2131.3559045843244,3.4503133604622542,6954.318082260603,1.0574503015969228,2,3734.420622457204,1,3,0,0,0,3,1,2,0
1378.3074839244123,569.504518798112,2.4201870897059887,1469.9521517166736,0.9376546592450409,1,696.5370466784168,1,1,0,0,0,3,1,23,0
2783.9547709788717,1487.3280466947922,1.871782608527757,3072.704510326394,0.9060274951993837,2,4409.200710926313,1,1,0,0,0,5,1,14,0
855.2369622046314,1098.7862560514445,0.7783469783085726,4551.314791839925,0.18790986809745394,1,1335.756570654109,1,1,0,0,0,6,1,10,0
1919.4415824855223,1448.6741922636077,1.3249642968280693,5789.323445298891,0.33154851350448694,0,1185.3583988473847,1,3,0,0,0,5,1,10,0
3320.542181962816,1338.9838581525835,2.479897096402804,6667.26255043147,0.49803681148688644,4,6489.413846405253,4,1,0,0,1,2,1,8,0
2048.249652588247,1332.7612812969514,1.5368466066143756,2203.159509279231,0.9296874075442395,3,3520.1048913460877,1,1,0,0,0,2,1,0,0
367.1344286639338,1012.8664684385108,0.3624707107047664,1780.353495829858,0.2062143442433634,3,4958.500299616439,1,0,1,0,0,3,0,13,0
3246.8872764555394,2535.447359125435,1.2805973923179794,12118.52005058448,0.26792770593294857,4,17044.056510680726,1,2,0,0,0,4,1,1,0
5184.784574972209,4307.141351862387,1.2037646669595214,20971.37099896691,0.24723155082362622,6,29705.145171177588,0,3,0,1,0,6,1,16,0
592.7220253536926,701.6885386052277,0.8447081471957176,2674.9527933174736,0.221582237576088,4,2637.2638628745176,1,2,0,0,0,3,1,1,0
1891.5847558637988,1099.3172156315936,1.7206905604375726,2215.427871953425,0.8538236698249708,1,1163.1938030352296,0,0,1,0,0,5,0,10,0
894.7559148322905,1091.930147498937,0.8194259650049286,4838.412433978362,0.18492758255760797,7,12519.535556839817,1,0,1,0,0,3,0,18,1
3811.658827615712,1197.937578467464,3.1818509546148586,4738.849564603607,0.8043426522940379,2,1448.5104294358289,1,1,0,1,0,3,1,2,0
514.3450816525703,885.2297727422014,0.5810300302702981,3316.3033703328347,0.15509590776701138,10,7389.975290242229,0,2,0,0,0,6,1,3,0
394.3792831573818,1406.0445805423387,0.2804884628944425,2109.5634939524366,0.18694828777989542,1,1185.7088000834974,3,0,1,0,0,2,0,2,0
6162.60587617056,615.2631052400038,10.016212289808326,4821.46734567694,1.2781598286040705,5,4551.992970060688,1,1,0,0,0,2,1,20,0
3586.1546018877557,577.5302610515964,6.2094661418397425,1749.9660764679418,2.0492709259404043,1,986.494502429037,3,3,0,0,0,4,1,21,0
1556.9582420610775,971.0735849628935,1.603337034567336,4160.787612626663,0.3741979613033374,2,1933.0901863532804,1,2,0,0,0,4,1,14,0
440.53001699465284,587.4834894153047,0.7498594001902796,1642.862327921852,0.26814785968822097,5,1919.5258293621791,1,3,0,0,0,6,1,4,0
439.75283984571854,756.9407959673428,0.5809606803973757,3515.003920624291,0.12510735401046585,2,1607.6548159602778,0,0,1,1,0,5,0,20,0
906.0023024499046,1360.4360849263278,0.6659646215566002,6456.0812351902905,0.14033316333003057,1,1086.5725024665996,0,1,0,0,0,2,1,22,0
104.4005582492692,1045.9146233140802,0.0998174764193143,1718.7212269402246,0.06074315986376082,3,2907.4828740106745,0,5,0,0,0,2,1,0,0
1926.3649029501862,573.8016492372705,3.357196525159555,2721.9468013088253,0.7077158532355995,2,698.042419557755,0,2,0,0,0,4,1,19,0
294.9468458378855,707.1485644538976,0.4170931833336339,1958.9897856331884,0.1505606859213675,8,7692.287407020352,2,4,0,1,0,5,1,7,1
320.7425594757114,2126.33888040336,0.15084263493073483,10534.189466600048,0.03044776824004024,8,21360.008638422525,1,2,0,0,0,4,1,7,0
3685.3606282000083,3767.563694955714,0.9781813730539539,14175.756236907315,0.2599762980266958,0,5442.543896620452,3,2,0,0,0,6,1,17,0
8855.533678585556,2365.0239682654815,3.7443737557891397,9968.729751328096,0.888331201616311,0,2960.482558045248,1,3,0,0,0,8,1,18,0
652.0087904738836,321.36197130297256,2.0288921798378716,1481.7469331499628,0.4400270895704266,1,460.4416549676755,1,1,0,0,0,7,1,22,0
234.69042521346083,732.0782633737193,0.3205810593691313,3361.40607695756,0.06981912325983576,2,2627.5500894759175,0,3,0,0,0,9,1,4,0
950.2275469669698,555.3368452340455,1.7110832013433188,2759.6353531312543,0.34433083555361127,4,3639.047220110661,2,3,0,0,0,3,1,0,0
1768.0701008735523,1560.5971547590289,1.132944588218578,3653.8257993791394,0.48389556534796596,3,8017.824638913032,1,3,0,0,0,4,1,1,0
1375.3195714660262,868.2631797847063,1.5839892828428463,1307.8313090188096,1.0516031861156843,3,2020.3199575911146,2,2,0,0,0,7,1,2,0
2090.4790871826626,4807.266162996037,0.43485819513679924,9298.455484655455,0.22482003496520728,4,24045.385178593704,3,3,0,0,0,3,1,7,0
916.0236272458385,667.1776603026966,1.3729830624578185,2929.181418504099,0.312723418720047,1,1045.1120162005252,1,0,1,0,0,5,0,5,0
67.84864636543689,806.9327106678351,0.08408216133571271,1999.885918369532,0.033926258364153375,1,1218.2618398515554,1,1,0,0,0,1,1,6,0
515.5214458803132,755.8596066104843,0.6820333318141921,3546.4979049230774,0.14536070785906605,2,1627.7444513146352,1,1,0,1,0,5,1,14,0
3743.7568282468847,401.73148174301934,9.319052646816713,3996.3275803445167,0.9367992870905096,1,257.3856955785495,0,1,0,0,0,8,1,0,1
3171.0448023645654,1704.9207354599637,1.859936791436267,4328.681246060698,0.7325660223307882,2,6084.892776990861,0,1,0,0,0,1,1,23,0
1281.6677255385591,1191.8252351222563,1.0753822689507717,3523.594563551326,0.36373870558104293,2,4045.263028661306,2,0,1,1,0,5,0,14,0
955.9186894260563,1297.5422661915763,0.7367148757564397,5325.2090571985555,0.17950819942624724,4,7413.878976833821,1,1,0,0,0,5,1,12,0
7091.755485025303,1292.298012918481,5.487709037801218,5488.361202432943,1.292144453226145,5,7092.48752359967,0,1,0,0,0,2,1,5,0
570.760698645329,2549.496299468407,0.22387194629948579,5605.2194444469815,0.1018266464501714,3,5711.684304972378,0,1,0,0,0,2,1,16,0
550.0525053775276,679.4070399336669,0.8096067203413603,1259.9797409657729,0.4365566266612454,3,1306.5064657226376,1,0,1,0,0,5,0,3,0
1277.676575571044,1219.0213102220205,1.0481166857848783,2825.298378300448,0.452227129489816,2,3016.4157526586614,1,1,0,0,0,4,1,11,0
1097.6182690164271,2448.171559829611,0.44834205536348104,12031.479058460736,0.09122887250047314,3,12266.951910226784,1,3,0,0,0,2,1,6,0
3002.231653882452,1294.5808358733102,2.3190762374117635,3424.829031054455,0.8766077449881079,5,3997.084219097515,1,3,0,1,0,2,1,16,0
2959.267042065407,4265.066001926631,0.6938385105244882,17658.901886613563,0.16757933540073053,4,28856.856341958297,0,2,0,0,0,6,1,3,0
965.9526473773474,649.9210620611866,1.4862614919939432,1489.144711295271,0.6486627122606193,2,894.306805447085,1,1,0,1,0,4,1,12,0
48.65201375011474,820.7961902473211,0.0592741710161386,3051.0377043312055,0.015946054577119482,5,5919.272614533754,2,4,0,0,0,6,1,3,0
3243.766893524593,940.9407359592242,3.447365779331252,4669.837655649092,0.6946209124851729,1,1358.4183234030895,1,2,0,0,0,4,1,2,0
300.415797400026,859.903968987598,0.3493597055421415,2022.526096326314,0.14853494248884933,4,3458.8324932274686,1,2,0,0,0,6,1,9,0
926.7990385711772,1185.4141844990525,0.7818356239450904,2751.3784684988495,0.33684898285797743,2,2941.704085499333,3,2,0,0,0,2,1,20,0
23.287562915014938,591.552965341953,0.03936682643717851,2409.931536973598,0.009663163686491921,6,3379.9826108829643,0,3,0,0,0,6,1,15,0
1088.9349001500234,966.3385163162875,1.1268669123332444,1542.4174734545657,0.7059923262611428,4,6375.338402745911,0,2,0,0,0,4,1,23,0
3068.7266097500246,1685.1332799968216,1.8210586938000612,3712.416458145679,0.8266116273180267,4,8525.82964774701,2,1,0,0,0,8,1,4,0
828.4074096203402,1206.4464749677493,0.6866507771449083,5413.621687921711,0.15302277428594493,5,8704.329681344323,1,2,0,0,0,6,1,0,0
1627.2468863004574,1588.8666257607338,1.0241557471958023,3889.5785825694584,0.41836071742905806,5,10733.943685405671,1,1,0,0,0,1,1,22,0
3092.9028821248753,853.6089700947932,3.623325188090993,1425.8321984604977,2.1691913574853694,5,4138.296813348424,1,0,1,1,0,1,0,19,1
809.174967650059,712.8651730680684,1.1351023983504303,1880.1044979847993,0.430388294117363,2,1801.9981955786916,0,1,0,0,0,4,1,21,0
4837.812682591292,3141.5156314108563,1.5399613594851438,12983.862560823802,0.37260196339326795,5,14182.213982712228,3,3,0,0,0,6,1,5,0
584.0542844914916,438.0634095250908,1.333264253055673,1517.720232916152,0.3848234159528123,2,1087.547787794913,3,2,0,0,0,3,1,16,0
411.72374027286355,1195.079172421071,0.3445158695542875,2335.0000873118793,0.17632707703529554,0,1607.7224820044037,0,1,0,0,0,5,1,21,0
5927.715390301457,1257.4043288561734,4.714247640370173,5358.224231630709,1.1062835622497698,0,1148.546431559693,0,1,0,0,0,1,1,3,0
3220.4798514862155,2831.6803714549947,1.1373034484931803,6528.057011635642,0.4933290021435192,3,8922.074565927256,1,6,0,1,0,8,1,6,0
2286.171827532413,1224.9274643026467,1.8663732295641966,4061.3621367492815,0.5629076527911562,4,3246.413996294435,0,3,0,0,0,5,1,8,0
569.9307077597529,1338.9227152137105,0.4256636333701935,6317.303951785853,0.09021739528594913,3,2875.7229966084296,0,4,0,1,0,4,1,0,0
8685.070900831563,2962.8751147329845,2.93129833844322,14748.614659442272,0.5888736739942729,1,3020.4607840277727,1,1,0,0,0,4,1,1,0
5432.926749989622,1153.001302584529,4.711986654144584,6200.409214769873,0.8762206754108993,3,2567.044876570121,1,5,0,0,0,4,1,13,1
774.845896481098,1170.659372448389,0.6618884320385507,4648.430273831596,0.1666897965197206,4,3304.362932609149,2,4,0,0,0,3,1,19,0
296.35034126785763,1212.1052514746198,0.24449225090587184,4295.541764461362,0.06899021299703703,1,1547.348848004557,1,3,0,0,0,4,1,3,1
2637.288500570776,1193.4995323030862,2.20971054381699,2696.79723252059,0.9779335534640127,5,9293.858514676916,1,1,0,0,0,4,1,2,0
4159.60269950247,1017.4763687985866,4.088156567620373,4585.599419154452,0.9071011920769712,5,4529.358609521532,1,2,0,1,0,13,1,15,0
361.9764579403208,577.1826381520975,0.6271437046325946,1860.8451301584992,0.19452261344794938,2,1004.1345548024877,2,5,0,0,0,3,1,17,0
740.5211672891749,1737.064056412459,0.4263061943832778,4414.617803316646,0.16774298484748346,3,6404.524031712154,2,1,0,0,0,7,1,20,1
2824.6799740316033,857.6489834126351,3.293515212706296,2428.974676064895,1.1629104254836358,2,1366.8427408008783,0,2,0,0,0,3,1,8,0
2275.5569128077914,1431.9239868647946,1.589160411922518,4962.578040832569,0.4585433002935753,5,10706.116965432266,0,4,0,0,0,4,1,11,0
156.29364990973724,738.3851621850484,0.21166954309757394,1437.2767340084229,0.1087429067844504,5,3951.4102863531066,2,0,1,0,0,5,0,3,0
2025.0439722125861,433.92330318882375,4.666824660788911,1832.163648867512,1.105274615323962,3,1994.5149516544031,2,5,0,0,0,2,1,18,1
13885.620601487506,2960.4112534165456,4.690436366049621,10282.55809649126,1.3504052660033816,4,17942.744217611067,1,2,0,0,0,6,1,4,0
2331.3410952638437,942.1701192587271,2.474437522066691,2722.7602355311165,0.8562417890641332,4,5554.431312162185,0,2,0,0,0,6,1,21,1
1056.1610180779192,641.3975891059629,1.6466557343161992,2499.8573488742236,0.4224885146160627,4,1889.529023702485,1,1,0,1,0,3,1,12,0
200.79160744387028,340.9794050985353,0.588867258378394,840.2765267577915,0.23895896297213615,6,1900.141776917193,1,0,1,0,0,8,0,7,0
3726.700965453626,2183.9676299300454,1.706390202117142,4108.022166264242,0.9071764500342553,3,6766.342774702596,2,1,0,0,0,1,1,21,0
36121.76367256064,4963.787556670867,7.277056735439123,37598.99591441957,0.9607108592681223,3,11487.037245830033,1,2,0,0,0,4,1,14,0
311.9688048525537,856.501617380432,0.3642360954398369,2942.8176079778286,0.10601024134381355,3,4570.958067207694,0,0,1,0,0,3,0,18,0
604.9268012789884,747.376383631521,0.8094004768248544,1881.437419449098,0.3215237429773861,5,4218.495695537887,1,3,0,0,0,6,1,4,0
953.5861002186639,1119.178370601282,0.85204121636692,5152.841841719798,0.18506023074451625,3,3426.5601744486926,0,2,0,0,0,7,1,4,0
485.5774809652966,1450.897779541485,0.33467380528954255,7246.247100567252,0.06701089187633202,1,1612.364182949892,3,0,1,0,0,3,0,1,0
1960.164786590648,1199.4771293162398,1.6341827106849773,2207.0078719190906,0.8881548686485646,5,7228.098390800929,0,0,1,0,0,5,0,20,1
7039.343647393334,1383.1885015948656,5.089214983551932,8320.089902038126,0.8460658154269398,4,5666.449032041912,1,5,0,0,0,6,1,5,1
1855.5387220254456,1305.305217067034,1.4215362796103452,6011.114284742495,0.30868465215096696,2,1759.2190962155637,1,2,0,0,0,7,1,7,0
2744.314091124634,1541.3184600190498,1.780497776618283,4024.1229960103115,0.6819657584635125,4,7008.79225372057,0,3,0,0,0,3,1,18,0
406.1332243282853,631.1051334564245,0.6435270492952302,1291.3414167564003,0.3145049164057739,2,2172.51252029128,2,0,1,0,0,5,0,6,0
615.1559253912391,1208.0188626095915,0.5092270861254306,2834.7076925232127,0.21700859210766815,0,1480.221506331281,2,3,0,0,0,3,1,18,0
394.7689460241486,1292.008051606154,0.3055468156977763,4158.269811440307,0.09493586609941786,3,5053.366458162306,0,3,0,0,0,4,1,14,0
5912.066902242674,1449.6658566459,4.078227320550583,4963.1843337857645,1.191184228640795,4,4534.567008569253,0,3,0,0,0,5,1,3,0
820.7517879768318,844.9912803749324,0.9713139141656641,3777.377734264287,0.21728083493791445,4,4342.280393508189,3,3,0,0,0,3,1,16,0
292.0768887283251,678.7539608148013,0.43031334708928287,2032.0509921686878,0.1437350193740014,3,2695.4565250848236,1,1,0,0,0,5,1,5,0
482.5466137247476,364.8257089542113,1.3226771082224122,844.2866114478269,0.5715436051949839,2,751.4702954769929,1,4,0,0,0,4,1,15,0
781.6644469997245,696.6845100909673,1.1219776465213234,2910.708809045661,0.2685477999621715,7,2999.177360778979,1,3,0,0,0,1,1,3,0
983.8261232943902,1409.9870442412484,0.6977554349258671,2200.9180032371473,0.44700716784876227,1,1306.551250371116,1,1,0,0,0,5,1,16,0
351.0276537908498,671.422757803083,0.522811670756326,2344.056672036179,0.14975220436369718,5,5161.314897437104,1,1,0,0,0,5,1,13,0
5045.819148924542,819.4894511140801,6.157271630604699,4159.090043847212,1.2132026707113786,3,3309.854430249384,3,1,0,0,0,4,1,4,1
2638.9110441584935,1486.6762790805403,1.775040794886814,5761.048621489259,0.45806088744245355,4,7446.734844295019,1,1,0,0,0,1,1,3,1
1666.059432414026,1504.9682766503201,1.107039569048096,5843.315553137836,0.28512227643077726,4,5569.435515270014,2,2,0,0,0,1,1,4,0
12608.303098755756,1376.610542949937,9.158947069907978,5067.934485343087,2.487858344503087,1,1566.7568559275812,1,3,0,0,0,3,1,13,1
1559.90667483691,508.3869930247881,3.0683449738865596,1769.2397806036765,0.8816818906845173,1,833.2018321250882,0,3,0,0,0,4,1,16,0
415.72148788883516,1187.225385089918,0.3501622296067644,5776.569364443102,0.07196684773626247,4,4345.595967291918,2,1,0,0,0,4,1,16,0
3690.0265143826186,1680.250654824681,2.1961166947247164,5524.525542577466,0.6679354608723626,1,2364.810566635595,1,0,1,0,0,3,0,7,0
818.8973736914843,472.64198978037234,1.7325954769105685,1379.342148376111,0.5936869069473197,3,1101.4301994423158,1,1,0,0,0,8,1,23,0
430.09867917888005,777.4766878311638,0.5531981677530117,2636.940055916693,0.16310521667484879,1,875.0554106282491,3,1,0,0,0,2,1,4,0
639.7147874766773,1255.3092534561595,0.509607322431021,2758.647874168414,0.23189432528409135,3,2915.9538636157117,0,1,0,0,0,3,1,1,0
1373.097890669634,729.6864567624447,1.8817642535972914,2107.129773631179,0.6516437230647636,4,4924.020584225426,0,2,0,0,0,5,1,7,0
13976.310797414306,1147.9791166961397,12.17470822782721,12818.525407240188,1.0903212618762042,6,10803.03093269049,1,2,0,0,0,4,1,5,1
1489.083643648467,3304.0114703032496,0.4506896108056778,11835.280864006269,0.12581734736664363,2,4106.651871580504,1,1,0,1,0,4,1,5,0
273.5300263126291,323.9709291985596,0.8443042312138581,1163.841342503277,0.2350234661060418,4,932.5619513540122,0,4,0,0,0,6,1,7,0
5237.323608012021,2800.7259480400253,1.8699878907028196,5983.009331058411,0.8753661106334134,1,4616.1179473282355,3,4,0,0,0,4,1,4,0
1011.5307601733583,829.6021673868297,1.21929618790605,3338.5592979051557,0.3029842126237096,2,2871.4039990471656,0,1,0,0,0,2,1,13,0
522.9768794586867,521.1532823518169,1.0034991569057004,1297.499152142123,0.4030652957231388,5,2826.2269266214407,0,2,0,0,0,4,1,12,0
928.4009679855852,612.3644924811366,1.5160920977373356,963.0490068708496,0.9640225589372204,1,865.5834365830394,0,3,0,0,0,3,1,13,0
850.8679869293521,1076.3834220897854,0.7904878219671966,4067.6982697979597,0.20917677037328883,1,1257.2523387461808,0,0,1,0,0,2,0,4,0
495.68257417868136,707.5056665035618,0.7006058009800915,2608.169334618289,0.19004999698427383,2,1148.5350007573618,1,1,0,0,0,5,1,2,0
2868.85894145,1381.201100623388,2.0770754817348296,3910.0051681953764,0.7337225446108792,4,4484.292847237906,3,1,0,0,0,3,1,9,0
1132.4765255137618,1000.3010582516058,1.1321356867233363,4589.544924598882,0.24675137603380976,7,12346.50970436734,1,2,0,0,0,4,1,19,0
193.4924950515865,640.5464137469919,0.302074121248634,3112.1907667750042,0.062172440429187556,3,2601.9943933809036,0,0,1,1,0,3,0,13,1
755.4657883151636,532.988408914549,1.4174150425779393,1337.9688806600398,0.5646362925440248,3,1696.7965258631739,0,1,0,0,0,2,1,5,0
1047.6388011055576,1478.1637196561474,0.7087434139902046,3832.3112792858888,0.27336996521346624,4,8429.454205626342,1,1,0,0,0,3,1,7,0
1717.9634385972656,722.645257260645,2.3773261103374645,2052.285458118836,0.8370977009075452,1,666.4315122312046,1,4,0,0,0,5,1,13,0
1005.8216141038761,1266.0989314633443,0.7944257665089075,3600.965521436309,0.2793199790768022,5,5984.107569255056,1,2,0,0,0,2,1,11,0
2018.4404450746933,1223.8340933991672,1.6492762017019218,2243.531685663525,0.8996710222426563,2,3656.293670175274,1,1,0,0,0,4,1,8,0
619.6221479803221,909.1641392983901,0.6815294633799458,3683.4201660902913,0.16821924191125073,2,1468.3159934145597,2,0,1,0,0,3,0,23,0
23206.868823959212,4116.074976046881,5.638106438539008,20736.159291618602,1.1191498144663294,2,5232.487789839475,2,1,0,0,0,3,1,4,0
1895.937992974134,1179.4366822859827,1.6074945111079888,3578.8639473446797,0.5297597284693697,2,2139.8413778951785,2,0,1,0,0,8,0,8,0
257.9122636982797,871.7672521868498,0.29584991068579414,1330.4408891845255,0.19385473326542396,1,1438.9242276756409,0,2,0,1,0,4,1,3,0
523.7796466543991,849.5776243572019,0.6165177043718584,3772.784872775929,0.1388310397536698,4,3394.012070662548,0,1,0,0,0,4,1,20,0
1803.0196865547348,1897.5535193007586,0.9501812034366972,7127.579293008901,0.25296382017429536,2,6376.392012532606,1,4,0,0,0,1,1,14,0
1890.7863779481265,1601.1234316711793,1.1809123147830085,4038.4039728182825,0.4682013960650407,3,7483.6157711694295,2,5,0,0,0,3,1,23,0
1635.7257800760815,1950.7360157505498,0.8385172400924441,3332.083931686342,0.4909017340533356,4,11403.076514203029,1,3,0,0,0,7,1,23,0
1045.413604526455,711.2169162375131,1.469894178075674,1230.6033517080634,0.8495130482745986,3,3124.7132210305404,2,1,0,0,0,5,1,1,0
509.2090686557652,858.1830596188324,0.5933571665722855,1450.4632896396008,0.35106649874764445,4,2458.1414208126293,0,1,0,0,0,5,1,3,0
738.5408769340596,945.8211465719146,0.7808462304008186,4508.852692592167,0.16379796087537912,1,1331.2580922034058,3,1,0,0,0,8,1,5,0
1191.674772000554,2321.694580517777,0.5132780090888571,6415.2547494273085,0.1857564225500063,2,7402.92438619306,1,0,1,0,0,6,0,15,0
884.2194525431173,1109.4592213852193,0.7969823815958932,4758.276352483584,0.18582767940361403,6,9813.509547010477,0,0,1,0,0,3,0,3,1
103.97319298865617,503.68316898397285,0.20642578388789598,1731.413941313053,0.060051031418752454,4,2317.821085840376,0,3,0,0,0,3,1,19,0
6162.153150839898,1607.527069624813,3.8333122143181746,6209.227475082968,0.9924186503986245,5,11128.766915726941,3,2,0,0,0,3,1,21,0
1628.1763719523717,1061.7510082730976,1.5334822941214306,3152.1895311906546,0.5165223587737036,4,6184.856184187164,3,2,0,0,0,3,1,13,0
226.3227863045773,355.477756141362,0.6366721472568766,1281.2398326813968,0.17664357642622286,3,915.4347546013652,1,0,1,0,0,3,0,8,0
2340.965865239393,1418.0492127114844,1.6508354183020058,3650.6302371641837,0.6412497878880935,4,3539.6802327513715,0,2,0,0,0,6,1,8,0
3098.834166507308,1660.4263613159155,1.8662882249420747,2907.0289017268874,1.0659798272616006,2,2152.3942021040616,1,1,0,0,0,1,1,21,0
491.1971546551892,926.1893892229584,0.5303420233169449,2944.680719429874,0.16680828974568454,4,4629.718677007512,1,1,0,0,0,1,1,2,1
1719.0579310240678,2335.2929337651785,0.7361208977977941,7573.037976379554,0.22699713594278037,4,13333.03868514543,0,4,0,0,0,2,1,15,0
3506.3694546383804,1190.9352196675002,2.9442150981287893,3826.0099929110597,0.9164559060575068,3,2660.516277037309,0,2,0,0,0,4,1,18,0
1833.6604058413018,1241.3710508950744,1.477125154899629,2382.855692476511,0.7695222214382489,1,2018.5095546894158,1,2,0,0,0,4,1,22,0
4782.592301641709,1035.2474309693912,4.6197577106405925,5336.001054166561,0.896287735533199,3,4511.637945113425,1,2,0,0,0,3,1,18,0
819.3164970403798,1642.3210798691714,0.4988771727302235,5993.073696070107,0.1367105659951483,3,3362.8903646556896,3,3,0,0,0,3,1,21,0
1704.3064796527751,1900.7177246739238,0.8966646954087599,4202.573600271557,0.40553875833195363,5,15357.924987209175,0,0,1,0,0,3,0,18,0
370.9868922476138,799.3605138374447,0.46410460089733235,1912.8436944235693,0.19394522057873098,2,1086.1475690151924,0,3,0,0,0,2,1,3,0
794.4983582479483,1505.705846814976,0.5276584134467918,6223.575146152059,0.12765947861000354,1,1038.6826314617017,1,0,1,1,0,7,0,7,0
3145.3640380155357,800.7850012720376,3.9278508376395185,2999.4625439681636,1.048642545758998,0,1257.7891177732977,1,1,0,0,0,3,1,19,0
1834.902383029803,837.1886841611337,2.1917429341133325,3177.564789857335,0.5774555372991107,2,1024.6688784871094,2,2,0,0,0,3,1,23,1
7384.0212263552085,3504.732641928951,2.106871473737054,16955.442239558666,0.4354956433473367,2,12441.91762202526,1,1,0,0,0,1,1,14,0
684.5928059224922,1101.0950159905979,0.6217381751624765,3694.580313895399,0.18529650129616168,1,1882.1602933313602,2,1,0,0,0,5,1,16,0
2670.965893720545,965.0133703057927,2.767801955815567,2046.7482141683874,1.304980199924485,6,6308.074312525381,2,2,0,0,0,8,1,20,0
53.19434344608181,237.22984047891157,0.22423124906502012,550.191034708345,0.09668340647222652,0,265.8337822175589,1,3,0,0,0,3,1,0,0
93.49813927710566,369.267857366986,0.2531986941505859,1042.8347490601332,0.08965767525619178,3,1816.9675746910957,1,2,0,0,0,3,1,20,0
892.2916678529263,649.8912338840641,1.37298615726844,1701.6553893414562,0.5243668450391973,5,4552.923369671886,1,0,1,1,0,3,0,13,0
7912.810130409741,1141.8765973716324,6.929654350236636,6927.645315837379,1.1422077444294332,3,3180.146959538874,2,1,0,0,0,1,1,8,1
528.5173933895271,1720.372151810474,0.30721108385376356,7050.465300386272,0.07496205865456446,2,4604.2180400802,1,0,1,0,0,2,0,11,0
2773.2032189486335,834.6870206873903,3.3224467976809033,2808.563564392523,0.9874098112315511,0,763.8285063515619,1,1,0,0,0,1,1,14,0
1224.033839606178,1149.9261255452702,1.0644456303884455,3196.62258840545,0.38291471881788663,3,5301.373079925932,1,1,0,0,0,4,1,22,0
1197.2510173708624,1369.2823144523127,0.8743638946726194,4497.7585605159875,0.26618836944273694,3,2593.7897922855213,2,0,1,0,0,6,0,5,1
3909.50111160014,1491.2307184854906,2.6216607954339017,6479.562714197041,0.6033587888630556,3,6464.984008066403,1,2,0,0,0,7,1,17,0
1088.0728393186243,1143.0106163690405,0.9519358995763881,4547.674764682998,0.239259158937341,4,3501.7258586550256,4,0,1,0,1,5,0,11,0
684.0000883882492,1638.0447863538393,0.4175710542754941,3691.7434741360476,0.18527833615208622,5,11777.922518230287,2,0,1,0,0,5,0,15,0
2844.877558432459,2353.53716138175,1.2087667894575522,7315.8409606344985,0.3888654187181407,3,6168.019438056075,2,1,0,0,0,2,1,19,0
211.81324876842876,288.44581966498174,0.7343259438269598,1027.8976029756986,0.20606454198865995,2,852.8897691577745,0,2,0,0,0,5,1,7,0
973.1414829786474,1109.5270420371646,0.8770777512478611,3832.6134564060917,0.25391067845677795,4,5905.600344872115,1,0,1,0,0,3,0,23,1
149.92674963047884,1520.4033043634593,0.09860985516158689,2712.8369339845303,0.055265669584596486,3,5923.152570277037,3,1,0,0,0,8,1,19,0
984.9196586822037,411.7180275269689,2.3922189285668045,1159.5503168417413,0.8493979470979941,4,2179.5868141668893,0,2,0,0,0,7,1,12,0
5162.596700869492,939.1008282975922,5.497382757321469,4859.506124099665,1.062370654348333,4,4985.143302340076,1,1,0,0,0,4,1,15,0
665.4388387090702,562.2677242525255,1.1834910844183697,2610.844419535266,0.25487494916587916,2,683.1401455485709,1,2,0,0,0,5,1,11,0
4973.404749159444,2465.3501453721324,2.017321863385346,7799.047838172346,0.637693838062792,3,11089.734338459451,0,2,0,0,0,4,1,10,1
134.72512752333955,503.978410726689,0.2673232119786217,2267.8293960935434,0.05940708227674037,3,992.7600697510012,0,1,0,0,0,1,1,9,0
684.7383291779694,1745.9335317994778,0.392190376498601,7238.291767793397,0.09459943742868944,3,6419.225444226308,1,2,0,0,0,3,1,17,0
1555.368805124114,3459.281090155125,0.4496219776850705,7349.7036398043165,0.21162333630713923,5,27392.23265784645,0,1,0,0,0,4,1,5,0
771.1803399746842,1877.9869041432758,0.4106420221958317,4243.601875554478,0.1817277780974494,2,3468.0825824755334,0,1,0,0,0,5,1,6,0
1074.5908909769278,917.9245974446695,1.1706744693065072,3620.7008153731995,0.29679085507819447,2,1618.2150207999232,1,2,0,0,0,2,1,21,0
1381.6973128058785,1540.878473218151,0.8966945393949077,6751.758316526494,0.2046425905713855,1,1950.747510938581,1,1,0,0,0,2,1,22,0
1084.1517845983376,1426.1784056770168,0.7601796383136815,4070.9546608185574,0.2663138931594842,4,4967.562198179697,3,1,0,0,0,4,1,4,0
893.9240545355142,2107.564371409205,0.42415029721621245,5563.614210089422,0.16067326395752132,4,7700.98731583264,0,3,0,1,0,1,1,23,0
2509.793925430831,1386.5123228242135,1.8101490222016807,2518.189902820053,0.9966658680587118,3,3797.454833653614,2,0,1,0,0,3,0,9,0
665.1895398346843,1339.6586472796089,0.4965365925009763,4178.485828948821,0.15919392025364978,8,14935.102066293524,0,2,0,0,0,4,1,10,0
1311.4336950345385,1117.219850368033,1.1738367292726923,4619.941250029454,0.28386371688734735,2,3131.9754528257154,1,3,0,0,0,6,1,1,0
3728.277597019211,1354.2596253702072,2.7530006264493267,4633.549589890981,0.804626674364983,3,3796.3883156694314,1,3,0,0,0,2,1,8,1
528.7741847055389,921.6940267858232,0.5736981789385207,3525.89109184129,0.14996894995681861,6,7093.709955268392,0,1,0,0,0,5,1,22,0
968.3240411018617,1153.0983520525197,0.8397584120888223,3949.61562836783,0.24516918409653432,1,1286.8050361845123,1,0,1,0,0,2,0,7,0
968.9860567824495,1889.2728591563662,0.5128883591834054,8496.554334716562,0.1140445901491165,4,11902.604265768896,1,1,0,0,0,5,1,4,1
365.0076415259382,625.4582740090633,0.5835843199999765,2091.068049028267,0.1745556017153816,4,4289.0676312601245,0,3,0,0,0,3,1,0,0
2020.6070376381203,820.8030962516716,2.461743927216582,1860.4657735200042,1.0860758990557127,2,2818.929806525074,2,2,0,0,0,2,1,14,0
975.3313733630271,327.2465400531144,2.9804176789912704,1297.0809497163102,0.751943333664985,1,585.4474693545786,1,2,0,0,0,2,1,18,0
253.85947506342697,2103.9913576388867,0.12065613964703248,8931.152117305914,0.028424045602305093,6,9808.933461479342,2,0,1,0,0,4,0,16,0
355.57170383406736,462.39273182691653,0.7689820348801794,1957.4995890178734,0.1816458638504576,1,769.524527038467,1,2,0,0,0,4,1,12,0
281.9775608345802,902.3738524098936,0.3124841883234166,1364.9162922681592,0.2065896366186691,2,2597.6762961121526,0,3,0,0,0,3,1,11,0
4824.788910048678,1537.7607053539082,3.1375420722161556,5719.705967909366,0.843537926095912,2,3696.15709276153,4,3,0,0,1,1,1,11,0
1060.1911912988999,1091.4885449477558,0.9713259898203017,2320.7273814284517,0.4568357316688926,4,7678.374986600589,0,3,0,0,0,4,1,7,0
1395.1831085559459,791.5302094831593,1.7626403791548906,1634.6252906088216,0.8535186116178989,3,1954.6094249125867,2,2,0,0,0,4,1,22,0
1477.7493781444034,1223.2497021442014,1.208052105432028,5233.969706606168,0.2823381603220267,4,7437.6089759260585,0,1,0,0,0,3,1,22,0
2494.2669375947266,1142.363157917435,2.183427328085279,3338.988408483979,0.7470127572941212,1,887.5057520056805,0,3,0,0,0,5,1,4,0
358.1514438300749,770.6010040516677,0.46476898154425633,2421.294207791859,0.14791735869087022,2,1551.6294728305654,2,2,0,0,0,3,1,16,0
258.7117671565321,778.9102759721632,0.33214578769503617,3864.0141455759626,0.06695414597608028,2,1027.1945565388187,2,1,0,0,0,8,1,3,0
182.72478248283653,1109.226997271,0.164731640081236,5269.503444587874,0.034675901516016065,2,1954.998605918479,0,2,0,0,0,4,1,23,0
2021.6374530898597,713.3049504757807,2.834183965415366,1968.7503786996608,1.0268632707134413,2,1552.1787784870241,0,0,1,0,0,6,0,17,0
36.333460435119534,446.0233769344712,0.08146088818222989,1803.1360488152925,0.020150149213084376,1,776.2161926962958,2,2,0,0,0,2,1,8,0
157.21385597263094,678.0807738504847,0.23185122191253316,1154.7556565246812,0.1361446944072802,2,943.9850468897569,0,1,0,1,0,5,1,19,0
557.8537868316416,758.9891629633922,0.7349957206945631,1202.118003596691,0.46405909000827245,4,2442.63637953746,0,1,0,0,0,1,1,2,0
5089.67570733774,621.2814661342504,8.192222019766369,3895.941005855344,1.3064047170345474,4,4049.7536106273387,1,2,0,0,0,3,1,17,1
274.9466353278073,844.121244603364,0.3257193644699694,3854.221710942741,0.0713364865719039,5,6408.491054287443,2,3,0,0,0,6,1,11,0
2698.6951185447574,1154.6043367915315,2.3373332600187675,2597.011189454817,1.0391542129286269,2,2237.372186753731,1,2,0,0,0,6,1,2,0
1449.5111451713647,926.3909884748241,1.5646861457037555,3328.5222458771973,0.43548188598311777,3,2770.0305030468585,0,6,0,1,0,4,1,23,0
10687.63374995202,1524.9291789215824,7.008609906402492,6306.186733249521,1.6947854863861251,3,3437.652428657706,2,1,0,0,0,2,1,23,1
648.8909490995783,1512.2261022735565,0.4290965141548629,4156.752258222916,0.15610527373045574,1,1468.3805118430614,2,4,0,0,0,1,1,13,0
4443.992723179097,1561.4956427755785,2.8459847094288673,5438.167586096802,0.8171856885287228,1,1815.0560035308213,0,1,0,0,0,3,1,12,0
728.1266900504154,1892.4963984125768,0.38474402945293157,4445.890037315653,0.16377523599077698,4,9306.82250316148,1,1,0,0,0,6,1,17,0
385.7949225405181,1139.8552396976659,0.3384595772379359,3021.7625619071246,0.1276721498253759,0,1167.4715244406755,1,1,0,0,0,5,1,7,0
1762.5142991757916,1063.7283401562943,1.6569214456736427,2065.3196114996786,0.8533857371818531,3,4292.039284659345,1,1,0,0,0,6,1,13,0
4807.051260936697,1857.2744043587356,2.5882288851099715,3766.772396920002,1.276172477229393,4,6847.413633783609,2,3,0,0,0,3,1,21,0
113.75678198278419,1201.0134347260628,0.09471732679554146,3143.102011800797,0.036192519859579365,3,4127.728275491513,2,1,0,0,0,5,1,19,0
969.7061798940109,1128.613832286115,0.8592010412718215,5251.714889086515,0.1846456253573739,4,3048.774544737554,0,3,0,0,0,1,1,18,0
542.0075129511995,687.0764738358959,0.7888605324021832,1194.9291094511786,0.45358968047915343,2,2103.5975360305742,2,0,1,0,0,1,0,19,1
1432.0173149052296,1196.8855258639044,1.1964530307705146,3362.205919657684,0.42591600548101693,2,4120.083289244012,1,2,0,0,0,4,1,5,0
304.58288256420235,813.2780552406741,0.3745126043934222,2846.107979858933,0.1070173319914935,6,8723.402332140298,1,1,0,0,0,4,1,19,0
11911.308376661304,4484.499550290808,2.656106493731031,11649.075274494915,1.0225110659848284,1,7344.476243523333,2,1,0,0,0,6,1,5,0
179.0949706967656,645.155892007264,0.2775995273631464,1492.4267805949153,0.12000251739343239,2,1544.6407640924651,2,4,0,0,0,3,1,23,0
1017.505983876382,1716.2220151734543,0.5928754991372984,6255.660758617272,0.16265363854245954,1,2185.3968568196774,2,2,0,1,0,3,1,12,0
1280.6245813161,1586.9196021472844,0.8069876883386328,6544.12369732499,0.19569076633431834,4,5731.612320452754,1,2,0,0,0,2,1,12,0
1404.3897930191313,1468.9378620849384,0.956057998958383,5007.609361738238,0.2804511477571886,3,6473.3760445107355,0,5,0,0,0,4,1,15,0
562.228981965857,854.1249991962603,0.6582514064041208,1961.7418223458303,0.2865968271469838,2,1996.3496590646203,0,3,0,0,0,5,1,3,0
929.813189149842,1510.0425016217246,0.6157529924828342,3677.239510560255,0.25285630334374876,0,2431.1132496633218,1,2,0,0,0,4,1,13,0
3103.5129309385916,2253.1253742838626,1.3774257599513378,4137.241451546517,0.7501406353207851,2,3026.3184010292825,1,4,0,0,0,3,1,5,0
731.3198145666344,258.1074921054526,2.8333924311962466,1202.5649194569892,0.6081333346201862,3,1031.2535201850933,1,1,0,0,0,3,1,11,0
152.7742956069895,415.56279811612694,0.36763227194436565,1045.4417663751474,0.1461337211891799,1,674.973513478798,1,6,0,0,0,4,1,10,0
522.8959721870295,1211.621686749916,0.43156702946582165,3554.592728007447,0.14710432733038947,2,3003.767768534696,1,0,1,1,0,1,0,8,1
3354.0622148937055,1230.7214240511166,2.7252814075936636,6092.811975285442,0.5504949485556004,3,5982.3427479349675,1,3,0,0,0,5,1,17,0
1087.152212556301,1390.9415639310344,0.7815944542514255,4968.1957096471015,0.21882234036096843,3,2620.464462823546,2,2,0,0,0,4,1,5,1
626.4899661202458,797.7272490745305,0.785343570558806,3617.192641158808,0.17319784381722692,4,3817.240189456955,0,1,0,0,0,1,1,0,1
1792.8058231058378,2733.445368404243,0.6558776860254059,13519.385830322606,0.13261000504066958,2,3619.7877827732104,0,4,0,0,0,7,1,0,0
7170.778686847279,1458.023136253451,4.918151508400185,5297.225838237764,1.3536856660113235,4,7936.250443512022,0,1,0,0,0,3,1,11,0
4802.765915658685,1193.3696629497838,4.024541652740826,3098.448609990899,1.5500550501861614,1,1408.8917924752486,1,4,0,0,0,2,1,6,0
16981.42653052929,2490.408174859399,6.818732247169889,13472.579089132661,1.260443632817636,2,3570.535822345814,2,5,0,0,0,1,1,17,0
2613.854091994919,584.5063327943035,4.47190038044425,1628.2491366946906,1.6053158162890138,4,4102.897233072785,3,3,0,0,0,5,1,21,0
1128.7174743875057,1286.403511805965,0.8774210145018292,5350.28779918676,0.2109638802157652,2,2769.4359123124223,1,0,1,0,0,6,0,18,0
2146.3968067719093,1071.542739468308,2.0030902433597157,3616.040552394194,0.5935765309243481,2,2530.044478116254,1,2,0,0,0,2,1,5,0
655.6784155815005,847.695506580068,0.7734834153206276,2043.9280442928127,0.3207932967172342,3,3375.604847814264,2,4,0,0,0,4,1,14,1
1847.3185439320068,1302.3042881702,1.4184999317844358,4601.347010570023,0.40147342499672894,4,6730.060444707549,0,2,0,1,0,4,1,17,0
1129.959326789761,2019.615819744755,0.5594922141838682,7572.7793914297745,0.14921328991420937,5,11925.077603706297,2,5,0,0,0,2,1,3,0
179.9316605355981,1533.9811401162867,0.11729717910479524,6127.983402526084,0.029362295671595075,4,8178.924993607796,0,3,0,0,0,5,1,9,0
2795.1681562628564,1779.6956910363874,1.5705876967287138,8127.422509537274,0.3439181552309868,2,6003.054914519341,2,1,0,0,0,6,1,18,0
702.878157264427,874.5963811469542,0.8036600338348826,3933.5539322084496,0.17868781498307917,1,584.7493628445185,1,2,0,0,0,7,1,15,0
701.9607202469813,320.46917478025927,2.19041572634343,1126.7698052713465,0.6229850293848942,4,2103.130942884677,4,0,1,0,1,6,0,19,0
1216.8566783987278,943.3528919638184,1.2899273312933242,1575.8434184015698,0.7721939021283128,6,7007.358170245531,0,4,0,0,0,2,1,21,0
4668.909286978975,557.0709358527603,8.3811755137285,5175.695109195531,0.9020835247199623,4,3610.4620186524803,2,1,0,0,0,7,1,14,0
2001.0352281298517,2701.4407777004376,0.7407288898012431,13251.474386915443,0.15100472367857282,2,8733.395459305877,1,4,0,0,0,6,1,2,0
3540.126790816974,1719.8666599998817,2.058372822237985,7966.943509416438,0.444351938310189,2,4982.375636826343,0,2,0,0,0,5,1,7,0
888.3250579570793,918.7966012748806,0.9668353765397909,4073.4578187290235,0.21807641013802107,4,4426.652649558662,0,1,0,0,0,3,1,12,1
769.7422813198626,1601.4362416546312,0.48065746315604285,5081.5367871954695,0.15147824635639173,6,16979.697063227348,3,1,0,1,0,1,1,15,0
1465.81602714015,873.1557873631473,1.6787565842823808,3830.2664181202717,0.38269296887695575,4,4672.69799839823,1,4,0,0,0,5,1,22,0
525.9158553768873,861.0116815290464,0.6108115216775318,3522.6155769743827,0.14929697660299418,2,1522.7901367183595,1,4,0,0,0,5,1,16,0
1366.7219862968036,2046.5696957728417,0.6678111129661242,5576.2354586776155,0.24509761046225922,4,6868.257379751168,1,2,0,0,0,1,1,16,0
1376.3537780853185,1210.1646657899673,1.1373276852260983,5005.476120492891,0.2749696022822677,7,8594.891442132777,0,4,0,0,0,3,1,16,0
699.9920762877667,382.130434414,1.8318145147512526,1132.6965099102888,0.6179873162522652,3,1546.88159158838,3,2,0,0,0,6,1,6,0
1017.1793651712431,849.0267543083197,1.1980533711212824,2785.7316478271173,0.36513903482578713,3,2570.2600663365106,2,2,0,0,0,3,1,6,0
684.6184625970607,815.9557618285203,0.8390387011458335,1983.0644630139961,0.3452325808695755,2,2192.2151275226884,2,2,0,0,0,8,1,12,0
2131.759001336233,2284.4336571472527,0.9331673934441692,10207.72154365609,0.2088378873012148,3,5301.721936417217,1,3,0,1,0,4,1,0,0
1032.6638254094742,1103.5394484325764,0.9357742732951041,1920.429308216313,0.5377255080368504,3,2561.236181598702,0,2,0,0,0,8,1,15,0
575.5812792387046,363.33015166464014,1.5841825309614705,1816.6202058379768,0.3168418348474763,3,1536.8497191664235,1,1,0,0,0,7,1,9,0
1522.144261119778,1078.6503858034566,1.411156275613785,2324.482831004509,0.6548313632680152,2,1357.464902217389,1,6,0,0,0,3,1,16,0
528.3148589100182,857.5208200893817,0.6160956638405007,3670.908689628822,0.1439193680852459,3,3348.4394667382458,1,1,0,0,0,6,1,2,0
13757.734401799155,2666.0507582077066,5.160342262593681,8364.465111743282,1.6447835238721957,7,31325.76258520518,5,4,0,0,1,6,1,18,1
2895.933201673549,2582.187447044678,1.1215038648677322,6215.127428353338,0.4659491273601786,5,8578.688577786359,0,1,0,0,0,2,1,23,1
193.83234022677874,586.8419196966402,0.33029736581697794,1424.7748448573313,0.13604419036903195,6,2909.456576504023,2,1,0,1,0,5,1,9,0
1689.203723941614,1280.804873406506,1.3188610997777561,4954.742234669189,0.34092666054794196,3,5748.7847360853275,3,2,0,0,0,5,1,17,0
2078.9518037208027,2743.874092817613,0.7576702623355364,9660.80063066367,0.21519456649608806,6,16670.02805205975,1,2,0,0,0,1,1,13,0
548.9016197226175,403.8148720465157,1.3592902533302171,1835.6756106838072,0.2990188552530511,2,1273.33679816343,1,4,0,0,0,1,1,5,0
932.6556220193319,1026.2089107538718,0.9088360198842806,1676.6008669278415,0.5562776689530795,0,1290.6934025784146,0,4,0,0,0,2,1,1,0
188.05965093749995,552.744522916024,0.3402288817723319,1860.2428719586812,0.10109413871291374,2,1581.813710458681,0,2,0,1,0,8,1,5,0
4889.076734337661,3146.429384738897,1.553849184746085,11456.961531251618,0.426734149451539,3,13772.134743277027,1,2,0,0,0,2,1,2,0
1577.443052188445,1723.2029388628362,0.9154133947969124,4528.485793160338,0.34833786043250003,6,15924.163386540107,3,3,0,0,0,8,1,18,0
668.5506771169984,903.2020814193822,0.7402005496559207,1631.5261664560094,0.40977012251615913,6,4903.614387561048,1,2,0,1,0,3,1,12,0
511.5965866480423,443.4053270447192,1.153789897062842,1722.1024348893027,0.2970767454265448,3,820.4529803383934,1,5,0,0,0,4,1,9,1
1162.0082696045913,1213.788003955536,0.9573403805423987,2782.278840003696,0.41764623045584015,2,2881.970650541506,2,0,1,0,0,3,0,10,0
4990.987567697679,1035.3601229235255,4.820532930710841,4962.228357772673,1.005795624032489,2,3644.4991095418222,0,1,0,0,0,4,1,7,0
8792.228286595519,1976.6761302014127,4.447986269606867,6138.177348279121,1.432384205884908,6,13191.499272291765,0,1,0,0,0,1,1,1,1
5638.4859833332985,958.0975818300925,5.885085288038248,4749.641385273519,1.1871393071518375,2,2611.3582030364305,1,0,1,0,0,5,0,19,0
666.2927423403947,1381.845999841105,0.48217583031467337,2599.093348092171,0.2563558337869926,3,3167.4822730829646,1,1,0,0,0,2,1,13,0
1282.3878833809206,1028.8322862477853,1.2464498835450315,3638.136282167663,0.3524848394675452,3,1926.9043632324262,0,2,0,0,0,4,1,20,0
211.0874471794941,1304.8274463157666,0.16177422369180544,5908.034922129261,0.035728876007289745,3,3399.6294349886934,0,1,0,0,0,2,1,20,0
6058.8695420308095,1056.9923496427175,5.732179181882269,5084.415612439732,1.191655050229753,2,2586.3115765422094,0,0,1,0,0,2,0,22,1
3354.857647934691,1264.6854011368796,2.6527210995864006,2017.2379876070681,1.6630946217279812,1,1330.903069212835,0,3,0,0,0,5,1,12,0
285.20495000601863,2119.144937781212,0.1345849190969609,7451.036214032378,0.03827721967971357,3,10125.25733172751,0,2,0,0,0,6,1,15,0
485.3428476236634,1661.1423463299636,0.292174146722557,5787.027830257499,0.08386737749662207,3,7797.980495023569,1,2,0,1,0,4,1,22,0
462.6170526754815,858.1187813808106,0.5391060803156855,1915.947435774001,0.24145602537816718,2,1790.9948011158413,0,2,0,0,0,6,1,14,0
1012.7983066405183,1503.5015603283618,0.6736263754986227,7292.1377562695725,0.13888908033446612,2,4887.013989240146,0,0,1,0,0,4,0,2,0
525.5530455305095,1074.5438480835087,0.4890940899879089,4915.436558011818,0.10691889506210689,1,790.4191386141969,2,5,0,1,0,7,1,15,0
209.16298717705106,804.898195729888,0.2598626612492036,2398.1650011947836,0.08721792998932289,6,5860.370289754816,1,0,1,0,0,3,0,5,0
1226.6123496244372,421.4333366531597,2.910572664625108,2030.3631698161757,0.6041344562684773,3,1353.600625281076,2,1,0,0,0,2,1,21,0
276.26975833614455,872.6362090742037,0.3165921325098856,3097.9783295985458,0.08917743410165985,7,5004.172804662972,2,2,0,0,0,4,1,9,0
573.2448555454932,957.7669091294745,0.5985223023277367,3998.2221267479736,0.14337493950386201,2,2028.8724274643857,0,0,1,0,0,5,0,18,0
160.54981482857588,1736.9708406241919,0.09243092116093397,4708.950218359792,0.03409460864602177,1,1992.6555288119134,0,4,0,0,0,8,1,12,0
1386.4244182167324,1898.0858275337305,0.7304329436030703,4121.748638466286,0.3363680175151643,2,5424.571316407839,2,3,0,0,0,6,1,2,0
1061.5161994906991,890.6765081693733,1.1918089112650523,2263.573549153126,0.468955912604583,1,1122.5949274432062,0,5,0,0,0,5,1,4,0
177.00820440995932,685.8690158700707,0.2580787297781816,1461.003981424823,0.12115518277871812,2,1823.6052372123963,1,1,0,1,0,1,1,15,0
794.7714406752204,490.8132898692288,1.619294866459255,1135.4694390792965,0.6999496537041688,4,1240.7229717398893,3,3,0,0,0,3,1,12,0
3895.5039611563984,2589.626810187258,1.5042723321491684,9693.074380017224,0.4018852851461846,6,13328.124848874982,1,2,0,0,0,2,1,2,0
520.5920572824633,585.3017821725324,0.8894421188162481,2635.886411443282,0.1975017037996765,2,1348.5976484214686,3,4,0,0,0,4,1,14,0
868.9905779010802,1313.2436736514655,0.6617131270732548,2262.3267078299687,0.3841136538296977,4,9226.77561186523,1,1,0,0,0,1,1,1,0
2444.2287459305862,1524.507839983548,1.6032903746542646,2820.1812969488424,0.8666920628737593,2,3694.6782813152668,0,1,0,0,0,2,1,6,0
580.2405478190532,678.0751706442888,0.8557171430827119,1338.6507869642685,0.4334517661136228,4,1748.3555627464693,1,3,0,0,0,4,1,1,0
1240.6704067257049,525.682455100895,2.3601137810231485,1044.6526749636816,1.187639142137685,1,819.3075387863673,1,3,0,0,0,6,1,10,0
1227.8170450577072,1817.230088000857,0.6756530464496294,6724.004843256085,0.182602046500481,5,10190.420955898207,3,0,1,0,0,3,0,5,0
16608.984160190077,2273.975075162098,7.3039429242671545,8622.904527049894,1.9261472869249565,1,2813.3117503729827,1,4,0,0,0,5,1,20,1
700.6038172667568,932.9768268857114,0.7509337821448163,4092.8325630361305,0.17117822595387028,4,2250.322943899243,3,1,0,0,0,6,1,9,0
1705.9226522917847,1272.6806823883544,1.340416866460481,4969.560491551256,0.3432743509596114,1,1176.413120907626,1,1,0,0,0,3,1,20,0
2267.29652976945,673.6812454591379,3.3655330990017482,2183.537500794321,1.0383593269841527,3,1222.0495445641536,0,2,0,0,0,3,1,14,1
8268.997078683187,1722.6618061427864,4.800127946876762,9872.67476635197,0.8375640112105754,4,5819.301345838848,1,1,0,0,0,4,1,7,0
957.6710480142171,1151.574537908812,0.8316188110179028,5652.979254446202,0.1694099703728766,1,885.989682591431,0,2,0,0,0,4,1,5,0
857.332240709795,903.4755653254015,0.9489268704251153,2711.0982486211437,0.31623060549201104,2,1698.7888272665136,0,3,0,0,0,4,1,1,0
66.33173606278898,226.20504765985166,0.2932372055752404,693.5517881375267,0.09564063880639269,3,586.1185371535282,2,2,0,1,0,4,1,16,0
1715.71532403945,956.454290457588,1.7938288752080516,2855.882575260213,0.6007653602085243,3,3239.87960533267,0,1,0,0,0,2,1,5,0
1244.2074610490813,2015.602412424916,0.6172881384638795,4078.890697400759,0.3050357446062339,2,2639.8055776215247,2,3,0,0,0,5,1,1,0
1258.3601281453953,1242.2991815170342,1.0129284047412381,5321.71902010019,0.2364574535770407,2,3887.7449260862754,2,2,0,1,0,6,1,7,1
1326.5364934933602,683.1292589237397,1.941852842876763,3407.1192723077,0.3893425464365603,3,1691.6393733811321,0,3,0,1,0,5,1,1,0
2140.9190450544124,1450.9250102257524,1.4755545806749188,4367.580678758989,0.4901842009390738,3,6216.561389451744,2,3,0,0,0,8,1,3,0
4269.234241578993,861.3193715165553,4.9566216466976725,3430.7111494833134,1.2444166983343865,0,863.1502329795455,1,2,0,0,0,2,1,1,0
323.2621600094566,1975.7015193563461,0.16361892565369415,4686.669016593489,0.06897482174758313,3,10313.494609551577,0,2,0,1,0,7,1,20,0
2357.4446433125036,1251.5860231575687,1.883565811453387,2725.665072394358,0.8649062084658877,2,4130.500168810289,1,2,0,0,0,4,1,18,0
676.9505210394067,1091.2099909238402,0.6203668649205519,3690.9015498235863,0.18341061442610487,3,3783.7262280040627,1,0,1,0,0,3,0,19,0
226.4829296849797,750.2845271598869,0.3018627220559965,2636.6613329153865,0.08589761865038424,8,4504.703049322383,1,2,0,0,0,7,1,7,0
1977.4850100028827,1136.1811830636561,1.740466256157044,4815.0302841352395,0.4106900462326025,3,5660.7889266504135,1,2,0,0,0,4,1,11,0
608.769188174375,1715.1619624466425,0.35493393714607485,3133.9874796100366,0.19424748571430936,4,8149.403123840842,0,1,0,0,0,3,1,15,0
1345.5631835593074,1691.5719719661083,0.7954513351243128,6733.60944719518,0.19982792202476024,4,8017.000550008237,2,2,0,0,0,7,1,17,0
3401.801887655521,2392.6625587914336,1.4217641660986318,6583.231389774797,0.5167374023855923,1,3199.7163587720356,0,4,0,0,0,2,1,9,0
1555.2152036047362,1032.9372813417904,1.5056240409722692,4269.051148157666,0.3642999696257794,3,4981.473252420691,0,7,0,0,0,3,1,12,0
2000.7259435504882,918.1868132465613,2.1789965992609304,1548.0282078565115,1.2924350689454218,1,1601.8349100728549,0,0,1,0,0,2,0,11,0
1311.735577356991,1463.780515324575,0.8961285955265842,2548.5091385155033,0.5147070330385677,1,1940.67362501767,0,0,1,0,0,5,0,9,1
746.1079117557529,1296.543729195609,0.5754591186975598,4108.889213602273,0.18158384735363509,2,3420.6002714276683,0,1,0,0,0,4,1,22,0
787.5726412074623,771.4113599490348,1.0209502764640324,2112.632362416593,0.37279209351246306,2,2401.6911632993033,0,1,0,0,0,5,1,12,0
1961.5998637369878,2211.7482652951844,0.8869001479583793,9661.588635548902,0.20303077865677976,2,4811.919357853775,1,0,1,0,0,5,0,6,0
554.6661277102522,1427.385466422262,0.3885888855941076,2746.6100259480877,0.20194571579880183,1,1654.2944778750439,0,1,0,0,0,3,1,13,0
522.8492199094655,798.6453112921332,0.6546701176565408,3777.0624849769424,0.13842747425785765,2,2655.2393225732326,2,2,0,0,0,5,1,12,0
129.34290675255608,377.9127503748187,0.34225600121793226,967.9322241880923,0.1336280614699544,6,2103.768362981292,1,0,1,0,0,3,0,21,0
3151.4591309947,1033.0126814482232,3.050745830706104,2893.7256894436277,1.0890663004068732,1,1204.0432771986216,1,2,0,0,0,5,1,6,0
2435.3285575918826,1182.5175393252675,2.05944392079077,2697.465947703439,0.902820871442424,1,1724.7570287471287,0,1,0,0,0,5,1,18,0
237.40075076670362,919.1607624342981,0.25827990104579024,4156.546289465788,0.05711490603830497,5,7815.218912364147,1,2,0,0,0,6,1,21,0
4960.721658868058,1628.0725761369695,3.0469904914427555,4446.59887474247,1.1156215792357398,1,2880.5159422791025,0,2,0,0,0,4,1,14,0
1291.3605931015768,2092.104507433005,0.6172543429420099,3797.1912585820187,0.34008310489575083,4,9730.003084414297,2,3,0,0,0,5,1,13,0
4287.686825104267,2588.4153213478144,1.6564910544848825,5544.089987292349,0.7733797313773958,6,18310.830028942062,3,3,0,0,0,6,1,12,1
2496.591721644426,1354.3335105926203,1.843409841163853,2573.6751674070483,0.970049271664581,1,1998.913262876199,0,0,1,1,0,5,0,20,0
484.6990954852854,790.2815365593718,0.6133245850529512,3141.4629786748574,0.15429088255235235,1,712.865173891102,1,1,0,0,0,3,1,19,0
1630.4725370954134,1102.022373250825,1.479527618196832,4066.995769226169,0.4009034259225809,2,1693.6415082699418,2,2,0,0,0,4,1,10,0
477.594364292266,777.56233946688,0.6142200310520685,2194.2426477413724,0.2176579535466938,1,589.0794300504947,1,2,0,0,0,3,1,12,0
1526.1534061568814,1369.8593124875836,1.1140949966500406,4724.739623097278,0.32301322991348663,5,10004.34681294733,2,3,0,0,0,4,1,14,1
894.3090795196272,979.787112785076,0.9127585654576791,4218.195381384302,0.21201224662716742,3,3643.1852377260816,0,1,0,0,0,3,1,18,0
1651.6599620672353,2773.333587365344,0.5955504125402764,6844.319560228813,0.24131835860861214,6,21853.30038851987,0,1,0,0,0,2,1,23,0
1239.794900529157,2185.9601563181236,0.5671626250578051,8314.157086157426,0.14911853212315912,3,7468.507228381996,0,2,0,0,0,5,1,20,0
678.0198893876471,715.8687952231724,0.9471287111715412,2901.4262231712005,0.23368503530190923,2,1648.2718912761245,0,1,0,0,0,4,1,6,0
1494.8611982211885,572.7047578963677,2.6101777182924804,1476.1819754043886,1.0126537399372342,7,3319.6098399167386,1,0,1,0,0,9,0,7,0
495.1126247054693,1934.787894882899,0.2559002079840051,7226.47818508249,0.06851368149529916,1,2796.2810558475853,2,3,0,0,0,7,1,15,0
180.9044598610612,451.57549152266586,0.4006073475136352,1223.9470561584033,0.1478041545594833,3,1478.32794038461,0,1,0,0,0,2,1,19,0
4064.806039929961,1553.1274805756561,2.617174759166175,5736.872993485035,0.7085403571851907,4,7676.931825550248,0,2,0,0,0,3,1,1,0
1659.1633168475812,744.303040641105,2.2291502603811235,3310.4632310518773,0.5011876589610673,3,1549.4878637750085,2,4,0,0,0,3,1,2,1
817.8722043456261,1256.2759271986722,0.6510291144154708,5686.688283740389,0.14382223247300535,1,907.147514811343,1,3,0,0,0,7,1,1,0
1865.5968126595365,469.9095149046469,3.9701192537846346,1841.1810287779483,1.0132609360513527,2,1218.4199297262703,2,2,0,1,0,8,1,11,1
971.5846581794959,706.3678556210542,1.3754655601156387,3048.42637765876,0.31871678624093536,3,1377.2985517869824,0,0,1,0,0,4,0,6,0
182.33958312480345,469.5793723389691,0.3883040735298321,1343.0307675847791,0.13576724191710912,2,635.1584021044079,0,3,0,1,0,5,1,19,0
968.0292954471639,1330.2685668022086,0.7276946322006086,5762.665659541297,0.16798290108057704,3,3089.0289512630516,0,0,1,0,0,2,0,14,0
440.02655939984845,1164.0440834022902,0.3780153738797679,2483.8031936758475,0.17715838377220267,1,2045.4712541493332,0,2,0,0,0,3,1,9,0
855.8875810924878,683.0490793281903,1.2530396526327099,2244.9054500685816,0.3812577411963344,2,1266.4547795212422,0,4,0,0,0,4,1,5,0
2381.3427968138617,1164.732117667287,2.0445411959474336,4113.958493224082,0.578844633638396,2,3797.2230648998866,0,4,0,0,0,4,1,13,0
1174.6319454445827,829.267447645738,1.416469377616742,2232.978815626229,0.526038105343674,1,589.6044414543993,0,1,0,0,0,2,1,13,0
179.57710148475292,734.2442258124402,0.24457407381862775,2043.3670732165183,0.08788293784242879,3,2221.111152683876,1,1,0,0,0,4,1,15,0
880.0471062042072,1127.0412640773316,0.7808472806225693,1713.476840895363,0.5136031519074084,5,8438.62790824398,3,4,0,0,0,2,1,7,0
233.57806687021508,587.054644426886,0.3978813030229008,1508.211390882219,0.15487090754140576,4,3349.7454273597405,1,4,0,0,0,7,1,4,0
532.0582024840869,853.7742559798774,0.623183703136426,3546.6481343156934,0.15001719435772126,6,9082.505542378161,2,0,1,1,0,7,0,1,1
2694.352989794074,1569.3050373544409,1.7169083929892028,2807.523757793047,0.9596901833208582,2,2625.9291185003817,1,1,0,0,0,3,1,12,0
411.78848114745324,611.8144044715006,0.6730611082999356,2395.6037406600535,0.17189340380391724,1,1077.634675136307,2,4,0,0,0,6,1,18,0
1685.6377403373197,1107.5435100684417,1.5219607401547177,5332.887138389425,0.3160835203511162,2,3247.5963006942893,2,2,0,0,0,5,1,14,0
2125.910866483767,2005.5780454430565,1.0599990717459853,6697.27346567999,0.3174293057283601,1,3184.8892103014414,3,1,0,0,0,5,1,0,0
2652.153586383669,1361.406354387911,1.9480984335320504,2356.719964167551,1.1253579664567708,2,4863.866057214302,1,6,0,0,0,6,1,18,0
2181.9674292337163,2542.7954651208347,0.8580978923249842,10756.963627983452,0.2028423172834282,3,13401.667280323469,2,3,0,0,0,2,1,2,0
909.9772155237745,1547.420655984809,0.5880606621117171,5589.88711841523,0.1627899090351862,3,4909.041379670757,1,1,0,1,0,6,1,4,0
5642.209232406729,1590.54152284959,3.5473511073751993,6114.597052581327,0.9227442436333272,4,9306.535242934664,1,1,0,0,0,2,1,4,0
1286.4434304282818,493.1970523364266,2.608376153778702,1226.24166860116,1.0490945328059167,2,976.4745110252725,0,3,0,0,0,2,1,21,0
1079.5180266943057,1100.2040586528585,0.9811980043194153,4750.080505247806,0.22726310122568932,6,10854.37532121284,2,1,0,0,0,4,1,9,0
524.415772924156,3380.6276476770167,0.15512378989283426,12437.003180087333,0.042165766570180584,4,19737.564302147,1,2,0,0,0,4,1,2,0
2400.064528888282,941.580551727577,2.5489741950221174,1923.1806922947305,1.247966214773369,4,6395.306685472618,2,2,0,0,0,5,1,15,1
386.72750572441635,668.872139471408,0.5781785230732392,2772.4120665047526,0.13949135137475185,1,1081.840787875907,0,1,0,0,0,6,1,13,0
2465.3017913745816,1598.956031417972,1.5418196266399673,7162.343564141177,0.34420323031099825,4,9143.642810264948,1,3,0,0,0,8,1,8,0
317.5539738515967,504.813881929073,0.6290515875635398,1357.6411244183591,0.23390126311004555,3,2257.299258221777,0,4,0,0,0,3,1,16,0
1962.0711014625513,874.1057996759872,2.2446608890935744,3239.6989983109343,0.605633764891586,5,2635.811746755942,0,2,0,1,0,7,1,10,0
1241.7980940204784,3120.3875419899964,0.39796277779923894,7049.519372949754,0.17615358272302592,3,13204.294979454035,0,4,0,1,0,3,1,7,0
1390.9301528348137,1934.6135908045046,0.7189705269548937,3777.6315310674195,0.368201647353835,3,3583.560225291966,2,1,0,0,0,2,1,13,0
444.65635612713044,679.1812346622911,0.6546947021412137,2455.031396323202,0.18112043568692185,3,1346.3472018641398,1,2,0,0,0,4,1,21,0
1572.254066550486,1630.3685513951095,0.9643550013308986,6884.949301347927,0.22836102311496645,4,11112.845556975422,0,4,0,1,0,4,1,17,1
1205.2082001847152,555.774612265096,2.168519708507033,2289.065180774621,0.5265067199951345,6,4841.380044779969,2,0,1,0,0,10,0,19,1
1464.970536026177,1148.5840308541726,1.2754578652262087,5088.101742010086,0.28792084166293247,0,1275.1744192599424,0,4,0,0,0,4,1,9,0
768.2834965773234,872.3225768947293,0.8807332481434087,1767.9844035746805,0.43455332242973077,2,1161.291388346183,1,1,0,0,0,3,1,12,0
395.4228736860366,444.9591855455253,0.8886722345134721,777.9188883516448,0.5083086162413536,3,1482.230447315774,0,2,0,0,0,3,1,8,0
2993.473826689779,1342.969426501519,2.2289962583049117,5208.653762701253,0.5747116170642407,4,5200.995528097761,0,3,0,0,0,5,1,16,0
1792.516736300728,1292.9518983288392,1.3863754240336275,3154.97172634837,0.5681561965613633,8,13033.922732741565,0,1,0,0,0,5,1,13,0
2668.805747263684,2028.3512070164181,1.3157513048193148,4854.23245563205,0.5497894407935168,1,3228.636432134437,0,2,0,0,0,2,1,11,0
356.49212596101137,1215.2479669283696,0.2933492880980266,5427.833982352013,0.06567852427323774,1,1694.4759792007812,1,1,0,0,0,2,1,15,0
1349.617578002841,1030.0726701047424,1.3102158878417827,1623.5462520067435,0.831277566829205,2,2569.645290019907,2,0,1,1,0,5,0,14,0
2173.750968427564,694.7028869043254,3.1290369011046497,3045.0944767707188,0.7138533746686236,3,1811.156887448255,1,1,0,1,0,1,1,21,0
1614.5042971802307,1408.2019031026389,1.1465005789461393,6131.83017994763,0.26329892541055655,3,3410.751985241296,2,1,0,0,0,4,1,3,1
523.7464628589015,454.4677482876301,1.1524392321177988,1672.748378174242,0.31310534787698086,2,1087.0855376018194,0,1,0,0,0,2,1,3,0
693.6345358183203,558.0577631647179,1.2429439774921385,1572.3787690938927,0.44113705263143294,0,946.2873245611667,1,1,0,0,0,5,1,2,0
224.01065382274697,987.360155218959,0.22687836109111564,2816.4701809856283,0.07953595792885479,1,1242.4970914690546,2,0,1,0,0,2,0,2,0
1061.2039765980935,1338.9315475496328,0.7925752280168421,2810.4919536507387,0.3775865556987714,4,3831.9243104787665,1,1,0,1,0,5,1,0,0
164.9755554463749,591.3919212973258,0.2789614627884517,1021.5956231547866,0.16148811888691764,2,1757.965829269689,2,3,0,0,0,7,1,19,0
788.4744054504233,1159.8744905518056,0.6797928671362622,2052.413855561561,0.38416930548088163,2,2493.9415265719063,1,2,0,0,0,1,1,14,0
554.4919485791147,914.1532564890176,0.6065634450712873,3773.145104550459,0.14695749387172802,3,4260.235241205407,0,0,1,0,0,3,0,21,1
805.2646068882569,505.7723534838318,1.5921483278820598,1721.2403104249327,0.46783973278516616,2,1520.2449933210255,1,2,0,0,0,5,1,22,0
535.5950818271333,1247.5693852993006,0.4293108568856395,4526.3785410081955,0.118327505526711,6,9269.612051211545,1,4,0,0,0,3,1,2,0
752.9928575186354,822.1426538216656,0.9158907569366548,1238.2884945287776,0.608091620689072,3,1974.2212593013203,0,0,1,0,0,4,0,2,1
2639.8473972941615,1168.520820156025,2.259135953556805,4541.208711021998,0.5813094189850755,0,2020.8764638167374,1,4,0,0,0,6,1,7,0
750.7855542394606,964.1198048418128,0.7787264097978416,3458.6153488424325,0.21707691619732786,5,3943.240752368121,2,1,0,0,0,2,1,12,0
8902.439749891684,2238.494675582298,3.976976066550571,7601.94173230634,1.1710744522098289,1,3249.952676621081,1,4,0,0,0,2,1,15,0
914.0429694297534,1487.2256400616993,0.6145960268623618,3634.6064289982965,0.25148334139761735,3,6077.862276799709,1,2,0,0,0,3,1,15,0
561.2211589637043,1398.3674539637018,0.4013402610114467,5833.7722056889015,0.09620210374625529,4,8670.255814639966,1,3,0,0,0,4,1,9,0
4087.7389191618663,1137.413549479714,3.5938897694965184,2304.1901711376754,1.7740458102655554,4,6253.041678431018,2,1,0,0,0,4,1,1,0
852.7844516737498,879.9637458251317,0.9691131659908373,4271.464090235964,0.1996468736850929,3,1868.8882431592501,0,5,0,0,0,6,1,2,0
1181.0021516901375,1760.34883876093,0.6708909766551829,5778.26575537305,0.2043869565175254,2,6049.660276711596,2,3,0,0,0,5,1,4,0
1656.4806732228044,1478.690045322702,1.1202352233738764,2273.185841180578,0.7287044654309971,2,4180.937804042296,1,1,0,0,0,4,1,6,0
484.3218548982189,637.5778702944197,0.7596277685650689,2984.056972723765,0.16230315283027028,4,4513.040948318655,0,0,1,0,0,7,0,2,0
445.8450330135411,827.5238735198637,0.5387699947762765,3695.6718606980603,0.12063977804818615,3,1662.8293965163432,2,2,0,0,0,3,1,7,0
1206.3260498140173,1211.0897300584877,0.9960666165964099,2332.591617541818,0.5171612727843435,1,1233.0025057430169,2,3,0,0,0,6,1,18,0
1393.1977289241859,1262.0496070738036,1.103916772459098,4500.1043113448895,0.3095923188740081,2,4300.314609563873,0,2,0,0,0,2,1,20,0
1557.072563092983,1953.7098466672255,0.7969825026726185,3963.494072660544,0.3928535112070393,1,2881.3173609043915,0,2,0,0,0,5,1,11,0
376.46805765871716,1285.0624805842474,0.29295700664107616,2902.246495151425,0.12971608658591038,6,13317.826542840692,3,1,0,0,0,3,1,20,0
3623.5887661435468,7366.46911910311,0.491903068832077,23516.111003717495,0.1540896267061641,6,54938.151622799494,0,1,0,0,0,5,1,9,0
373.18509669454096,929.3509285124348,0.4015545530167808,1994.146050733003,0.18714030326784067,3,3776.4536840318833,2,6,0,1,0,5,1,2,0
1241.6797417159512,1189.8611433939523,1.0435501223060297,5331.531109163602,0.23289365030278195,2,2078.4661424267297,2,1,0,0,0,5,1,1,0
3319.6562939502337,763.0250773141762,4.350651626857819,2975.945806094123,1.1154962187659005,2,1490.510171655413,1,1,0,0,0,7,1,2,0
1059.4805982349258,984.2218581049282,1.0764652192087103,4534.089760801691,0.23366996555612843,3,1860.2630758632479,0,2,0,0,0,7,1,14,0
1141.742654853137,691.1445875104797,1.6519591927439135,2829.408582685145,0.40352696384684344,2,1434.272792520789,1,2,0,0,0,3,1,2,0
984.6735874037342,867.7315314415034,1.1347675539322202,2643.6194755841543,0.3724717556735934,4,3906.670394434665,1,2,0,0,0,8,1,11,0
1094.408464303877,917.690562226744,1.1925680718000775,4224.632364784591,0.2590541305857935,5,3432.522356616973,3,2,0,0,0,1,1,2,0
2383.1079186174306,1023.2125979317051,2.3290447395141363,2541.8466609410916,0.9375498354157643,3,4131.950697899062,4,1,0,0,1,6,1,10,0
825.1728619494288,2300.4734344594235,0.3586969749743413,4799.979420515808,0.17191174995928532,3,7899.305677832504,3,2,0,0,0,4,1,15,0
1020.7676485695816,987.5366912290073,1.0336503520686586,3388.3005742716628,0.30126242527612895,3,2182.59086756262,1,2,0,0,0,3,1,15,0
804.2771442955126,1655.8411193878171,0.48572120530070106,3057.314985652307,0.2630664972598211,4,10860.470592690677,1,3,0,0,0,2,1,6,0
1294.7089344625294,549.2418179635572,2.357265765492814,1354.7960035193362,0.9556486224489006,5,4817.669807670841,2,3,0,0,0,4,1,22,0
628.1683818543661,527.7704682162478,1.1902302604718336,2591.559706307661,0.2423900866823371,4,1398.916315469788,0,2,0,0,0,4,1,14,0
905.1869423770723,392.98760994888073,2.3033472798158137,1351.9396969120623,0.669546832927971,0,541.5967303785648,0,2,0,0,0,1,1,12,0
167.58013723882465,1085.3008006250152,0.15440893173792622,5068.744229176309,0.033061470388309,7,13097.94734515632,1,2,0,0,0,6,1,14,0
443.7362579104732,901.7768375128023,0.4920688128720911,3275.1710634471983,0.13548491034951618,2,1604.345389353576,0,5,0,0,0,6,1,12,0
2706.1039670200157,676.1328754425983,4.002325674888376,3122.761700454533,0.8665739581173065,3,1227.0506104230144,3,3,0,1,0,4,1,4,0
1389.124369611578,3682.8693322798354,0.377185353125645,18333.384083516903,0.07577021041415402,6,33413.967237787154,0,4,0,0,0,1,1,20,0
462.97823171576124,575.5355806376876,0.804430251215374,1773.4008869504746,0.2610680050532143,2,957.6680320946691,0,3,0,0,0,3,1,13,0
9446.776242453745,947.7138415662648,9.967962720520443,10236.002415159108,0.9228970314097864,4,2418.6280101781226,3,1,0,0,0,4,1,5,1
289.94908304935836,682.0061218258652,0.42514146687291804,1710.9649799314295,0.16946523537903077,2,860.1046252322968,0,3,0,0,0,7,1,6,0
1090.1589169382391,643.1727412346685,1.6949706463702308,3144.0985211373168,0.34673179278869903,3,2405.489271483598,2,1,0,0,0,2,1,4,0
1026.7446650708423,967.072566766153,1.0617038476277225,2747.6043336018633,0.3736872345534817,3,2067.224796609002,0,1,0,0,0,5,1,15,0
104.19468284422157,611.2895423386187,0.17045062221349733,2451.63667016051,0.04250005072627661,5,2923.283790523598,1,0,1,0,0,4,0,17,0
1108.217470665711,415.99248002713784,2.6640324618209803,1905.395075957543,0.5816208326815289,4,1734.8518610217443,0,4,0,0,0,1,1,19,0
1312.5871451047437,795.8212113424338,1.649349283981262,3569.025900531646,0.36777181832981914,3,3792.488674892581,0,2,0,0,0,4,1,5,0
819.6643353124367,1116.1754348859488,0.7343508105391966,4225.3137183097015,0.19398898873722825,4,2830.050532229674,0,1,0,0,0,2,1,11,0
1956.8572778703215,1980.251608944881,0.9881861825189858,6673.9041019295155,0.2932102781196043,3,6378.453065548785,1,1,0,1,0,5,1,10,0
4904.4725959259495,4937.859848472737,0.9932385175822448,18860.13398328628,0.2600444196352083,1,7194.222266749495,1,0,1,0,0,7,0,4,0
644.2398558919301,526.2484954466348,1.224212252322269,1835.109503996525,0.35106344034996073,0,648.6143500801517,0,2,0,0,0,4,1,6,0
1892.5108541706065,1533.1476279630112,1.2343957096193383,3462.968115098898,0.5464996474899853,0,1535.7118698111447,3,4,0,1,0,6,1,9,0
906.4727851079226,530.6657011710164,1.7081804667375624,1498.398759203308,0.6049609822086948,3,2537.0410780945326,2,3,0,0,0,7,1,9,0
205.5528828318159,511.70983242132843,0.4016981300890249,1271.4832696768563,0.16166385176586442,2,1380.8873524668259,1,1,0,0,0,5,1,3,0
3200.8692472091147,2154.341129856489,1.4857764180653878,8589.03976902094,0.3726690448860246,2,6498.070557858695,0,3,0,0,0,4,1,10,0
344.037476366591,1565.9028143035,0.21970550996143137,5489.763137837801,0.06266891079422666,2,3683.9714263944907,2,3,0,0,0,1,1,4,0
414.2973519544533,754.4964466517669,0.5491044441534257,2667.311499637861,0.1553239477319024,3,4067.3134280950153,1,2,0,0,0,4,1,2,1
2948.6955390339403,2328.508592770317,1.2663451396268042,10176.63122650091,0.28975163523222286,2,4241.494038835183,1,0,1,0,0,5,0,7,0
237.18689438023176,784.5001092884264,0.3023414421132075,3090.3152057452444,0.07675168343322214,3,2033.043140618631,0,3,0,0,0,5,1,7,0
653.9941534197038,589.3430927741251,1.1097002093318113,1784.588652376349,0.36646773056012016,2,1728.0572650314311,0,0,1,0,0,4,0,20,0
3296.2447974841784,2171.040314615525,1.5182789445657616,9342.376656744245,0.3528272214441948,7,25890.542410271995,1,3,0,0,0,2,1,8,0
149.89649473039162,605.4667067595236,0.24757182031137973,1330.310259701629,0.11267784611689864,1,684.7050676949507,1,3,0,0,0,1,1,10,0
1092.8513742190848,857.4318642667617,1.2745635189959303,2620.4820487448774,0.41704211434782534,2,1337.354030288334,2,2,0,0,0,1,1,10,0
876.1697855029685,670.9485280236898,1.3058673637510874,2557.7195954660847,0.3425589681746591,0,660.0295442989135,2,0,1,0,0,5,0,7,0
1792.079817812971,847.4919472795033,2.114568549666634,2680.459481760543,0.6685718735938219,4,5680.929443375465,0,1,0,0,0,6,1,7,0
670.2451697280173,2406.9109183865917,0.27846696136859866,4616.24346641048,0.14519276866676828,2,4039.1695580618994,1,1,0,0,0,1,1,0,0
957.6160115442598,655.7182121596154,1.460407830354964,3004.5563344165635,0.31872127028372504,2,907.2013489278628,2,4,0,0,0,6,1,12,0
563.8006852289828,909.845556418504,0.6196663612320266,3338.2983166379704,0.16888864677522034,4,2316.101240174918,0,1,0,0,0,3,1,2,0
3058.8185047452907,1233.3141445723472,2.4801616994394715,2446.8393010204536,1.2501100924239739,2,4182.975331606022,2,3,0,0,0,4,1,23,0
1916.1532430367079,631.6821672247357,3.033413546333328,1551.9141416229038,1.2347031267031974,0,942.2391575941978,1,3,0,0,0,5,1,6,0
685.1237554964732,1192.7693705037027,0.5743975092243924,4942.597773842474,0.13861612594136793,3,5188.837839543051,0,5,0,0,0,5,1,4,0
604.3309973284482,1156.8469198019238,0.5223949573483087,3848.746660613381,0.15702020699697988,3,4667.2962149496725,1,0,1,0,0,6,0,15,0
294.129987790936,373.99896316609005,0.7864459978738367,1160.287078141866,0.25349759842363195,3,1246.8618004143677,1,2,0,0,0,5,1,10,0
2571.238699776986,4965.996114759782,0.5177689712915459,18763.33201281276,0.13703529298640485,2,11559.14841070113,1,4,0,0,0,2,1,17,0
1870.5761626604108,578.8359213816366,3.231617274538681,1736.8390831716058,1.0770002706552357,5,1790.4376302126434,3,3,0,0,0,7,1,10,0
440.42829464476483,1246.1224323925048,0.35343902268026767,3913.9188079032965,0.11252872536737782,3,4429.64382356686,2,2,0,0,0,3,1,17,0
933.6279930950863,1218.3322918704473,0.7663163812737261,5776.3507505763155,0.1616293804530372,3,2590.283422031599,2,2,0,0,0,4,1,6,0
4157.189820502969,1117.342036705006,3.720606299537736,2864.903222200324,1.4510751317142692,3,2287.3958985091217,0,3,0,0,0,9,1,3,0
850.7027790117043,1192.6238107679394,0.7133035340489557,1987.925249133451,0.4279349937239999,3,4626.377577192391,0,4,0,1,0,3,1,6,0
816.3557930178389,1078.1907676904414,0.7571533883252674,4002.557877497423,0.2039585230253462,3,4983.609917342964,0,2,0,0,0,4,1,7,0
1307.7157063201348,1323.6512326792092,0.9879609326341809,5669.993745172442,0.2306379451359277,2,4392.530008173161,0,4,0,0,0,3,1,0,0
1568.0933243071343,463.0975228072358,3.3860974137835167,1542.0874494844247,1.016864072677204,2,618.8757022100382,3,2,0,0,0,1,1,9,1
692.6931120888413,520.5319255093643,1.3307408789787665,2365.887757454688,0.29278359039063917,1,501.429976221234,0,1,0,0,0,7,1,13,1
2965.0130806607294,1353.2613325608888,2.1910129324760863,6643.524318732535,0.4463012308542886,2,2739.021710777459,2,1,0,0,0,2,1,4,0
4475.955611394485,1249.7810117556899,3.5813919152977616,4524.445939277416,0.9892825931542293,3,5149.936049244605,2,3,0,0,0,6,1,5,0
1162.9888085197426,2242.8108073269404,0.5185407546282662,6093.3348613602375,0.1908624480651182,5,11989.206277824673,5,3,0,0,1,5,1,3,0
1877.8011755341822,1101.7318686138253,1.7044085126599724,3418.2457569577978,0.5493464510888196,3,2996.5109403037955,2,3,0,0,0,5,1,6,0
2525.248764951455,634.8184428174108,3.9779070591334067,2933.870376113703,0.8607226772903577,3,2469.4862672237946,1,3,0,0,0,1,1,5,0
7112.245359652339,1834.3724218920318,3.8772090524107075,8633.431395517671,0.8238028466114753,2,2245.7846436542036,0,0,1,0,0,4,0,0,1
1793.0401236843866,1450.713700999372,1.2359710413220693,2420.2178641162427,0.7408589740077496,6,13119.02288424078,1,2,0,0,0,2,1,17,0
629.0246061096674,2386.8004062380487,0.26354302792377327,7038.011094633407,0.08937533596520023,3,4729.031691952253,1,3,0,0,0,5,1,23,0
1032.477442087275,2843.97240709906,0.3630405975494094,10862.090408132472,0.0950532911523418,4,10876.162886843636,0,1,0,1,0,2,1,13,0
475.86495311572247,1333.3746367294345,0.3568876593325241,6035.249547558752,0.07884760180433782,6,6670.56375863842,0,3,0,0,0,5,1,10,0
1417.4182982103578,2557.16538167355,0.5542927760435741,8931.113168325832,0.15870566988639534,2,5076.166414048842,0,2,0,0,0,3,1,20,0
798.0342612141441,994.4080990506976,0.802521884099677,4668.632743804685,0.17093532625223998,1,1212.0035541011982,1,2,0,0,0,2,1,18,0
307.11200096894936,1063.8085526842626,0.288691043321683,5210.982104742116,0.05893553168978843,1,1330.75243926554,3,1,0,0,0,4,1,23,0
5227.587258391863,912.094180667665,5.731411699793107,2432.243051274622,2.1492865425814807,5,4263.190335053816,1,2,0,0,0,1,1,2,0
937.515767563044,1790.3275252972019,0.5236560094820709,5929.194048537656,0.15811858405853116,3,5562.329939884745,0,2,0,0,0,3,1,3,0
1966.9110543139473,1388.6541094815257,1.4164153916257247,6204.0387666111765,0.3170371959794072,2,1917.1185577963834,1,0,1,0,0,1,0,7,0
5213.427409888398,1336.161997532654,3.901792910975968,4819.483324830729,1.0817399000071248,3,3684.2818688870198,2,3,0,0,0,6,1,11,0
327.64291942049556,756.7658742030688,0.432951498725452,3638.458024684544,0.0900499379675824,6,3706.2077166865424,0,1,0,0,0,1,1,2,0
599.7386226852317,1729.7008238280619,0.346729685517481,2841.0443997604793,0.2110979408613938,0,1156.3944835299287,0,3,0,0,0,4,1,16,0
2980.297090854979,780.4170820940253,3.818851687431299,3678.1681026035567,0.8102666892101543,4,4873.954583622016,0,1,0,0,0,4,1,22,1
177.8429529555558,797.1196456122694,0.22310697513790947,2679.546932991581,0.06637053106474347,6,7868.777830296636,1,2,0,0,0,4,1,6,0
3525.8796966465475,3228.8601610975716,1.0919889746628146,13506.58489742589,0.2610489419363526,3,11142.991792005858,0,3,0,1,0,5,1,8,0
1401.1978357055496,982.9147826950334,1.4255537309792357,1805.19854170293,0.7762015109893301,3,3650.4685137338297,1,1,0,1,0,7,1,21,0
1084.12022422674,1146.0634252869165,0.9459513324538132,3367.038006203602,0.3219803941117688,4,7154.268952244953,0,2,0,1,0,3,1,22,0
787.6755023894068,690.8957822434903,1.1400786090076445,2231.5724548819494,0.35296882279857456,2,1063.1022133207275,2,1,0,1,0,5,1,7,0
1515.1999465899733,1182.5580533646325,1.2812901170296906,5739.078209153846,0.2640145144168318,2,3710.292176306494,1,3,0,0,0,5,1,4,0
430.4404648819556,601.6323825848841,0.7154542829503113,2022.3339377180291,0.21284341663556222,3,2197.9230181629664,1,3,0,0,0,4,1,20,0
2650.944847640905,1321.5714970282577,2.005903466896746,5984.747995213613,0.4429501208339994,3,6880.493642515247,0,1,0,1,0,7,1,9,0
691.3311918498373,940.8918084795522,0.7347616225578624,2571.7457645753784,0.2688178595927359,3,2368.1660622417417,2,2,0,0,0,2,1,22,0
1127.7156435654165,1382.6597838300258,0.815613252626468,2134.1377359308385,0.5284174608690592,3,3459.8285430370456,1,0,1,1,0,3,0,6,0
492.35605137092483,608.990119492156,0.8084795395063327,2077.38878890617,0.23700717650939593,4,2639.422607040707,0,1,0,0,0,2,1,18,0
7950.107437976287,1046.1808767000634,7.5991710563980766,9330.648441071744,0.8520423299822789,4,5327.742269268722,1,3,0,0,0,2,1,2,0
8006.214224158537,1527.4033988928154,5.241715600451121,5799.40637786555,1.3805230574487168,4,5592.333571999404,1,3,0,0,0,5,1,5,1
1046.021447025828,896.8355926122781,1.1663469376577766,3079.6997029867634,0.3396504685217758,3,4393.738730088036,2,2,0,0,0,3,1,0,0
163.38278920793124,1530.24671754615,0.10676891989673806,3055.1445459785264,0.053477924448121876,4,6680.925334365485,1,4,0,0,0,3,1,9,0
417.98017916353217,733.1104732227201,0.5701462391147004,3609.7784971607307,0.1157910878720936,4,4954.302268962593,2,2,0,0,0,4,1,12,0
41.81506389961528,324.9617163334113,0.12867689268576166,776.0970253731757,0.053878655029645395,3,1702.9911950328571,0,2,0,0,0,3,1,19,0
209.1301694173006,788.931896636567,0.2650801296143303,1822.7837258211803,0.114731202860112,4,5509.481726634122,1,2,0,0,0,4,1,8,0
469.54487372133724,598.0528999364834,0.7851226434504466,1573.0781845004076,0.2984879444313568,2,1016.2430080207587,1,2,0,0,0,3,1,14,1
141.3605244415941,605.3827989725751,0.23350601418062092,1179.6704901126748,0.1198305167641281,5,5218.983403770851,0,0,1,0,0,2,0,20,0
626.193047072555,961.2147100149816,0.6514601166089053,2363.179901662902,0.26497899996183993,2,2913.755984104813,1,3,0,0,0,7,1,6,0
677.9176922448372,867.8144291131892,0.7811781753128885,3897.839277805865,0.173921407202414,0,1273.869255425026,1,1,0,1,0,7,1,3,0
1328.4038828477244,452.94814326173565,2.9327946313715376,1512.3771641775668,0.8783548934171541,3,2165.5799788871573,1,2,0,0,0,3,1,6,0
593.9229208080548,1640.9387523865332,0.3619409438312494,8075.871243833771,0.07354289127151911,3,3367.0407374794654,0,3,0,0,0,3,1,9,0
860.5286207883464,1936.7823605888657,0.44430837367122056,7915.005554887947,0.10872116447940117,3,5883.137607480888,1,2,0,0,0,5,1,18,0
306.468609057229,494.87122201941906,0.6192896160068143,1631.3567678695474,0.1878611810079155,3,1806.3322106529085,0,0,1,0,0,2,0,1,0
553.0506105692174,836.4319489370079,0.6612021590902525,3128.240820231026,0.17679285015159849,6,8734.670146610904,2,1,0,0,0,3,1,8,0
4365.7952731355035,1958.5391209439551,2.2291080256958695,6335.011300489259,0.6891535099232308,5,11473.046366217159,3,1,0,1,0,3,1,0,1
518.9589640600284,1043.1522334213573,0.4974911114918803,2550.701488246718,0.20345734945908803,3,4486.587850509503,2,1,0,0,0,2,1,10,0
1403.697335584307,1155.2138283503434,1.2150974141201205,4303.9207622133545,0.326143861176114,5,6869.516905070663,2,2,0,0,0,5,1,12,0
2745.2209440150345,1118.8004701673212,2.453718082192507,4540.864462646742,0.6045591024786771,1,1850.3224638185977,1,3,0,0,0,5,1,12,0
1226.2814732078036,661.504950607178,1.8537752016553044,2077.58641119106,0.5902433066573575,3,1611.6536226628402,1,3,0,0,0,2,1,15,0
132.02006896523156,983.7524321642873,0.13420050070400652,2913.2383316041255,0.045317290910605636,4,6692.927901211133,1,4,0,0,0,2,1,21,0
677.7410161725516,1279.6857076310903,0.5296152110873866,2878.40708519417,0.2354569718990366,1,1934.7554294541985,1,1,0,0,0,6,1,19,0
2009.3256269703509,883.3551093225396,2.274652182078097,3170.934463212283,0.6336698693339831,2,1898.0825713792026,0,2,0,1,0,4,1,0,0
1151.263197862229,1189.7733024985228,0.9676324014369606,5040.847290796616,0.2283868428159212,5,7272.451764758521,1,3,0,0,0,3,1,8,0
3523.586592808667,566.8904329551082,6.21563954508948,2679.794701999191,1.3148718408092928,3,2055.0343897726007,1,1,0,0,0,4,1,12,0
8502.236741833438,1607.5722372115,5.288867613552126,6961.854978655118,1.2212602485833293,3,3438.223601395841,2,2,0,0,0,2,1,3,1
786.2275011397201,934.9411867256435,0.8409379245482281,3913.467858229445,0.20090301738045446,1,1283.8432279181518,0,1,0,0,0,5,1,6,0
984.2506021296635,907.9730099997239,1.0840086558629787,3825.8255418002855,0.257264893910064,4,5831.709072683135,2,2,0,0,0,3,1,11,0
2848.6214900733503,2179.5932124403603,1.306950982327532,9954.191630020616,0.28617306115368113,2,3555.9207989777074,0,3,0,0,0,4,1,0,0
1387.3590571307927,836.0921514640387,1.6593374961138654,3275.7308170391316,0.4235265760893013,4,4147.784928177444,1,2,0,1,0,4,1,3,0
436.3828925341054,1032.2275009215227,0.4227584443783215,2881.2899160032425,0.15145400333036613,1,1180.1686292457348,3,2,0,0,0,5,1,6,0
1154.0734134940385,1185.591978327351,0.9734153356218054,3674.8984746580154,0.31404225761677296,1,1608.8713772730075,1,1,0,0,0,5,1,21,0
585.759149860061,2789.664599188654,0.20997475826679066,10027.293895717685,0.058416473671946405,6,26128.07819830933,1,1,0,0,0,5,1,15,0
3641.480341107712,1149.6572682420021,3.1674486316048607,5662.527345537255,0.6430839303544611,3,6160.64664568858,0,1,0,1,0,3,1,23,0
2361.15373086995,2806.4230542835694,0.8413392012533588,7314.217997532585,0.32281697533030507,2,8876.571464454148,3,4,0,0,0,2,1,18,0
115.7628090262028,1028.053163778564,0.11260391301235989,3251.6909207095873,0.035600803350935004,3,3841.252557987627,0,1,0,0,0,4,1,0,0
1281.1627810223022,1584.5553561279767,0.8085314129718728,4508.284755903202,0.2841796493322061,1,2284.2205496362967,1,3,0,0,0,4,1,23,0
3559.8125345133562,1788.1531030043536,1.990776141333961,7818.122614197078,0.45532830708602917,3,6101.937622674263,0,1,0,0,0,1,1,12,0
1101.5751163807715,1949.7492575561591,0.564982964918012,9577.63349091542,0.11501537591991152,2,4739.22413649056,0,2,0,1,0,5,1,15,0
2013.2489205242057,1202.0797396268908,1.6748048021748463,2375.746208043121,0.8474175034809376,4,7878.006069752565,3,1,0,0,0,6,1,5,0
6233.851675814346,1407.6469146162722,4.42856202864886,6550.109369535956,0.9517171888468764,3,6002.813550223006,2,2,0,0,0,3,1,1,0
502.6816404316931,492.73045680120975,1.0201959986299327,1591.7207870774644,0.3158101876364005,0,391.6468834686475,2,5,0,0,0,3,1,8,0
382.9448315872273,613.9778363459343,0.6237111649930377,2865.8194458329945,0.1336248981575036,2,2071.32624542423,1,1,0,0,0,8,1,6,0
580.0889776551736,1352.1908536219742,0.4289993354868132,6077.972442590567,0.09544119904037057,6,12530.15249818752,0,1,0,1,0,7,1,8,0
788.4867066298435,1485.6361233054756,0.530740128259331,4132.044214570136,0.1908224272745037,1,1103.9589269484334,1,3,0,0,0,5,1,22,0
1360.9180722453855,1754.144433532853,0.77583011195064,7685.249877147262,0.17708182479429718,1,2764.4053788003826,2,1,0,1,0,4,1,20,1
3595.459813774475,3388.4720295624847,1.0610858765857119,10432.902339539303,0.3446269980068886,5,23836.74975262448,1,2,0,0,0,3,1,13,0
294.4377100681271,836.420210165729,0.35202127649424797,2619.2847865066656,0.11241149171137593,3,4102.6650307915315,1,2,0,0,0,4,1,7,0
565.8326303387972,667.7384970756351,0.8473865634778656,2818.389577904415,0.20076451984310711,2,1206.6162267213049,1,2,0,0,0,5,1,9,0
617.5324591922097,1295.7783542510672,0.4765725999097512,5487.788179314861,0.11252847941906302,2,3862.916664027866,3,3,0,0,0,1,1,14,0
3122.4217244846477,663.9448217220337,4.70283316072292,2307.819298884672,1.352974960385182,4,2938.479534537421,2,1,0,0,0,2,1,11,0
1959.0467407377039,977.9729336620186,2.0031707149624842,2771.827485195112,0.706770804172109,1,1299.6530494115846,0,1,0,0,0,5,1,17,0
755.599040396481,1492.8100331830146,0.5061588705867484,5838.660915677344,0.1294130711320515,1,2134.2675612325843,0,2,0,0,0,5,1,20,0
3987.1194553927585,1276.6378696849672,3.1231405162504307,5353.4341568352565,0.7447779011724671,5,4294.628702344094,2,0,1,0,0,1,0,12,0
1678.3652856000595,827.5423442825524,2.0281322124430234,1253.0141467848985,1.3394623595484272,5,4209.930407814372,3,2,0,0,0,1,1,9,1
506.98760371085825,1587.2479111976663,0.3194129915901468,3585.3488680621094,0.1414053757019429,1,1917.8904593509415,0,4,0,0,0,4,1,15,0
341.7747477888874,773.0926928923558,0.44208767063909576,1391.716547291405,0.2455778430270577,3,1404.270052251425,0,1,0,0,0,4,1,13,0
4767.4687777612235,1788.8283784020857,2.6651348085275126,7458.692828327308,0.6391828819729501,0,3212.7714170993872,1,1,0,0,0,4,1,4,0
1535.6292662209441,1989.831557765395,0.7717383213810692,5222.254213397568,0.29405486662853836,4,10091.232638169768,3,2,0,0,0,6,1,14,0
498.6887894141061,847.7196334582973,0.5882708972773114,4014.0338680751365,0.1242363183281371,1,1423.4099469068842,0,1,0,0,0,1,1,21,0
1905.76079455253,1268.7796742810906,1.5020423428775074,2162.5604820241742,0.8812520206457867,8,16837.508978096288,1,1,0,1,0,3,1,16,0
1269.1182619086549,731.3461240603195,1.7353182305290802,3471.524838225574,0.3655794848229715,6,6249.513491039364,1,3,0,0,0,4,1,4,0
5301.440833236265,1776.4472464345654,2.98429398558081,6573.49261571608,0.8064876836647599,0,1117.849270104446,1,2,0,0,0,5,1,23,0
1439.9842829494607,1533.8531526979575,0.9388019188255493,5771.185062054353,0.24951275474033638,3,4316.325700751617,1,0,1,0,0,1,0,4,0
93.3183472572299,701.4854123365362,0.13302963342659022,1925.3618934046967,0.04846795170138702,2,1662.854133101237,2,4,0,0,0,3,1,22,0
253.36283878948447,1435.6481028139842,0.17647976429103565,3223.843667181107,0.07859029932770348,2,4415.276457297283,1,3,0,0,0,2,1,3,0
494.1162619167849,428.5803520402078,1.1529139391589018,887.1617335876831,0.5569630014569926,4,1338.5981938681607,0,4,0,0,0,5,1,16,0
326.18562720241295,598.9872326896304,0.544561902826781,2712.0105451253526,0.12027446861838667,5,5143.359217202823,1,3,0,1,0,1,1,17,0
612.9710850263502,728.6982662170961,0.8411864189117364,2803.7724766424008,0.21862369009357027,3,3806.2894983005617,0,1,0,0,0,2,1,7,0
9048.943257977207,2181.5647635132436,4.147914107030485,7116.341647115606,1.2715723480820968,5,15404.183756787135,1,3,0,0,0,2,1,15,1
6603.603132362644,4018.0353013591107,1.6434905711577392,7432.430890862743,0.8884849693632483,5,34884.82828404309,0,2,0,0,0,3,1,11,0
1539.7971472621448,1171.579801585779,1.3142913057889605,3689.705033518384,0.41732255919488603,5,9946.46767283892,1,6,0,0,0,6,1,21,0
1114.431431040039,1248.1799127897173,0.8928451897204893,4992.273396587661,0.22323125007572292,2,1762.8775658414934,2,1,0,0,0,4,1,11,0
2658.00232791243,1458.9267896172255,1.8218887656520464,6981.167283371046,0.38073895381990347,4,8485.866960761003,3,4,0,0,0,5,1,3,0
973.0564672556044,784.5737137002207,1.2402358762014316,1463.5664241669574,0.664852958627727,3,3136.929328887449,1,0,1,0,0,3,0,4,0
460.7138907597812,1785.2596361877788,0.2580654832613501,5467.781126435165,0.08425975365626116,3,5266.904759517242,0,1,0,0,0,5,1,6,0
1861.193715109316,1282.4387580466653,1.4512924718090834,4823.729310420254,0.38584124343145715,1,989.5042048049801,3,1,0,0,0,5,1,16,0
1302.4696116902649,2923.8073512523792,0.44547039364011687,8522.22012648087,0.15283219540916754,0,3615.3118944080124,0,1,0,0,0,3,1,2,0
17804.90068578273,4288.785473271252,4.151501817180453,9172.21994384961,1.941176813768157,3,22499.477377677053,0,0,1,0,0,5,0,12,0
619.5705524343299,767.9774240153785,0.8067562054036672,1741.5722516533124,0.35575357372980543,6,7186.678543660335,0,0,1,0,0,7,0,20,1
3023.380469822378,1216.9952973413772,2.484299221555903,3795.6359469294193,0.7965412152522747,2,2288.7125057448325,1,1,0,0,0,5,1,0,1
913.116611566478,1435.0800762202784,0.63628269021158,2794.643764905703,0.3267381063136283,4,5142.437116432166,0,6,0,0,0,3,1,6,0
1126.0304735560226,627.3746372202419,1.7948294475932502,1506.094034400403,0.7476495144636245,5,4950.515831569622,1,1,0,0,0,3,1,2,0
1732.102069153551,610.5376379123929,2.83701112199424,1645.4520345711107,1.052660322368513,1,835.6583309498288,1,2,0,0,0,3,1,3,0
2826.3315668558166,1831.8332521518996,1.5428978393833912,3486.8160457285167,0.8105766205585124,3,9790.293952411072,2,2,0,0,0,1,1,12,1
916.3878174485258,1128.712576699931,0.8118876641986315,2897.6771730040896,0.3162491066934434,4,5242.748852197709,3,1,0,0,0,9,1,10,0
3025.2260698275177,1311.4869516436324,2.3067145777059594,5054.835260691523,0.5984816346742137,4,4146.894714028481,0,0,1,0,0,1,0,13,0
237.6769215784716,1164.5482504882855,0.2040936659162174,4779.931956087343,0.049723913177421926,2,1760.143187062762,2,2,0,0,0,2,1,20,0
4137.138150918467,2045.6214189635248,2.0224358781962066,6529.211785247543,0.6336351594944649,4,6985.890147068826,4,2,0,1,1,2,1,15,0
2866.607862717863,1011.3766987319733,2.834362178120091,3523.0141627180346,0.8136804822000067,5,5225.258796831239,1,3,0,0,0,6,1,11,1
3604.819951198563,1398.819712849917,2.5770440022282797,2871.206511824073,1.2555070268729736,2,4969.222043867302,0,4,0,0,0,4,1,12,0
2029.9271082008252,2537.754942067307,0.7998909093039555,7451.8888352472095,0.27240437331798767,2,5682.679232155193,2,2,0,0,0,5,1,13,0
1279.4799299611652,703.2361369482962,1.8194172095784036,3036.6584247119667,0.42134469901155464,4,4445.923805725734,0,1,0,0,0,4,1,11,0
7647.637633899171,1741.0189433026717,4.39262172494906,4084.452258420424,1.8723777755347626,2,5606.321294899584,1,0,1,0,0,3,0,0,1
7561.129550481678,2151.2034030600935,3.514837109185467,9137.334461022414,0.8274983894630943,3,9800.24500687372,2,2,0,0,0,4,1,2,0
2653.5009076770384,1724.807417812105,1.538433149274699,3608.9199864259253,0.7352617729563239,2,5138.2855636199865,0,3,0,0,0,5,1,2,0
3986.028132923982,1918.0683035046104,2.0781471262732856,5746.747796091305,0.6936145928720084,4,12398.213825926447,0,5,0,0,0,4,1,20,0
6139.479129590368,714.1276951048095,8.59717270689145,2547.594706472471,2.4099120295674514,1,1041.5202666843393,0,3,0,0,0,8,1,23,1
1821.6345872845573,526.0675546882755,3.4627389031128857,1501.023599356133,1.2135949015498164,2,759.6252869461815,0,0,1,0,0,5,0,15,1
704.3366734452729,1694.2222440799394,0.41572861878446676,6935.533786747966,0.1015547894512576,0,1792.2029117911281,2,4,0,0,0,4,1,22,0
1668.2345683979709,2002.4359575037618,0.8331025829548094,5937.120117357519,0.2809837994553604,3,5150.002266430444,1,1,0,0,0,1,1,13,0
851.4619148797321,1302.5108500008075,0.6537081168108536,2206.2208095393435,0.3859368523758583,4,8604.936333556747,0,2,0,0,0,3,1,18,0
313.806804488072,1246.348090534734,0.25178102880828107,3853.0015140168075,0.08144476542417031,3,5874.323541743407,1,2,0,0,0,4,1,16,0
1809.226613221959,1589.315594944663,1.1383683762852355,6656.535573789783,0.271797032129719,7,9444.559542151064,2,5,0,0,0,3,1,14,0
2245.2307719601145,2724.708676354334,0.8240259927399791,12817.199771980662,0.17517326810091183,6,16525.159478668986,3,1,0,0,0,6,1,17,0
2570.9751278793806,1633.6773691321462,1.573734922486655,3019.960230296014,0.8513274784507264,1,1950.2612315776992,1,5,0,1,0,3,1,18,0
3404.879091982129,834.3907308630903,4.080677033001237,2716.230142013819,1.253531149410537,6,6276.432315585477,1,1,0,0,0,5,1,5,0
494.76258055029183,801.8427155373371,0.6170319577184631,2853.9381576104547,0.17336135305908193,4,3490.472359441502,0,1,0,0,0,3,1,5,0
692.3293233813448,607.2465147604737,1.140112469240654,1138.8615400258493,0.6079135163047394,5,3579.321563641209,1,0,1,0,0,4,0,13,1
1066.2179646304878,1138.493738721111,0.936516318331437,4217.460981310621,0.2528103921661296,1,1516.397518301864,2,0,1,0,0,6,0,2,1
602.6498090469682,768.1658277578902,0.7845308750663547,3364.25244500819,0.17913334950270093,6,5496.169772883617,2,3,0,0,0,2,1,0,0
856.3373687557557,577.1951143771214,1.4836185328420008,1745.6351944851774,0.4905591795245092,3,1229.3893061254307,1,3,0,0,0,8,1,20,0
1490.206012006616,3332.325233217321,0.44719704942120536,16326.789536243881,0.091273670717596,3,11164.066326753615,0,1,0,0,0,6,1,1,0
